program_name,program_level,domain,eligibility,description,mode,duration,skills_learned,career_outcomes,min_degree_level,min_marks_general,min_marks_reserved,required_subjects
M.Sc. (GENETICS),PG,Science,Requires a Bachelor's degree in relevant subjects or specific B.Sc./B.E./B.Tech. qualifications with minimum aggregate marks.,"This program focuses on the study of genetics, exploring the principles of heredity, variation, and evolution. It involves in-depth study of molecular mechanisms and biological systems related to genetic processes.",Regular,2 year,"['Genetic analysis', 'Molecular biology', 'Biological systems', 'Data interpretation']","['Research scientist', 'Biotechnology specialist', 'Genetic counselor', 'Microbiology analyst']",UG,,,"['GENETICS', 'B.Sc.', 'B.E.', 'B.Tech.', 'Science']"
M.Sc. (BIOINFORMATICS),PG,Science,Bachelor's degree in Biological Sciences or related fields is required.,"This program focuses on the intersection of biology and information technology. It involves studying computational methods and data analysis applied to biological systems. The curriculum covers bioinformatics principles, algorithms, and data interpretation in life sciences.",Regular,2 year,"['Data analysis', 'Bioinformatics tools', 'Computational modeling', 'Biological data interpretation']","['Bioinformatics analyst', 'Computational biologist', 'Biomedical informatics specialist', 'Data scientist in life sciences']",UG,,,"['Biological Sciences', 'BIOINFORMATICS', 'Science']"
M.Sc. (BIO-TECHNOLOGY),PG,Science,Bachelor's degree in Biological Sciences or related fields is required with minimum marks specified for reserved categories.,"This program focuses on the study of biological systems and their applications in various technological fields. It involves in-depth exploration of molecular and cellular processes relevant to biotechnology. The curriculum covers principles of biology, biochemistry, and applied biotechnological techniques.",Regular,2 year,"['Biological systems', 'Molecular techniques', 'Bioprocess analysis', 'Data interpretation']","['Biotechnology research', 'Bioprocess development', 'Quality control analysis', 'R&D specialist']",UG,,,"['Biotechnology', 'Biological Sciences', 'Science']"
M.SC (MEDICAL BIOTECHNOLOGY),PG,Science,Requires a Bachelor's degree in Biological Sciences or related fields with at least 50% marks.,"This program focuses on the intersection of medical and biological sciences. It involves in-depth study of molecular mechanisms, biological systems, and biotechnological applications in the medical field. The curriculum covers advanced concepts in molecular biology, genetics, and biomedical processes.",Regular,2 year,"['Molecular biology', 'Biotechnology applications', 'Biological systems', 'Biomedical processes']","['Biotechnology research', 'Medical diagnostics', 'Pharmaceutical development', 'Biomedical analysis']",UG,50.0,,"['Biological Sciences', 'Biotechnology', 'Medical']"
M.Sc. (MICROBIOLOGY),PG,Science,"Requires a Bachelor's degree in relevant subjects like Biochemistry, Biotechnology, Botany, Genetics, or Microbiology.","This program focuses on the study of microorganisms, their biological processes, and their applications. It involves in-depth study of microbial physiology, genetics, and various microbiological techniques.",Regular,2 year,"['Microbial analysis', 'Biological processes', 'Laboratory techniques', 'Microbiology principles']","['Microbiologist', 'Research assistant', 'Quality control analyst', 'Biotechnology specialist']",UG,,,"['Biochemistry', 'Biotechnology', 'Botany', 'Genetics', 'Microbiology', 'Microbiology']"
M.Sc. (MICROBIAL BIO-TECHNOLOGY),PG,Science,"Requires a Bachelor's degree in relevant subjects like Biochemistry, Biotechnology, or Microbiology.","This program focuses on the principles and applications of microbial biotechnology. It involves studying the biological processes and technological applications of microorganisms in various fields. The curriculum covers molecular biology, fermentation technology, and industrial applications of microorganisms.",Regular,2 year,"['Microbial techniques', 'Bioprocess analysis', 'Molecular biology', 'Fermentation technology']","['Biotechnology research', 'Microbial process development', 'Industrial microbiology', 'Quality control specialist']",UG,,,"['Biochemistry', 'Biotechnology', 'Microbiology', 'Microbiology']"
M.Sc. (AGRI.BIO-TECHNOLOGY),PG,Science,Bachelor's degree in Biological Sciences or related fields is required with minimum marks specified for reserved categories.,This program focuses on the integration of agricultural and biotechnology principles. It involves studying the biological and technological aspects of agricultural systems and related life sciences. The curriculum covers advanced concepts in biological and biotechnological applications.,Regular,2 year,"['Biological analysis', 'Biotechnology application', 'Agricultural systems', 'Laboratory techniques']","['Agri-biotechnology research', 'Bioprocess development', 'Food science consulting', 'Agricultural extension officer']",UG,,,"['Biological Sciences', 'Biotechnology', 'AGRI.BIO-TECHNOLOGY']"
M.Sc. (BIOCHEMISTRY),PG,Science,"Requires a Bachelor's degree in Biochemistry/Biotechnology, Pharmacy, or a Bachelor's degree with specific science subjects and minimum aggregate marks.","This program focuses on the study of biochemical principles and their application across various biological systems. It involves in-depth exploration of molecular mechanisms, metabolic pathways, and the chemical basis of living organisms. The curriculum emphasizes theoretical knowledge and practical application in biochemistry.",Regular,2 year,"['Biochemical analysis', 'Molecular mechanisms', 'Metabolic pathways', 'Laboratory techniques']","['Research scientist', 'Bioprocess analyst', 'Pharmaceutical development', 'Biotechnology specialist']",UG,,,"['Biochemistry', 'Biotechnology', 'Pharmacy', 'Science']"
M.SC.(BOTANY),PG,Science,Requires a Bachelor's degree in Botany or equivalent with specified subject combinations and minimum marks.,"This program focuses on advanced study in the field of Botany, encompassing theoretical knowledge and practical applications in plant sciences. It involves in-depth exploration of plant biology, ecology, and related biological processes.",Regular,2 year,"['Biological analysis', 'Plant physiology', 'Ecology principles', 'Biological research']","['Botanical researcher', 'Horticultural specialist', 'Environmental consultant', 'Agricultural scientist']",UG,,,"['Botany', 'Science']"
M.Sc. (ENV. BIOTECHNOLOGY),PG,Science,Requires a Bachelor's degree in any discipline of Science or a B.Tech. in Biotechnology/Environment Engineering with 50% aggregate marks.,This program focuses on the intersection of environmental science and biotechnology. It involves studying the biological and chemical processes related to environmental systems and applying biotechnological principles to solve environmental challenges.,Regular,2 year,"['Environmental analysis', 'Biotechnology principles', 'Scientific research', 'Data interpretation']","['Environmental consultant', 'Bioprocess development', 'Research analyst', 'Environmental scientist']",UG,50.0,,"['Biotechnology', 'Environment Engineering', 'Science']"
M.Sc. (ENVIRONMENTAL SCIENCES),PG,Science,Requires a Bachelor's degree in any discipline of Science or a B.Tech. in Biotechnology/Environment Engineering with 50% aggregate marks.,"This program focuses on the study of environmental systems, processes, and the management of environmental issues. It involves in-depth exploration of ecological principles, pollution control, and sustainable resource management. The curriculum develops analytical and problem-solving skills related to environmental challenges.",Regular,2 year,"['Environmental analysis', 'Systems thinking', 'Pollution control', 'Resource management']","['Environmental consultant', 'Pollution control officer', 'Environmental analyst', 'Sustainability manager']",UG,50.0,,"['Science', 'Biotechnology', 'Environment Engineering', 'Environment Sciences']"
M.Sc. (ZOOLOGY),PG,Science,Requires a Bachelor's degree in Zoology or a related subject with at least 50% marks.,"This program focuses on advanced study in the biological sciences, delving into the principles and methodologies of zoology. It covers the study of animal life, its diversity, structure, function, and evolutionary relationships.",Regular,2 year,"['Biological study', 'Data interpretation', 'Research skills']","['Zoologist', 'Research assistant', 'Wildlife conservationist']",UG,50.0,,"['Zoology', 'Science']"
M.Sc. (FOOD TECHNOLOGY),PG,Science,Possess a B.Sc.(Pass) degree in Medical or Non-Medical Sciences or a related degree in applied sciences.,"This program focuses on the scientific principles and technologies related to food processing and food science. It covers the study of food composition, quality, safety, and processing techniques. The curriculum emphasizes the application of scientific knowledge to develop and improve food products.",Regular,2 year,"['Food science', 'Quality control', 'Processing techniques', 'Analytical methods']","['Food technologist', 'Quality assurance officer', 'Food product developer', 'Research analyst']",UG,,,"['Food Technology', 'Applied Sciences']"
M.SC. (FORENSIC SCIENCE),PG,Science,"Requires a Bachelor's degree in Forensic Science or a B.Sc. with specific subjects, or a BDS degree with minimum marks.","This program focuses on the scientific principles and methodologies applied to forensic investigations. It involves the study of evidence analysis, legal procedures, and the application of scientific knowledge to criminal and legal matters.",Regular,2 year,"['Evidence analysis', 'Scientific investigation', 'Legal procedures']","['Forensic analyst', 'Crime scene investigator', 'Forensic examiner']",UG,,,"['Forensic Science', 'Science']"
M.A. (Yoga Science),PG,Humanities,Requires a Bachelor's Degree of three years duration with at least 45% marks in aggregate or recognized examination.,"This program focuses on the study of Yoga Science, encompassing the theoretical and practical aspects of Yoga. It involves in-depth exploration of the philosophical, physiological, and psychological principles related to Yoga.",Regular,2 year,"['Yoga theory', 'Physiological understanding', 'Psychological principles']","['Yoga instructor', 'Wellness consultant', 'Yoga therapist']",UG,45.0,,[]
LLB (Hons.) 3-Year,UG,Humanities,"Requires a Bachelor's or Master's degree with at least 45% marks in aggregate or equivalent examination recognized by M.D. University, Rohtak.","This program focuses on the study of law, legal principles, and legal systems. It involves in-depth analysis of legal frameworks, jurisprudence, and legal reasoning. The curriculum aims to develop comprehensive legal knowledge and analytical skills.",Regular,3 year,"['Legal analysis', 'Legal reasoning', 'Statutory interpretation', 'Contract law', 'Legal research']","['Advocate', 'Legal counsel', 'Litigation specialist', 'Paralegal', 'Legal researcher']",PreUG,45.0,,[]
LL.M.,PG,Humanities,Possession of an LLB (Professional) Examination or an equivalent qualification with at least 50% aggregate marks.,"This program focuses on advanced legal studies and specialized legal theory. It involves in-depth analysis of legal principles, jurisprudence, and complex legal systems. The curriculum aims to develop advanced legal reasoning and analytical skills.",Regular,2 year,"['Legal analysis', 'Jurisprudence study', 'Legal reasoning', 'Research skills']","['Legal counsel', 'Advocacy', 'Judicial service', 'Policy analysis']",UG,50.0,,[]
Certificate Course in Pedagogy of Online Teaching,PG,Humanities,"Requires a Bachelor in Education (B.Ed.) with at least 45% marks in aggregate or equivalent examination recognized by MDU, Rohtak.",This course focuses on the pedagogical principles and practices related to teaching through online modalities. It covers the theoretical foundations and practical skills necessary for effective online instruction. The program aims to equip participants with the knowledge to design and implement effective online teaching strategies.,Regular,6 Months,"['Online pedagogy', 'Instructional design', 'Curriculum development']","['Online educator', 'Instructional designer', 'Teacher trainer']",UG,45.0,,"['Education', 'Teaching']"
Certificate course in Communication Skills in English Language,PreUG,Humanities,Candidates must have passed the Senior Secondary Examination (10+2) with at least 50% marks.,This program focuses on developing proficiency in English language communication skills. It covers the essential aspects of effective communication and language usage.,Regular,6 Months,"['English communication', 'Language proficiency', 'Written skills']","['Communication assistant', 'Content writer', 'Language trainer']",PreUG,50.0,,[]
Certificate course in Spanish Language,PreUG,Humanities,Candidates must have passed the Senior Secondary Examination (10+2) with at least 50% marks.,"This program focuses on developing proficiency in the Spanish language. It covers linguistic structures, vocabulary, and communication skills necessary for effective language use.",Regular,6 Months,"['Language acquisition', 'Communication skills', 'Grammar understanding']","['Language tutor', 'Translator', 'Interpreter', 'Cultural liaison']",PreUG,50.0,,[]
Certificate course in FrenchLanguage,PreUG,Humanities,Candidates must have passed the Senior Secondary Examination (10+2) with at least 50% marks.,"This program focuses on developing proficiency in the French language. It covers the foundational aspects of French grammar, vocabulary, and communication skills. The course aims to equip students with basic linguistic competence.",Regular,6 Months,"['Language acquisition', 'Grammar study', 'Communication skills']","['Language tutor', 'Translator assistant', 'Cultural liaison']",PreUG,50.0,,[]
Certificate course in German Language,PreUG,Humanities,Candidates must have passed the Senior Secondary Examination (10+2) with at least 50% marks.,"This program focuses on developing proficiency in the German language. It covers linguistic structures, vocabulary, and communication skills necessary for language acquisition.",Regular,6 Months,"['Language acquisition', 'Communication skills', 'Grammar understanding']","['Language translation', 'Cultural exchange', 'Bilingual communication']",PreUG,50.0,,[]
PG Diploma in Translation (English-HindiEnglish),PG,Humanities,Requires a Bachelor's Degree in English and Hindi or English/Hindi Honours with at least 45% aggregate marks.,This program focuses on the study and practice of translation between English and Hindi. It involves developing proficiency in linguistic skills and cultural understanding necessary for accurate cross-lingual communication.,Regular,1 year,"['Translation skills', 'Bilingual proficiency', 'Linguistic analysis']","['Translator', 'Interpreter', 'Content writer', 'Linguist']",UG,45.0,,"['English', 'Hindi', 'Translation', 'English-Hindi']"
"PG Diploma in Bhartiya Sanskriti Dharm, Darshan & Adhyatam",PG,Humanities,Requires a Bachelor's Degree with at least 50% marks in aggregate or equivalent examination recognized by the University.,"This program focuses on the study of Indian culture, philosophy, and spiritual traditions. It involves in-depth exploration of various aspects of Indian thought and heritage.",Regular,1 year,"['Cultural studies', 'Philosophical analysis', 'Historical understanding']","['Cultural researcher', 'Heritage educator', 'Religious studies instructor']",UG,50.0,,[]
Certificate Course in कायाŊलय जनसंचार कायŊिविध,UG,Humanities,Candidates must have passed the Senior Secondary Examination (10+2) with at least 50% marks.,This program focuses on the principles and practices of mass communication and public relations. It covers the theoretical foundations and practical skills required for effective communication strategies. The course aims to develop competencies in understanding and managing communication processes.,Regular,6 Months,"['Communication skills', 'Public relations', 'Media literacy']","['Media assistant', 'Public relations officer', 'Communication specialist']",PreUG,50.0,,[]
Certificate Course in Harmoniu m,PreUG,Humanities,Candidates must have passed the Senior Secondary Examination (10+2) with at least 50% marks.,This course focuses on the study of specific humanistic subjects. It provides foundational knowledge in the relevant areas of the discipline.,Regular,6 Months,"['Course completion', 'Foundational knowledge', 'Study skills']","['Certificate holder', 'Entry-level position', 'Further study eligibility']",PreUG,50.0,,[]
Certificate Course in Tabla,UG,Humanities,Candidates must have passed the Senior Secondary Examination (10+2) with at least 50% marks.,"This course focuses on the study and practice of the Tabla, an Indian percussion instrument. It involves learning the fundamental techniques, rhythmic structures, and musical theory associated with this art form.",Regular,6 Months,"['Rhythmic practice', 'Musical theory', 'Instrumental technique']","['Music instructor', 'Cultural performer', 'Rhythmic artist']",PreUG,50.0,,[]
संˋृ त-Ůयोग-कु शाल,PreUG,Management,"Requires a Bachelor's Degree with at least 45% marks in aggregate or equivalent examination recognized by MDU, Rohtak.",This program focuses on developing skills related to the application of knowledge within a specific domain. It aims to provide foundational competencies necessary for practical application and understanding of core concepts.,Regular,6 Months,"['Application skills', 'Foundational knowledge', 'Basic competency']","['Entry-level application specialist', 'Trainee role', 'Skill development assistant']",UG,45.0,45.0,[]
Certificate Course in Tattoo Designing,PreUG,Arts,"Requires a Bachelor's Degree with at least 45% marks in aggregate or equivalent examination recognized by MDU, Rohtak.","This course focuses on the theoretical and practical aspects of tattoo design. It covers the principles of artistic composition, design theory, and the technical skills required for professional tattoo artistry.",Regular,6 Months,"['Artistic design', 'Design principles', 'Aesthetic composition']","['Tattoo artist', 'Design specialist', 'Artistic practitioner']",UG,45.0,,[]
Certificate Course in Clay Modeling,UG,Arts,"Requires a Bachelor's Degree with at least 45% marks in aggregate or equivalent examination recognized by MDU, Rohtak.",This course focuses on the practical and theoretical aspects of clay modeling. It involves developing skills in artistic techniques and material manipulation through hands-on practice.,Regular,6 Months,"['Clay modeling', 'Artistic technique', 'Material handling']","['Artisan', 'Sculptor', 'Craftsperson']",PreUG,45.0,,[]
PG Diploma in CyberLaw,PG,Law,"Requires a Bachelor's or Master's degree with at least 45% marks in aggregate or equivalent examination recognized by MDU, Rohtak.",This program focuses on the legal aspects of cyber activities and law. It covers the intersection of technology and legal frameworks relevant to digital environments. The curriculum aims to equip students with knowledge of cyber law principles and regulations.,Regular,1 year,"['Legal analysis', 'Cyber law principles', 'Regulatory compliance']","['Cyber law consultant', 'Legal compliance officer', 'Data privacy lawyer']",UG,45.0,,"['Law', 'CyberLaw']"
PG Diploma in Criminology & Forensic Law,PG,Humanities,"Requires a Bachelor's or Master's degree with at least 45% marks in aggregate or equivalent examination recognized by MDU, Rohtak.","This program focuses on the study of criminal behavior, legal frameworks, and forensic principles. It provides an in-depth understanding of the legal and social aspects related to crime and justice systems.",Regular,1 year,"['Legal analysis', 'Forensic investigation', 'Criminological theory']","['Forensic analyst', 'Legal researcher', 'Law enforcement officer', 'Criminology consultant']",UG,45.0,,"['Criminology', 'Forensic Law', 'Law']"
PG Diploma in Computational Biology,PG,Science,"Requires a Bachelor's Degree in Biological Sciences, Computer Science, or allied biological sciences, or equivalent examination recognized by State Universities of Haryana.","This program focuses on the intersection of biology and computation. It involves studying the mathematical and computational methods applied to biological systems and data. The curriculum covers bioinformatics, computational modeling, and biological data analysis.",Regular,1 year,"['Data analysis', 'Computational modeling', 'Bioinformatics', 'Statistical methods']","['Bioinformatics analyst', 'Computational biologist', 'Biomedical data scientist', 'Research assistant']",UG,,,"['Biological Sciences', 'Computer Science', 'Biology', 'Science']"
PG Diploma in Biotechnology,PG,Science,Requires a Bachelor's degree in Biological Sciences or related fields with specified minimum marks.,"This program focuses on advanced knowledge in the field of biotechnology. It covers core concepts in molecular biology, genetics, and various biotechnological applications. The curriculum aims to develop expertise in biological systems and their manipulation.",Regular,1 year,"['Biological knowledge', 'Molecular techniques', 'Biotechnology applications']","['Biotechnology research', 'Bioprocess development', 'Quality control specialist']",UG,,,"['Biological Sciences', 'Biotechnology', 'Science']"
Certificate Course in Laboratory Animal Experimentation,PreUG,Science,Candidates must have passed the Senior Secondary Examination (10+2) with at least 50% marks.,This course focuses on the principles and practices involved in the experimentation of laboratory animals. It covers the methodologies and ethical considerations necessary for conducting scientific research in an animal setting.,Regular,6 Months,"['Animal handling', 'Experiment design', 'Data recording', 'Laboratory procedures']","['Laboratory assistant', 'Research technician', 'Animal care specialist']",PreUG,50.0,,[]
PG Diploma in Industrial Safety and Management,PG,Management,Requires a B.Sc. (Hons. or Pass) in any discipline of Sciences or an equivalent examination recognized by State Universities of Haryana with 50% marks.,"This program focuses on the principles and practices of industrial safety and management systems. It covers the theoretical and practical aspects of ensuring a safe and compliant working environment in industrial settings. The curriculum emphasizes risk assessment, hazard control, and management strategies.",Regular,1 year,"['Risk assessment', 'Safety management', 'Hazard control', 'Compliance monitoring']","['Safety officer', 'Industrial manager', 'Compliance consultant', 'Health and safety administrator']",UG,50.0,,['Science']
Certificate Course in Waste Management: Challenges and Opportunities (In collaboration with ESM Cell),UG,Environment,Candidates must have passed the Senior Secondary Examination (10+2) with at least 50% marks.,This course focuses on the challenges and opportunities related to waste management. It covers the theoretical and practical aspects of managing waste effectively. The program aims to equip participants with knowledge in waste management principles and strategies.,Regular,6 Months,"['Waste management principles', 'Environmental assessment', 'Resource optimization']","['Waste management consultant', 'Environmental officer', 'Sustainability analyst']",PreUG,50.0,,[]
Certificate Course in Natural Farming : An Integrated Approach (In collaboration with ESM Cell),PreUG,Science,"Requires Senior Secondary Examination (10+2) with at least 50% marks from the Board of School Education Haryana or an equivalent recognized by MDU, Rohtak.",This course focuses on the principles and integrated approach of natural farming methods. It covers the practical application and theoretical understanding of sustainable agricultural practices. The program aims to equip students with knowledge in ecological and sustainable farming techniques.,Regular,6 Months,"['Agricultural practices', 'Sustainable methods', 'Natural farming techniques']","['Agricultural extension worker', 'Organic farmer', 'Agronomy assistant']",PreUG,50.0,,[]
PG Diploma in Genetic Counselling,PG,Science,Requires a Master Degree in relevant biological or medical fields with specified minimum marks.,This program focuses on the principles and applications of genetic counseling. It involves studying the biological basis of genetic disorders and the psychosocial aspects of genetic counseling. The curriculum covers the necessary knowledge for advising individuals and families regarding genetic health.,Regular,1 year,"['Genetic assessment', 'Counseling skills', 'Biological interpretation', 'Risk analysis']","['Genetic counselor', 'Medical geneticist', 'Bioinformatics analyst', 'Healthcare consultant']",UG,,,"['Genetic Counselling', 'Biology', 'Medicine']"
PG Diploma in Data Analytics,PG,Science,Requires a Bachelor's Degree with at least 50% marks in aggregate or equivalent examination recognized by M.D. University Rohtak.,"This program focuses on the principles and techniques of data analysis. It covers methods for collecting, processing, and interpreting large datasets to derive meaningful insights. The curriculum emphasizes statistical foundations and analytical tools relevant to data-driven decision-making.",Regular,1 year,"['Data analysis', 'Statistical methods', 'Data interpretation']","['Data analyst', 'Business intelligence specialist', 'Data visualization expert']",UG,50.0,,"['Data Analytics', 'Mathematics']"
Post Graduate Diploma in Agricultural and Rural Development,PG,Management,Requires a Bachelor's Degree with at least 50% marks in aggregate or equivalent examination results.,This program focuses on the study of agricultural practices and rural development issues. It covers the socio-economic and administrative aspects related to agricultural systems and rural areas.,Regular,1 year,"['Rural development', 'Agricultural planning', 'Socio-economic analysis']","['Rural planner', 'Agricultural administrator', 'Development officer']",UG,50.0,,[]
PG Diploma in Guidance and Counselling,PG,Humanities,Requires a Bachelor's Degree in Psychology.,This program focuses on the principles and practices of guidance and counselling. It covers the theoretical foundations and practical application of psychological principles in an educational and personal context.,Regular,1 year,"['Counselling techniques', 'Psychological assessment', 'Guidance strategies']","['Guidance counsellor', 'Educational consultant', 'Career advisor']",UG,,,"['Psychology', 'Guidance and Counselling', 'PG']"
Certificate Course in Research Methods in Social Sciences,PG,Humanities,Requires a Bachelor's Degree in any discipline with at least 45% aggregate marks.,"This course focuses on the methodologies and techniques essential for conducting research within the social sciences. It provides students with the foundational knowledge necessary to design, execute, and analyze social science research projects effectively.",Regular,6 Months,"['Research methodology', 'Data collection', 'Statistical analysis', 'Research design']","['Social science researcher', 'Research assistant', 'Data analyst', 'Research practitioner']",UG,45.0,,[]
PG Diploma in Remote Sensing and GIS,PG,Science,Requires a Master's Degree in a relevant field with prescribed minimum marks.,"This program focuses on the principles and applications of remote sensing and Geographic Information Systems. It covers spatial data acquisition, processing, and the use of GIS for spatial analysis and decision-making.",Regular,1 year,"['Spatial analysis', 'Image processing', 'GIS application', 'Data interpretation']","['Remote sensing analyst', 'GIS specialist', 'Geospatial data manager', 'Environmental consultant']",UG,,,"['Remote Sensing', 'GIS', 'Geography']"
Certificate Course in Terrorism Studies,PreUG,Humanities,Candidates must have passed the Senior Secondary Examination (10+2) with at least 50% marks.,"This course focuses on the study of terrorism, its causes, methods, and socio-political implications. It provides an overview of the theoretical and practical aspects related to terrorism studies.",Regular,6 Months,"['Critical analysis', 'Research skills', 'Political awareness']","['Security analyst', 'Policy researcher', 'Intelligence studies specialist']",PreUG,50.0,,[]
Certificate Course in Indian Culture and History,UG,Humanities,Candidates must have passed the Senior Secondary Examination (10+2) with at least 50% marks.,"This program focuses on the study of Indian culture and its historical development. It explores various aspects of Indian history, social structures, and cultural practices.",Regular,6 Months,"['Cultural understanding', 'Historical analysis', 'Research skills']","['Cultural interpreter', 'History enthusiast', 'Cultural educator']",PreUG,50.0,,[]
Certificate Course in Understanding India,PreUG,Humanities,Candidates must have passed the Senior Secondary Examination (10+2) with at least 50% marks.,"This course focuses on providing an understanding of India's diverse cultural, social, and political landscape. It explores the history, geography, and socio-economic aspects of the nation.",Regular,6 Months,"['Cultural awareness', 'Historical knowledge', 'Social understanding']","['Cultural interpreter', 'Public relations assistant', 'Content creator']",PreUG,50.0,,[]
Certificate Course in Historical Tourism and Management,UG,Humanities,"Requires Senior Secondary Examination (10+2) with at least 50% marks from the Board of School Education Haryana or an equivalent recognized by MDU, Rohtak.","This program focuses on the study of historical tourism and the management principles applied to the tourism sector. It covers the historical context, cultural aspects, and administrative strategies related to tourism development.",Regular,6 Months,"['Historical study', 'Tourism management', 'Cultural understanding']","['Tourism guide', 'Heritage manager', 'Travel consultant']",PreUG,50.0,,[]
Certificate Course in International Current Affairs,UG,Humanities,Candidates must have passed the Senior Secondary Examination (10+2) with at least 50% marks.,"This course focuses on providing an overview of current affairs from an international perspective. It aims to develop an understanding of global political, economic, and social developments.",Regular,6 Months,"['Current affairs analysis', 'Information synthesis', 'Global awareness']","['Research assistant', 'Content writer', 'Journalist']",PreUG,50.0,,[]
Certificate Course in Business History,UG,Humanities,Candidates must have passed the Senior Secondary Examination (10+2) with at least 50% marks.,This program focuses on the historical development and evolution of business practices and concepts. It explores the socio-economic and political contexts that shaped business history across different eras. The course provides an overview of key historical events and figures relevant to the field.,Regular,6 Months,"['Historical analysis', 'Research skills', 'Contextual understanding']","['Archivist', 'Historical researcher', 'Business historian']",PreUG,50.0,,[]
Certificate Course in Indian Administration,UG,Management,Candidates must have passed the Senior Secondary Examination (10+2) with at least 50% marks.,"This course focuses on the administrative structures, policies, and governance systems of India. It provides foundational knowledge in the principles and practices of public administration.",Regular,6 Months,"['Administrative principles', 'Policy analysis', 'Governance understanding']","['Administrative assistant', 'Public sector entry', 'Clerical roles']",PreUG,50.0,,[]
Certificate Course in Book Publishing,UG,Commerce,"Requires a Bachelor's Degree with at least 45% marks in aggregate or equivalent examination recognized by MDU, Rohtak.","This course focuses on the practical and theoretical aspects of book publishing. It covers the processes involved in creating, editing, and disseminating written materials. The program aims to equip students with the foundational skills necessary for the publishing industry.",Regular,6 Months,"['Publishing processes', 'Content creation', 'Editing skills', 'Book production']","['Book editor', 'Publisher assistant', 'Content manager', 'Literary agent']",PreUG,45.0,,[]
PG Diploma in Karmakand,PG,Humanities,Requires a Bachelor Degree in Sanskrit or Shastri with at least 45% aggregate marks.,"This program focuses on the study and understanding of Karmakand. It involves in-depth exploration of the relevant cultural, historical, and philosophical aspects of the subject.",Regular,1 year,"['Sanskrit knowledge', 'Cultural studies', 'Textual analysis']","['Cultural studies assistant', 'Archival research', 'Language interpretation']",UG,45.0,45.0,"['Sanskrit', 'Shastri', 'Diploma', 'Karmakand']"
Certificate Course in Introduction to Indian Knowledge System,UG,Humanities,Candidates must have passed the Senior Secondary Examination (10+2) with at least 50% marks.,"This course introduces fundamental concepts and principles of the Indian Knowledge System. It explores the diverse philosophical, cultural, and intellectual traditions of India. The program aims to provide an introductory understanding of these ancient and contemporary knowledge systems.",Regular,6 Months,"['Knowledge acquisition', 'Cultural understanding', 'System introduction']","['Cultural educator', 'Knowledge disseminator', 'Research assistant']",PreUG,50.0,,[]
Certificate Course in Introduction to Indian Logic,PreUG,Humanities,Requires Senior Secondary Examination (10+2) with at least 50% marks.,This course introduces the fundamental concepts and principles of Indian logic. It focuses on the foundational reasoning systems and philosophical structures within Indian thought. The program aims to develop an understanding of logical argumentation and critical thinking based on Indian traditions.,Regular,6 Months,"['Logical reasoning', 'Critical thinking', 'Conceptual understanding']","['Logic studies', 'Analytical thinking', 'Foundational reasoning']",PreUG,50.0,,[]
Certificate Course in Phiolosphy of Dayanand,PG,Humanities,Candidates must have passed the Senior Secondary Examination (10+2) with at least 50% marks.,This program focuses on the study of the philosophy of Dayanand. It involves exploring fundamental philosophical concepts and theories within the specified discipline. The course aims to develop critical thinking and understanding of philosophical thought.,Regular,6 Months,"['Philosophical reasoning', 'Critical thinking', 'Textual analysis']","['Philosophical studies', 'Academic research', 'Content development']",UG,50.0,,[]
PG Diploma in Intellectual Property Rights,PG,Law,Requires a Bachelor's Degree in any discipline with at least 45% aggregate marks.,"This program focuses on the legal and administrative aspects of intellectual property rights. It covers the principles, laws, and procedures related to patents, trademarks, copyrights, and other forms of intellectual property.",Regular,1 year,"['Legal principles', 'IP law', 'Contract drafting', 'Research skills']","['IP legal assistant', 'Patent agent', 'Trademark attorney', 'IP consultant']",UG,45.0,,[]
Certificate Course in Biometric Identification,PG,Science,"Requires a Bachelor's degree in Forensic Science, Life Science, or Bio-medical Sciences with minimum aggregate marks.",This course focuses on the principles and techniques involved in biometric identification. It covers the theoretical and practical aspects of various biometric modalities used for identification purposes. The program aims to equip participants with foundational knowledge in this specialized field.,Regular,6 Months,"['Biometric principles', 'Identification techniques', 'Data interpretation']","['Biometric analyst', 'Forensic technician', 'Security specialist']",UG,,,"['Forensic Science', 'Life Science', 'Bio-medical Sciences', 'Science']"
Certificate Course in Communication Skills,UG,Humanities,Candidates must have passed the Senior Secondary Examination (10+2) with at least 50% marks.,This program focuses on developing essential communication competencies. It covers the principles and techniques required for effective interpersonal and professional communication.,Regular,6 Months,"['Communication skills', 'Interpersonal skills', 'Presentation skills']","['Communication specialist', 'Public relations officer', 'Content writer']",PreUG,50.0,,[]
Certificate Course in Professional Skills,PreUG,Management,Candidates must have passed the Senior Secondary Examination (10+2) with at least 50% marks.,This program focuses on developing professional skills through a structured course. It aims to equip participants with practical competencies relevant to various professional fields.,Regular,6 Months,"['Skill development', 'Examination preparation', 'Professional competency']","['Entry-level professional', 'Skill-based role', 'Vocational training']",PreUG,50.0,,[]
Certificate Course in Leadership and Management Skills,UG,Management,Candidates must have passed the Senior Secondary Examination (10+2) with at least 50% marks.,This program focuses on developing essential leadership and management competencies. It covers the foundational principles required for effective organizational leadership and administrative skills.,Regular,6 Months,"['Leadership skills', 'Management principles', 'Organizational skills']","['Team leader', 'Supervisor', 'Administrative assistant']",PreUG,50.0,,[]
Certificate Course in Universal Human Values,PG,Humanities,Candidates must have passed the Senior Secondary Examination (10+2) with at least 50% marks.,This program focuses on the study of universal human values and their implications for individual and societal well-being. It explores philosophical and ethical concepts related to human relationships and coexistence. The course aims to develop an understanding of human values from a holistic perspective.,Regular,6 Months,"['Value assessment', 'Ethical reasoning', 'Self-awareness']","['Values counselor', 'Life coach', 'Ethical consultant']",UG,50.0,,[]
Certificate Course in 3D-Printing and Design,PreUG,Engineering,Candidates must have passed the Senior Secondary Examination (10+2) with at least 50% marks.,"This program focuses on the principles and practical applications of three-dimensional printing technologies. It covers the design, fabrication, and digital modeling aspects of additive manufacturing.",Regular,6 Months,"['3D modeling', 'Additive manufacturing', 'Design principles']","['3D Designer', 'CAD Technician', 'Prototyping Specialist']",PreUG,50.0,,[]
Certificate Course in MATLAB,PreUG,Science,Candidates must have passed the Senior Secondary Examination (10+2) with at least 50% marks.,This course focuses on foundational concepts and practical application of the MATLAB programming environment. It introduces students to computational methods and problem-solving techniques using MATLAB tools.,Regular,6 Months,"['Programming skills', 'Mathematical computation', 'Software application', 'Problem solving']","['MATLAB programmer', 'Data analyst', 'Technical assistant', 'Software developer']",PreUG,50.0,,[]
Certificate Course in AI and ML in Pharmaceutical Sciences,PG,Science,Candidates must have passed the Senior Secondary Examination (10+2) with at least 50% marks.,"This program focuses on applying Artificial Intelligence and Machine Learning techniques within the context of pharmaceutical sciences. It covers the integration of computational methods to solve complex problems in drug discovery, development, and pharmaceutical research. The curriculum emphasizes the intersection of data science and pharmaceutical knowledge.",Regular,6 Months,"['AI application', 'ML modeling', 'Pharmaceutical data analysis', 'Computational methods']","['AI pharmaceutical analyst', 'ML drug discovery specialist', 'Pharmaceutical data scientist', 'Bioinformatics researcher']",UG,50.0,,[]
Certificate Course in Personal and Social Health Management,UG,Humanities,Candidates must have passed the Senior Secondary Examination (10+2) with at least 50% marks.,This program focuses on the principles and practices related to personal and social health management. It covers the knowledge areas necessary for understanding and managing individual and community well-being.,Regular,6 Months,"['Health management', 'Social awareness', 'Personal well-being']","['Health educator', 'Wellness consultant', 'Social worker']",PreUG,50.0,,[]
PG Diploma in Drug Regulatory Affairs,PG,Science,Requires a Bachelor's Degree in Pharmacy with at least 45% aggregate marks.,"This program focuses on the regulatory aspects of pharmaceutical products. It covers the legal, administrative, and quality control frameworks governing drug approval and marketing.",Regular,1 year,"['Regulatory compliance', 'Documentation management', 'Quality assurance', 'Policy analysis']","['Regulatory affairs officer', 'Drug approval specialist', 'Quality control manager', 'Pharmaceutical consultant']",UG,45.0,45.0,[]
Certificate Course in Natural Products for Human Health,UG,Science,Requires a Bachelor's Degree in any discipline with at least 45% aggregate marks.,This course focuses on the study of natural products and their application in human health. It covers the knowledge areas related to the biological and pharmacological aspects of these substances. The program aims to provide foundational knowledge in natural health sciences.,Regular,6 Months,"['Natural product knowledge', 'Health assessment', 'Basic pharmacology']","['Natural product research assistant', 'Health wellness consultant', 'Ayurvedic practitioner']",PreUG,45.0,,[]
Certificate Course in Hospital Food Services and Dietetics,Cert,Management,Candidates must have passed the Senior Secondary Examination (10+2) with at least 50% marks.,This program focuses on the principles and practices of food services and dietetics within a hospital setting. It covers the nutritional requirements and management of food services for patients.,Regular,6 Months,"['Food service management', 'Dietary planning', 'Nutritional assessment']","['Dietetic assistant', 'Food service supervisor', 'Hospital nutrition technician']",PreUG,50.0,,[]
Certificate Course on Food Truck Operations,PreUG,Management,Candidates must have passed the Senior Secondary Examination (10+2) with at least 50% marks.,"This course focuses on the practical operations and management aspects of operating a food truck. It covers the necessary skills for setting up, managing, and running a mobile food service business.",Regular,6 Months,"['Business management', 'Food service operations', 'Operational planning']","['Food truck operator', 'Mobile catering manager', 'Food business owner']",PreUG,50.0,,[]
PG Diploma in Cyber Law,PG,Law,"Requires a Bachelor's or Master's degree with at least 45% marks in aggregate or equivalent examination recognized by MDU, Rohtak.","This program focuses on the legal aspects of cyber activities and digital law. It covers the legal frameworks, regulations, and implications related to cyberspace and digital governance. The curriculum aims to equip students with knowledge of cyber law principles and practices.",Regular,1 year,"['Legal analysis', 'Cyber regulation', 'Digital governance']","['Cyber law consultant', 'Legal compliance officer', 'Data privacy lawyer']",UG,45.0,,[]
PG Diploma in Labour Law & Social Welfare,PG,Management,"Requires a Bachelor's or Master's Degree with at least 45% marks in aggregate or equivalent examination recognized by MDU, Rohtak.",This program focuses on the legal framework governing labour relations and social welfare policies. It covers the legal and administrative aspects of employee rights and social security systems.,Regular,1 year,"['Legal analysis', 'Policy understanding', 'Social welfare management']","['Labour law officer', 'Social welfare administrator', 'HR compliance specialist']",UG,45.0,,"['Law', 'Social Welfare', 'Law and Social Welfare']"
B.A. B.Ed.,UG,Humanities,Applicants must have passed Grade 12 with at least 50% marks in aggregate or equivalent examination.,This program focuses on the foundational knowledge of various academic subjects and pedagogical principles. It aims to develop candidates with both subject matter expertise and teaching competencies.,Regular,4 year,"['Curriculum design', 'Pedagogical skills', 'Subject knowledge']","['Teacher', 'Educator', 'Trainer']",PreUG,50.0,,[]
B.Com. B.Ed.,UG,Commerce,Applicants must have passed Grade 12 with at least 50% marks in aggregate or equivalent examination.,This program integrates commerce and education. It focuses on developing knowledge in both business and pedagogical skills. The curriculum aims to prepare students for roles requiring both business understanding and teaching competencies.,Regular,5 year,"['Business knowledge', 'Pedagogical skills', 'Curriculum design', 'Educational planning']","['School teacher', 'Educator', 'Academic administrator', 'Business administrator']",PreUG,50.0,,[]
Master of Arts Sanskrit,PG,Humanities,Requires a Bachelor's degree with Sanskrit or eligibility through the Shastri Examination.,"This program focuses on the study of Sanskrit literature, language, and culture. It involves in-depth exploration of classical texts, linguistic structures, and cultural history.",Open and Distance Learning Mode,2 year,"['Language proficiency', 'Textual analysis', 'Cultural understanding']","['Sanskrit teaching', 'Linguistics research', 'Cultural studies']",UG,,,"['Sanskrit', 'Shastri Examination', 'Master of Arts']"
Master of Arts English,PG,Humanities,"Requires a Bachelor's Degree in any discipline with at least 45% aggregate marks or equivalent examination recognized by M.D. University, Rohtak.","This program focuses on the study of English literature, language, and literary theory. It involves in-depth analysis of texts, critical reading, and advanced linguistic skills. The curriculum aims to develop advanced literary and communication competencies.",Open and Distance Learning Mode,2 year,"['Literary analysis', 'Critical reading', 'Language proficiency', 'Textual interpretation']","['English teacher', 'Content writer', 'Translator', 'Editor']",UG,45.0,,[]
Master of Arts Journalism & Mass Communication,PG,Humanities,Requires a Bachelor's Degree in any discipline with at least 45% aggregate marks.,This program focuses on the study of journalism and mass communication principles. It covers the theoretical foundations and practical applications of media and communication practices. The curriculum aims to develop critical understanding of communication processes and media functions.,Open and Distance Learning Mode,2 year,"['Media analysis', 'Communication theory', 'Content creation', 'Research skills']","['Journalist', 'Media producer', 'Communication specialist', 'Content writer']",UG,45.0,,[]
Master of Science (Mathematics),PG,Science,Requires a Bachelor's degree in Mathematics or a related subject with at least 50% marks.,"This program focuses on advanced mathematical concepts and theoretical foundations. It involves in-depth study of mathematical theories, problem-solving techniques, and advanced analytical methods.",Open and Distance Learning Mode,2 year,"['Mathematical reasoning', 'Advanced problem-solving', 'Theoretical analysis']","['Mathematical analyst', 'Quantitative researcher', 'Data scientist']",UG,50.0,,"['Mathematics', 'Science']"
Master of Library and Information Science,PG,Humanities,Bachelor's degree in any discipline from any UGC-recognized University with at least 45% marks,"This program focuses on the principles, theories, and practices of library and information science. It covers the organization, management, and dissemination of information resources and knowledge systems. The curriculum emphasizes information organization, retrieval, and communication strategies.",Open and Distance Learning Mode,2 year,"['Information organization', 'Resource management', 'Information retrieval', 'Data management']","['Librarian', 'Information manager', 'Archivist', 'Library administrator']",UG,45.0,,[]
Master of Commerce (M.Com.),PG,Commerce,Requires a Bachelor's degree in relevant subjects with a minimum of 45% aggregate marks.,"This program focuses on advanced study in commerce, encompassing financial accounting, taxation, economics, and business management principles. It develops analytical skills necessary for understanding complex business environments and economic systems.",Open and Distance Learning Mode,2 year,"['Financial accounting', 'Economic analysis', 'Business management', 'Data interpretation']","['Accountant', 'Financial analyst', 'Business administrator', 'Management consultant']",UG,45.0,,"['Commerce', 'subjects']"
Master of Science (Mathematics),PG,Science,Requires a Bachelor's degree in Mathematics or a related subject with at least 50% marks.,"This program focuses on advanced mathematical concepts and theoretical foundations. It involves in-depth study of mathematical theories, problem-solving techniques, and advanced analytical methods.",Open and Distance Learning Mode,2 year,"['Mathematical reasoning', 'Abstract problem-solving', 'Advanced analysis']","['Mathematical analyst', 'Quantitative researcher', 'Data scientist']",UG,50.0,,"['Mathematics', 'Mathematics', 'Mathematics', 'Mathematics', 'Mathematics', 'Mathematics', 'Mathematics']"
Bachelor of Arts,UG,Humanities,Must have passed a relevant examination with at least 33% aggregate marks for admission.,"This program focuses on the study of humanities disciplines. It involves exploring various aspects of human culture, society, and thought. The curriculum aims to develop critical thinking and broad knowledge.",Open and Distance Learning Mode,3 year,"['Critical thinking', 'Communication skills', 'Research skills']","['Academic researcher', 'Content writer', 'Administrative assistant', 'Public relations specialist']",PreUG,33.0,,[]
Master of Arts Hindi,PG,Humanities,"Bachelor's Degree in any discipline with at least 45% aggregate marks or equivalent examination recognized by M.D. University, Rohtak.","This program focuses on the study of Hindi literature, language, and culture. It involves in-depth exploration of linguistic structures, literary history, and cultural contexts related to the Hindi language.",Open and Distance Learning Mode,2 year,"['Language proficiency', 'Literary analysis', 'Cultural understanding']","['Language instructor', 'Content writer', 'Translator', 'Academic researcher']",UG,45.0,,[]
Master of Arts Political Science,PG,Humanities,"Requires a Bachelor's Degree in any discipline with at least 45% aggregate marks or equivalent examination recognized by M.D. University, Rohtak.","This program focuses on the theoretical and analytical study of political systems, governance, and public policy. It involves in-depth exploration of political theory, international relations, and comparative politics.",Open and Distance Learning Mode,2 year,"['Political analysis', 'Theoretical understanding', 'Research skills']","['Policy analyst', 'Political researcher', 'Public administration officer']",UG,45.0,,"['Political Science', 'any', 'course']"
Master of Arts Public Administration,PG,Management,Requires a Bachelor's Degree in any discipline with at least 45% aggregate marks or equivalent examination recognition.,"This program focuses on the administrative principles, policies, and practices related to public administration. It covers the theoretical foundations and practical applications of governance and public service management.",Open and Distance Learning Mode,2 year,"['Policy analysis', 'Administrative theory', 'Public governance', 'Research skills']","['Public administrator', 'Policy analyst', 'Administrative officer', 'Public sector manager']",UG,45.0,45.0,[]
Master of Arts Economics,PG,Commerce,"Requires a Bachelor's Degree in any discipline with at least 45% aggregate marks or equivalent examination recognized by M.D. University, Rohtak.","This program focuses on the theoretical and applied aspects of economic principles. It involves in-depth study of economic theories, policies, and analytical methods.",Open and Distance Learning Mode,2 year,"['Economic theory', 'Data analysis', 'Policy evaluation', 'Analytical thinking']","['Economic analyst', 'Policy researcher', 'Financial consultant', 'Economist']",UG,45.0,,[]
Master of Arts History,PG,Humanities,Requires a Bachelor's Degree in any discipline with at least 45% aggregate marks or an equivalent recognized examination.,"This program focuses on the study of historical subjects, critical analysis of past events, and the interpretation of historical sources. It involves developing advanced knowledge in historical methodologies and contextual understanding.",Open and Distance Learning Mode,2 year,"['Historical analysis', 'Source interpretation', 'Critical thinking', 'Research skills']","['Historian', 'Archivist', 'Academic researcher', 'Curator']",UG,45.0,45.0,[]
Bachelor of Computer Application (BCA),UG,Engineering,Requires Senior Secondary Examination (10+2) with at least 45% aggregate marks.,"This program focuses on the fundamentals of computer applications, programming, and software development principles. It covers theoretical concepts and practical skills necessary for understanding and implementing computational systems.",Regular,4 year,"['Programming logic', 'Software development', 'Data handling', 'Problem-solving']","['Software developer', 'Application analyst', 'Systems administrator', 'IT consultant']",PreUG,45.0,45.0,"['ANY', 'Computer Application', 'Computer Science']"
Bachelor of Arts (English),UG,Humanities,Requires Senior Secondary Examination (10+2) with at least 45% aggregate marks.,"This program focuses on the study of English language, literature, and language studies. It involves developing critical reading, writing, and analytical skills within the humanities discipline. The curriculum aims to foster a deep understanding of linguistic structures and literary traditions.",Regular,4 year,"['Language analysis', 'Critical reading', 'Written communication', 'Literary interpretation']","['English teacher', 'Content writer', 'Editor', 'Translator']",PreUG,45.0,45.0,[]
Bachelor of Fine Arts (Painting),UG,Humanities,Requires Senior Secondary Examination (10+2) with at least 45% aggregate marks.,"This program focuses on the artistic principles, techniques, and history of painting. It develops creative expression and visual literacy through various artistic disciplines. The curriculum emphasizes aesthetic understanding and creative practice.",Regular,4 year,"['Artistic expression', 'Visual literacy', 'Creative practice']","['Fine artist', 'Art educator', 'Art therapist']",PreUG,45.0,45.0,[]
Bachelor of Arts (Sanskrit),UG,Humanities,Requires Senior Secondary Examination (10+2) with at least 45% aggregate marks.,"This program focuses on the study of Sanskrit literature, language, and culture. It involves in-depth exploration of classical texts, linguistic structures, and historical context of the Sanskrit tradition.",Regular,4 year,"['Language proficiency', 'Textual analysis', 'Cultural understanding']","['Sanskrit teaching', 'Linguistics research', 'Cultural studies']",PreUG,45.0,45.0,"['Sanskrit', 'Arts']"
L.L.B. (Hons.) 5 year Integrated,UG,Humanities,Requires Senior Secondary Examination (10+2) with at least 45% marks.,"This program provides an integrated study of law and related subjects. It focuses on foundational legal principles, legal reasoning, and the structure of the legal system. The curriculum covers core legal disciplines necessary for legal practice and scholarship.",Regular,5 year,"['Legal reasoning', 'Analytical thinking', 'Research skills', 'Contract interpretation']","['Legal practitioner', 'Advocate', 'Legal researcher', 'Paralegal']",PreUG,45.0,45.0,[]
Bachelor of Commerce,UG,Commerce,Requires Senior Secondary Examination (10+2) with at least 45% aggregate marks.,"This program focuses on the foundational principles of business, economics, and finance. It covers core concepts necessary for understanding commercial operations and market dynamics.",Regular,4 year,"['Business fundamentals', 'Financial accounting', 'Economic principles']","['Accountant', 'Financial analyst', 'Business administrator']",PreUG,45.0,45.0,[]
Master of Hotel Management and Catering Technology 5-year Integrated,PG,Management,Requires Senior secondary examination (10+2) with at least 45% aggregate marks.,"This program focuses on the management and technical aspects of hospitality and catering services. It provides comprehensive training in the operational, administrative, and technological domains of the hotel and catering industry.",Regular,5 year,"['Hospitality management', 'Catering technology', 'Business administration', 'Service operations']","['Hotel management', 'Catering operations', 'Hospitality administration', 'Food service management']",UG,,45.0,[]
Bachelor of Hotel Management & Catering Technology 4 Year (BHMCT),UG,Management,Requires Senior Secondary Examination (10+2) with at least 45% marks.,"This program focuses on the principles and practices of hotel and catering management. It covers the operational, administrative, and service aspects required to manage hospitality establishments effectively. The curriculum emphasizes practical skills in food and beverage service and hospitality operations.",Regular,4 year,"['Hospitality operations', 'Service management', 'Food and beverage handling', 'Administrative skills']","['Hotel management', 'Catering operations', 'Food service supervision', 'Hospitality administration']",PreUG,45.0,45.0,[]
Bachelor of Tourism & Travel Management,UG,Management,Requires Senior Secondary Examination (10+2) with at least 45% marks.,"This program focuses on the principles and practices of tourism and travel management. It covers the administration, planning, and marketing aspects of the travel and tourism industry. The curriculum emphasizes the management of travel services and destinations.",Regular,4 year,"['Travel planning', 'Tourism marketing', 'Service management', 'Destination analysis']","['Travel agent', 'Tourism planner', 'Hospitality manager', 'Tour operator']",PreUG,45.0,45.0,[]
Bachelor of Business Administration (BBA),UG,Management,Requires Senior Secondary Examination (10+2) with at least 50% aggregate marks.,"This program focuses on the fundamental principles and practices of business administration. It covers core areas such as management, economics, accounting, and organizational behavior. The curriculum aims to develop comprehensive business acumen and analytical skills.",Regular,4 year,"['Business analysis', 'Financial accounting', 'Organizational behavior', 'Economic principles']","['Business administrator', 'Management trainee', 'Marketing executive', 'Financial analyst']",PreUG,50.0,,[]
Bachelor of Science (Maths),UG,Science,Candidates must have passed the Senior Secondary Examination (10+2) with Mathematics as a subject and at least 50% marks.,"This program focuses on the study of mathematical principles, theoretical foundations, and quantitative methods. It develops analytical skills necessary for understanding complex mathematical concepts and problem-solving in various fields.",Regular,4 year,"['Mathematical reasoning', 'Quantitative analysis', 'Problem-solving', 'Abstract thinking']","['Mathematics teacher', 'Data analyst', 'Actuarial science', 'Research assistant']",PreUG,50.0,,"['Mathematics', 'Science']"
Bachelor of Science (Statistics),UG,Science,Requires Senior Secondary Examination (10+2) with Mathematics as a subject and at least 50% aggregate marks.,This program focuses on the principles and methods of statistical theory and application. It involves studying mathematical foundations necessary for data analysis and inference. The curriculum covers the theoretical and practical aspects of statistical modeling and data interpretation.,Regular,4 year,"['Mathematical reasoning', 'Data interpretation', 'Statistical modeling', 'Quantitative analysis']","['Data analyst', 'Statistician', 'Research assistant', 'Data scientist']",PreUG,50.0,,"['Mathematics', 'Statistics', 'Science']"
Bachelor of Arts (History),UG,Humanities,Requires Senior Secondary Examination (10+2) with at least 50% aggregate marks.,"This program focuses on the study of historical events, societies, and cultures. It involves critical analysis of primary and secondary sources to understand the evolution of human history and social structures. The curriculum emphasizes historical interpretation and contextual understanding.",Regular,4 year,"['Historical analysis', 'Source evaluation', 'Critical thinking', 'Research skills']","['Historian', 'Archivist', 'Curriculum developer', 'Academic researcher']",PreUG,50.0,,[]
Bachelor of Arts (Economics),UG,Commerce,Requires Senior Secondary Examination (10+2) with at least 45% aggregate marks.,"This program focuses on the study of economic principles, theories, and methods. It involves analyzing economic systems, markets, and policy implications across various sectors. The curriculum develops critical thinking and analytical skills related to economic phenomena.",Regular,4 year,"['Economic analysis', 'Quantitative reasoning', 'Data interpretation', 'Critical thinking']","['Economist', 'Financial analyst', 'Policy advisor', 'Business consultant']",PreUG,45.0,45.0,[]
Bachelor of Arts (Public Administration),UG,Management,Requires Senior Secondary Examination (10+2) with at least 45% aggregate marks.,"This program focuses on the study of public administration, encompassing the principles, policies, and practices of governance. It involves analyzing the structure, function, and operation of public sector organizations and administrative systems. The curriculum develops critical thinking skills related to public policy and administration.",Regular,4 year,"['Policy analysis', 'Administrative principles', 'Public sector management', 'Critical thinking']","['Public administrator', 'Government official', 'Policy analyst', 'Administrative officer']",PreUG,45.0,45.0,[]
Bachelor in Public Health,UG,Science,"Applicants must have passed Physics, Chemistry, Biology/Biotechnology, and English, with a minimum aggregate of 50% in Physics, Chemistry, and Biology/Biotechnology, and a valid NEET qualified score.","This program focuses on the study of population health, disease prevention, and health services. It involves understanding the social, environmental, and biological determinants of health across different populations. The curriculum covers public health principles and applied health sciences.",Regular,4 year,"['Health assessment', 'Data interpretation', 'Public policy', 'Epidemiology']","['Public health officer', 'Health administrator', 'Medical researcher', 'Health educator']",PreUG,50.0,,"['Physics', 'Chemistry', 'Biology/Biotechnology', 'English', 'NEET', 'Public Health']"
Bachelor of Science (Genetics),UG,Science,"Requires Senior Secondary Examination (10+2) with Biology, Physics, and Chemistry, and at least 60% aggregate marks.","This program focuses on the study of genetics, exploring the principles of heredity and variation in living organisms. It involves understanding the molecular basis of biological processes and the mechanisms governing genetic inheritance.",Regular,4 year,"['Biological principles', 'Experimental design', 'Data interpretation', 'Molecular biology']","['Biotechnology research', 'Genetic counseling', 'Pharmaceutical research', 'Agricultural science']",PreUG,60.0,,"['Biology', 'Physics', 'Chemistry', 'Genetics', 'Science']"
Bachelor of Business Administration,UG,Management,Requires Senior Secondary Examination (10+2) with at least 50% aggregate marks.,"This program focuses on the principles and practices of business administration. It covers core concepts in management, finance, marketing, and organizational behavior. The curriculum aims to develop comprehensive business acumen for professional roles.",Regular,4 year,"['Business principles', 'Financial literacy', 'Organizational skills', 'Communication skills']","['Business administrator', 'Management consultant', 'Marketing executive', 'Financial analyst']",PreUG,50.0,,[]
L.L.B. ( Hons.) 5 year Integrated,UG,Humanities,Requires Senior Secondary Examination (10+2) with at least 45% marks.,"This program focuses on the study of law and legal principles. It provides a comprehensive foundation in legal theory, statutes, and legal reasoning. The curriculum covers various branches of law to prepare students for legal practice.",Regular,5 year,"['Legal reasoning', 'Statutory interpretation', 'Legal research']","['Advocate', 'Legal counsel', 'Paralegal specialist']",PreUG,45.0,45.0,[]
Bachelor of Fine Arts (Painting),UG,Humanities,Requires Senior Secondary Examination (10+2) with at least 50% aggregate marks.,"This program focuses on the artistic principles, techniques, and history of visual arts, with a specific emphasis on painting. Students develop critical thinking and creative expression through various artistic disciplines.",Regular,4 year,"['Artistic expression', 'Visual analysis', 'Creative design']","['Fine artist', 'Art educator', 'Visual communicator']",PreUG,50.0,,[]
B.A. (JOURNALISM & MASS COMMUNICATION),UG,Humanities,Requires Senior Secondary Examination (10+2) with at least 50% aggregate marks.,"This program focuses on the study of journalism and mass communication principles. It involves understanding the theories, practices, and ethics related to media, communication, and public discourse. The curriculum covers various aspects of information dissemination and communication strategies.",Regular,4 year,"['Media literacy', 'Communication skills', 'Information gathering', 'Content creation']","['Journalist', 'Mass communicator', 'Media producer', 'Public relations specialist']",PreUG,50.0,,[]
B.A.(HONS.)HINDI,UG,Humanities,Requires Senior Secondary Examination (10+2) with at least 50% aggregate marks.,"This program focuses on the study of Hindi literature, language, and culture. It involves in-depth analysis of linguistic structures, literary traditions, and cultural contexts related to the Hindi language.",Regular,4 year,"['Language proficiency', 'Literary analysis', 'Cultural understanding']","['Linguist', 'Translator', 'Content writer']",PreUG,50.0,,[]
Bachelor of Arts (Multidisciplinary),UG,Humanities,Requires Senior Secondary Examination (10+2) with at least 50% aggregate marks.,"This program focuses on a multidisciplinary approach, integrating knowledge from various academic disciplines. It aims to develop broad intellectual skills and critical thinking across diverse subject areas.",Regular,4 year,"['Critical thinking', 'Interdisciplinary study', 'Communication skills']","['Generalist roles', 'Educational roles', 'Administrative positions']",PreUG,50.0,,[]
B.A.(HONS.)GEOGRAPHY,UG,Humanities,Requires Senior Secondary Examination (10+2) with at least 50% aggregate marks.,"This program focuses on the study of geographical principles, spatial relationships, and the physical and human geography of the world. It involves understanding the spatial organization of the Earth and the interactions between physical environments and human societies.",Regular,4 year,"['Geographical analysis', 'Spatial reasoning', 'Data interpretation']","['Geographer', 'GIS analyst', 'Research assistant']",PreUG,50.0,,"['geography', 'Geography']"
B.A.(HONS.)POLITICAL SCIENCE,UG,Humanities,Requires Senior Secondary Examination (10+2) with at least 50% marks.,"This program focuses on the study of political theory, governance, public administration, and political systems. It involves analyzing political structures, ideologies, and the dynamics of political behavior.",Regular,4 year,"['Critical thinking', 'Analytical skills', 'Research methods']","['Civil services officer', 'Political analyst', 'Public administrator']",PreUG,50.0,,[]
B.A.(HONS.)PSYCHOLOGY,UG,Humanities,Requires Senior Secondary Examination (10+2) with at least 50% aggregate marks.,"This program focuses on the study of psychological principles, theories, and research methods. It involves an in-depth exploration of the mind, behavior, and mental processes. The curriculum covers various facets of human psychology and its applications.",Regular,4 year,"['Critical thinking', 'Research skills', 'Data interpretation', 'Analytical reasoning']","['Psychological counselor', 'Educational consultant', 'HR specialist', 'Market researcher']",PreUG,50.0,,[]
B.LIB (SEMESTER),UG,Humanities,Requires Senior Secondary Examination (10+2) with at least 50% aggregate marks.,"This program focuses on the study of literature, language, and communication. It involves in-depth analysis of texts, literary history, and critical interpretation of various forms of communication.",Regular,4 year,"['Text analysis', 'Critical reading', 'Language proficiency']","['Librarian', 'Content writer', 'Archivist', 'Editor']",PreUG,50.0,,[]
BACHELOR IN SOCIAL WORK (BSW),UG,Humanities,Requires Senior Secondary Examination (10+2) with at least 50% aggregate marks.,"This program focuses on the study of social systems, human behavior, and social problems. It involves understanding social structures, policies, and interventions to address societal challenges.",Regular,4 year,"['Social analysis', 'Policy evaluation', 'Intervention planning', 'Communication skills']","['Social worker', 'Counselor', 'NGO administrator', 'Social policy analyst']",PreUG,50.0,,[]
Bachelor in Sociology,UG,Humanities,Requires Senior Secondary Examination (10+2) with at least 50% marks.,"This program focuses on the study of human society, social structures, social interaction, and cultural phenomena. It involves analyzing social patterns, institutions, and the dynamics of human behavior across various contexts.",Regular,4 year,"['Social analysis', 'Research methods', 'Cultural understanding', 'Data interpretation']","['Sociologist', 'Social researcher', 'Community development officer', 'Policy analyst']",PreUG,50.0,,[]
Bachelor of Commerce 4-Year,UG,Commerce,Requires Senior Secondary Examination (10+2) with at least 50% aggregate marks.,"This program focuses on the foundational principles of commerce, including accounting, finance, economics, and business management. It provides students with a comprehensive understanding of the operational and theoretical aspects of business activities.",Regular,4 year,"['Accounting principles', 'Financial analysis', 'Business management', 'Economic theory']","['Accountant', 'Financial analyst', 'Business administrator', 'Auditor']",PreUG,50.0,,[]
B.SC B.ED (INTEGRATED COURSE),UG,Humanities,Requires Senior Secondary Examination (10+2) with at least 50% aggregate marks.,This program integrates subjects from the fields of Social Sciences and Education. It focuses on developing pedagogical skills alongside subject matter expertise. The curriculum aims to prepare students for roles in education and related social science fields.,Regular,4 year,"['Curriculum design', 'Pedagogical skills', 'Social science knowledge']","['School teacher', 'Educator', 'Social science researcher']",PreUG,50.0,,[]
Bachelor of Physical Education and Sports Science (BPES),UG,Science,Requires Senior Secondary Examination (10+2) with at least 50% marks.,"This program focuses on the study of physical education, sports science, and the physiological aspects of human movement. It involves understanding the principles of physical training, sports psychology, and biomechanics.",Regular,4 year,"['Physical training', 'Sports physiology', 'Biomechanics', 'Health education']","['Physical education teacher', 'Sports coach', 'Fitness trainer', 'Sports administrator']",PreUG,50.0,,[]
Bachelor of Hotel Management & Catering Technology (BHM & CT),UG,Management,Requires Senior Secondary Examination (10+2) with at least 50% aggregate marks.,"This program focuses on the principles and practices of hospitality and catering services. It covers the management, operations, and technical aspects required for the hotel and catering industry. The curriculum emphasizes practical skills in service delivery and food and beverage management.",Regular,4 year,"['Hospitality management', 'Food service operations', 'Service quality control', 'Front office procedures']","['Hotel manager', 'Food and beverage supervisor', 'Restaurant manager', 'Hospitality consultant']",PreUG,50.0,,[]
Bachelor of Tourism & Travel Management (BTTM),UG,Management,Requires Senior Secondary Examination (10+2) with at least 50% aggregate marks.,"This program focuses on the principles and practices of tourism and travel management. It covers the organizational, economic, and social aspects of the travel and tourism industry. The curriculum aims to develop skills in managing travel services and destinations effectively.",Regular,4 year,"['Travel planning', 'Service management', 'Tourism economics', 'Destination marketing']","['Travel agent', 'Tourism planner', 'Hospitality manager', 'Tour operator']",PreUG,50.0,,[]
BACHELOR OF BUSINESS ADMINISTRATION (CAM),UG,Management,Requires Senior Secondary Examination (10+2) with at least 50% aggregate marks.,"This program focuses on the fundamental principles and practices of business administration. It covers core concepts in organizational management, finance, marketing, and economics.",Regular,4 year,"['Business principles', 'Financial literacy', 'Organizational management', 'Market analysis']","['Business administrator', 'Management trainee', 'Marketing executive', 'Financial analyst']",PreUG,50.0,,[]
Bachelor of Science (Life Sciences),UG,Science,Requires Senior Secondary Examination (10+2) with at least 50% aggregate marks.,"This program focuses on the study of biological systems, living organisms, and the fundamental principles governing life sciences. It involves in-depth exploration of various biological disciplines to develop analytical and critical thinking skills.",Regular,4 year,"['Biological analysis', 'Scientific inquiry', 'Data interpretation']","['Research assistant', 'Laboratory technician', 'Biotechnology analyst']",PreUG,50.0,,"['Life Sciences', 'Science']"
B.SC.(BIO-TECH),UG,Science,Requires Senior Secondary Examination (10+2) with at least 50% aggregate marks.,"The program focuses on the foundational principles of biological and technological sciences. It covers core concepts in life sciences, biotechnology, and related analytical techniques. Students develop a strong base in biological systems and applied scientific methodologies.",Regular,4 year,"['Biological knowledge', 'Laboratory techniques', 'Data interpretation', 'Scientific analysis']","['Biotechnology analyst', 'Research assistant', 'Quality control technician', 'Laboratory technician']",PreUG,50.0,,"['Biotechnology', 'Science']"
B.SC.(HOME SCIENCE),UG,Humanities,Requires Senior Secondary Examination (10+2) with at least 50% aggregate marks.,"This program focuses on the study of home science, encompassing the principles and practices related to the management, design, and administration of the home environment. It covers aspects of textiles, nutrition, family dynamics, and consumer education.",Regular,4 year,"['Home management', 'Textile design', 'Nutrition planning', 'Consumer education']","['Home manager', 'Textile designer', 'Nutrition consultant', 'Family administrator']",PreUG,50.0,,[]
B.SC.(HONS.)BOTANY,UG,Science,Requires Senior Secondary Examination (10+2) with at least 50% aggregate marks.,"The program focuses on the study of botany, covering the biological principles, structure, function, and classification of plants. It involves in-depth study of plant physiology, ecology, and taxonomy.",Regular,4 year,"['Biological classification', 'Plant physiology', 'Taxonomic methods', 'Scientific observation']","['Botanist', 'Horticulturist', 'Agricultural researcher', 'Environmental consultant']",PreUG,50.0,,"['Botany', 'Science']"
B.SC.(HONS.)ZOOLOGY,UG,Science,Requires Senior Secondary Examination (10+2) with at least 50% aggregate marks.,"The program focuses on the study of zoology, which encompasses the biological sciences of animals. It involves in-depth study of animal physiology, behavior, ecology, and classification.",Regular,4 year,"['Biological classification', 'Animal physiology', 'Ecology principles', 'Data interpretation']","['Zoologist', 'Wildlife researcher', 'Aquaculture specialist', 'Veterinary assistant']",PreUG,50.0,,"['ZOOLOGY', 'Science']"
Bachelor of Science (Physical Sciences),UG,Science,Requires Senior Secondary Examination (10+2) with at least 50% aggregate marks.,"This program focuses on the study of physical sciences, covering fundamental principles of physics, chemistry, and mathematics. It develops analytical and problem-solving skills necessary for understanding the natural world.",Regular,4 year,"['Scientific reasoning', 'Mathematical problem-solving', 'Experimental design', 'Data interpretation']","['Research assistant', 'Laboratory technician', 'Analytical analyst', 'Technical support specialist']",PreUG,50.0,,"['Physical Sciences', 'Science']"
Bachelor of Science (Life Sciences),UG,Science,Requires Senior Secondary Examination (10+2) with at least 50% marks.,"This program focuses on the study of life sciences, encompassing biological, chemical, and physical principles. It provides a comprehensive foundation in the core concepts of living systems and their interactions. The curriculum develops analytical and investigative skills in the biological domain.",Regular,4 year,"['Biological analysis', 'Scientific inquiry', 'Data interpretation', 'Laboratory techniques']","['Research assistant', 'Laboratory technician', 'Biotechnology analyst', 'Medical research support']",PreUG,50.0,,"['Life Sciences', 'Science']"
BACHELOR OF COMPUTER APPLICATION (4 YEARS),UG,Engineering,Requires Senior Secondary Examination (10+2) with at least 50% aggregate marks.,"This program focuses on the foundational principles of computer applications and software development. It covers core concepts in programming, data structures, and system design. The curriculum aims to develop analytical and problem-solving skills in computing.",Regular,4 year,"['Programming fundamentals', 'System design', 'Data structures', 'Problem-solving']","['Software developer', 'Application analyst', 'Systems administrator', 'IT consultant']",PreUG,50.0,,"['Computer Application', 'Science']"
B.SC.(HONS.)CHEMISTRY,UG,Science,Possess Senior Secondary Examination (10+2) with at least 50% aggregate marks.,"This program focuses on the fundamental principles and advanced concepts of chemistry. It involves in-depth study of chemical reactions, structures, properties, and their applications across various domains. The curriculum develops a strong foundation in chemical theory and analytical techniques.",Regular,4 year,"['Chemical analysis', 'Laboratory techniques', 'Theoretical understanding', 'Problem-solving']","['Chemical technician', 'Research assistant', 'Quality control analyst', 'Process development']",PreUG,50.0,,"['Chemistry', 'Science']"
B.SC.(HONS.)COMPUTER SCIENCE,UG,Science,Requires Senior Secondary Examination (10+2) with at least 50% aggregate marks.,"This program focuses on the fundamental principles of computer science, covering theoretical foundations, algorithms, and programming concepts. It involves studying the mathematical and logical basis for computation and information systems.",Regular,4 year,"['Programming logic', 'Algorithmic thinking', 'Data structures', 'Problem-solving']","['Software Developer', 'Systems Analyst', 'Data Scientist', 'IT Consultant']",PreUG,50.0,,"['Computer Science', 'Science']"
B.SC.(HONS.)PHYSICS,UG,Science,Requires Senior Secondary Examination (10+2) with at least 50% aggregate marks.,"This program focuses on the fundamental principles of physics, covering classical mechanics, electromagnetism, thermodynamics, and quantum theory. It develops a strong foundation in mathematical modeling and physical laws governing the natural world.",Regular,4 year,"['Mathematical reasoning', 'Physical problem-solving', 'Theoretical analysis', 'Experimental design']","['Research assistant', 'Technical analyst', 'Laboratory technician', 'Academic instructor']",PreUG,50.0,,"['Physics', 'Science']"
Bachelor of Science (Sport Science),UG,Science,Requires Senior Secondary Examination (10+2) with at least 50% aggregate marks.,"This program focuses on the scientific principles underlying physical activity, human movement, and physiological responses. It involves studying the biomechanics, physiology, and psychology related to sport and physical performance.",Regular,4 year,"['Physical assessment', 'Biomechanics analysis', 'Physiological monitoring', 'Training principles']","['Sports coach', 'Physical trainer', 'Sports analyst', 'Fitness consultant']",PreUG,50.0,,"['Sport Science', 'Science']"
M.A. (EDUCATION),PG,Humanities,No specific eligibility requirements are stated.,"This program focuses on the theoretical and empirical study of educational systems, theories, and practices. It involves in-depth analysis of pedagogical concepts, curriculum design, and educational policy.",Regular,2 year,"['Theoretical analysis', 'Curriculum design', 'Educational policy', 'Research methodology']","['Educational researcher', 'Curriculum developer', 'Educational administrator', 'Instructional designer']",UG,,,[]
M.P.ED.,PG,Humanities,No specific eligibility requirements were provided.,"This program focuses on the study of education, pedagogy, and educational psychology. It involves exploring theories, practices, and methods related to teaching and learning processes. The curriculum aims to develop expertise in educational administration and instructional design.",Regular,2 year,"['Educational theory', 'Pedagogical methods', 'Curriculum design', 'Educational psychology']","['School administrator', 'Curriculum developer', 'Educational consultant', 'Teacher trainer']",UG,,,[]
B.P. ED.,UG,Humanities,No specific eligibility requirements were provided.,This program focuses on the study of human development and related psychological principles. It involves exploring theories and practices related to the growth and learning processes of individuals.,Regular,2 year,"['Study skills', 'Critical thinking', 'Observation', 'Communication']","['Educational assistant', 'Counselor', 'Teacher assistant', 'Student support specialist']",PreUG,,,[]
M.Ed. Special Education (L.D.),PG,Humanities,No specific eligibility requirements were provided.,This program focuses on the theoretical foundations and practical application of special education principles. It involves studying pedagogical methods tailored for diverse learning needs and educational settings. The curriculum emphasizes understanding the psychology and development of students with special educational needs.,Regular,2 year,"['Curriculum design', 'Educational psychology', 'Instructional planning']","['Special education teacher', 'Educational consultant', 'Curriculum developer']",UG,,,[]
M.TECH. (BIOTECHNOLOGY),PG,Science,No specific eligibility requirements were provided.,"This program focuses on advanced study in the field of biotechnology. It covers core principles of molecular biology, genetics, and biological systems. The curriculum emphasizes research and application in biological sciences.",Regular,2 year,"['Biotechnology principles', 'Molecular biology', 'Biological systems', 'Research techniques']","['Biotechnology researcher', 'Bioprocess engineer', 'R&D specialist', 'Bioinformatics analyst']",UG,,,[]
M.TECH. (COMP. SCIENCE AND ENGG.),PG,Engineering,No specific eligibility requirements are stated.,This program focuses on advanced study in the intersection of computer science and engineering principles. It involves in-depth exploration of theoretical concepts and practical applications within the field.,Regular,2 year,"['Problem-solving', 'Algorithm design', 'Systems analysis', 'Programming proficiency']","['Software developer', 'Systems architect', 'Research engineer', 'IT consultant']",UG,,,[]
M.TECH. COMPUTER SCIENCE AND ENGINEERING (ARTIFICIAL INTELLIGENCE AND MACHINE LEARNING),PG,Engineering,No specific eligibility requirements were provided.,"This program focuses on the theoretical foundations and practical applications of Artificial Intelligence and Machine Learning within the field of Computer Science and Engineering. It covers advanced mathematical, computational, and algorithmic concepts necessary for developing intelligent systems. The curriculum emphasizes the design, implementation, and evaluation of complex ML models.",Regular,2 year,"['Machine learning', 'Algorithm design', 'Programming', 'Data analysis']","['AI Developer', 'Machine Learning Engineer', 'Data Scientist', 'Software Architect']",UG,,,[]
M.TECH. (ELECTRONICS & COMMUNICATION ENGINEERING),PG,Engineering,No specific eligibility requirements are stated.,"This program focuses on the theoretical foundations and practical applications of electronics and communication systems. It involves in-depth study of electrical, electronic, and communication principles.",Regular,2 year,"['Circuit design', 'Signal processing', 'Communication theory', 'System analysis']","['Electronics engineer', 'Communication systems analyst', 'RF engineer', 'Embedded systems developer']",UG,,,[]
M.TECH. (MANUFACTURING AND AUTOMATION),PG,Engineering,No specific eligibility requirements were provided.,"This program focuses on the principles and processes involved in manufacturing and automation systems. It covers the theoretical foundations and practical applications necessary for designing and optimizing automated production processes. The curriculum emphasizes the integration of mechanical, electrical, and control systems in modern manufacturing environments.",Regular,2 year,"['Process optimization', 'System design', 'Automation control', 'Manufacturing processes']","['Automation engineer', 'Manufacturing consultant', 'Process improvement specialist', 'Production manager']",UG,,,[]
M.TECH (MECHANICAL ENGINEERING),PG,Engineering,No specific eligibility requirements are stated.,"This program focuses on advanced study in mechanical engineering principles and applications. It involves in-depth exploration of design, analysis, and manufacturing processes within the field.",Regular,2 year,"['Design principles', 'Thermodynamics', 'Material science', 'Machine dynamics']","['Mechanical design engineer', 'Thermal systems analyst', 'Manufacturing process specialist', 'R&D engineer']",UG,,,[]
M.TECH (STRUCTURAL ENGINEERING),PG,Engineering,No specific eligibility requirements were provided.,"This program focuses on the advanced study of structural engineering principles and design. It involves in-depth exploration of material behavior, structural analysis, and design methodologies for complex structures.",Regular,2 year,"['Structural analysis', 'Design methodologies', 'Material behavior', 'Structural mechanics']","['Structural design engineer', 'Structural analyst', 'Bridge designer', 'Structural consultant']",UG,,,[]
M. TECH. (POWER SYSTEMS),PG,Engineering,No specific eligibility requirements were provided.,"This program focuses on the principles and applications related to power systems. It involves in-depth study of electrical systems, energy generation, transmission, and distribution concepts.",Regular,2 year,"['Power system analysis', 'Electrical engineering', 'System modeling', 'Energy management']","['Power system engineer', 'Energy consultant', 'Power plant operator', 'Grid planner']",UG,,,[]
M.TECH. COMPUTER SCIENCE AND ENGINEERING (WORKING PROFESSIONALS),PG,Engineering,No specific eligibility requirements are stated.,This program focuses on advanced study in computer science and engineering principles. It involves in-depth exploration of theoretical concepts and practical applications within the field.,Part Time,2 year,"['Programming skills', 'System design', 'Algorithm development', 'Software development']","['Software developer', 'Systems analyst', 'IT consultant', 'Research engineer']",UG,,,[]
M.TECH. MECHANICAL ENGINEERING (WORKING PROFESSIONALS),PG,Engineering,No specific eligibility requirements are stated.,"This program focuses on advanced study in mechanical engineering principles and applications. It involves in-depth exploration of mechanical systems, design, and manufacturing processes. The curriculum is designed to enhance professional engineering capabilities.",Part Time,2 year,"['Mechanical design', 'System analysis', 'Manufacturing processes', 'Problem-solving']","['Design engineer', 'Production manager', 'Mechanical consultant', 'R&D specialist']",UG,,,[]
M.TECH. POWER SYSTEMS (WORKING PROFESSIONALS),PG,Engineering,No specific eligibility requirements are stated.,"This program focuses on the advanced study of power systems. It covers the theoretical foundations and practical applications related to the generation, transmission, distribution, and control of electrical power systems. The curriculum emphasizes system analysis and optimization.",Part Time,2 year,"['Power system analysis', 'System optimization', 'Electrical engineering', 'Power system modeling']","['Power system engineer', 'Consultant', 'Energy sector specialist', 'System designer']",UG,,,[]
MBA for Working Professional,PG,Management,No specific eligibility requirements were provided.,"This program focuses on applying management principles to the context of working professionals. It covers core business functions, strategic decision-making, and leadership skills relevant to the contemporary business environment.",Part Time,2 year,"['Business strategy', 'Financial analysis', 'Leadership skills', 'Project management']","['Business manager', 'Consultant', 'Operations executive', 'Marketing specialist']",UG,,,[]
MCA for Working Professional,PG,Management,No specific eligibility requirements were provided.,This program focuses on advanced management principles and analytical skills applicable to working professionals. It aims to equip participants with the knowledge necessary to apply business concepts in a professional setting.,Part Time,2 year,"['Business analysis', 'Project management', 'Data interpretation']","['Business analyst', 'Management consultant', 'Project manager']",UG,,,[]
MCA,PG,Management,No specific eligibility requirements were provided.,"This program focuses on advanced concepts in management, information systems, and business processes. It provides a comprehensive understanding of organizational behavior, technology application, and strategic decision-making.",Regular,2 year,"['Systems analysis', 'Business strategy', 'Data management', 'Software development']","['Systems analyst', 'Business consultant', 'IT manager', 'Data scientist']",UG,,,[]
M. PHARM. (INDUSTRIAL PHARMACY),PG,Science,No specific eligibility requirements were provided.,"This program focuses on the intersection of pharmaceutical sciences and industrial applications. It covers the principles of pharmaceutical manufacturing, quality control, and industrial processes within the pharmaceutical sector. The curriculum emphasizes the practical application of scientific knowledge to industrial settings.",Regular,2 year,"['Pharmaceutical manufacturing', 'Quality control', 'Industrial processes', 'Regulatory compliance']","['Pharmaceutical industry specialist', 'Production manager', 'Quality assurance officer', 'R&D associate']",UG,,,[]
M. PHARM. (PHARMACEUTICAL CHEMISTRY),PG,Science,No specific eligibility requirements are stated.,"This program focuses on the chemical principles underlying pharmaceutical sciences. It involves in-depth study of the synthesis, properties, and applications of pharmaceutical substances. The curriculum covers the chemical aspects essential for drug development and manufacturing.",Regular,2 year,"['Chemical synthesis', 'Pharmaceutical analysis', 'Drug formulation', 'Analytical techniques']","['Pharmaceutical research', 'Drug development', 'Quality control', 'R&D specialist']",UG,,,[]
M. PHARM. (PHARMACOGNOSY),PG,Science,No specific eligibility requirements were provided.,"This program focuses on the study of pharmacognosy, which involves the study of medicinal drugs derived from natural sources. It covers the chemical, pharmacological, and botanical aspects of these natural products.",Regular,2 year,"['Natural product analysis', 'Pharmacological knowledge', 'Botanical identification', 'Medicinal chemistry']","['Pharmaceutical research', 'Natural product development', 'Quality control specialist', 'Medicinal plant research']",UG,,,[]
M. PHARM. (PHARMACOLOGY),PG,Science,No specific eligibility requirements were provided.,"This program focuses on the study of pharmacology, which involves the study of the interactions between drugs and living systems. It covers the mechanisms of drug action, therapeutic effects, and pharmacological principles.",Regular,2 year,"['Pharmacological principles', 'Drug mechanism study', 'Therapeutic evaluation']","['Pharmacist', 'Clinical researcher', 'Drug development specialist']",UG,,,[]
M.PHARM. (DRUG REGULATORY AFFAIRS),PG,Science,No specific eligibility requirements were provided.,This program focuses on the regulatory affairs aspects within the pharmaceutical sciences. It covers the knowledge required to manage the regulatory processes governing drug development and approval.,Regular,2 year,"['Regulatory compliance', 'Pharmaceutical science', 'Documentation management', 'Policy analysis']","['Regulatory affairs specialist', 'Drug approval officer', 'Pharmaceutical consultant', 'Quality assurance manager']",UG,,,[]
B.PHARMECY,UG,Science,No specific eligibility requirements were provided.,"This program focuses on the principles and practices of pharmaceutical sciences. It covers the development, manufacturing, and quality control of medicinal products. The curriculum emphasizes the intersection of chemistry, biology, and pharmacology.",Regular,4 year,"['Pharmaceutical chemistry', 'Drug formulation', 'Quality control', 'Pharmacology principles']","['Pharmaceutical industry roles', 'Research and development', 'Quality assurance specialist', 'Drug manufacturing']",PreUG,,,[]
B.ARCH,UG,Engineering,No specific eligibility requirements were provided.,"This program focuses on the principles of architectural design, planning, and construction. It covers the theoretical foundations and practical application of spatial organization and building systems.",Regular,5 year,"['Design principles', 'Spatial planning', 'Construction methods']","['Architect', 'Building designer', 'Urban planner']",PreUG,,,[]
B.TECH - ROBOTICS & ARTIFICIAL INTELLIGENCE,UG,Engineering,No specific eligibility requirements were provided.,"This program focuses on the principles and applications of robotics and artificial intelligence. It involves studying the mathematical, computational, and engineering foundations required to design and develop intelligent systems.",Regular,4 year,"['Programming skills', 'Algorithm design', 'System modeling', 'Machine learning', 'Robotics operation']","['AI Developer', 'Robotics Engineer', 'Machine Learning Specialist', 'Software Developer']",PreUG,,,[]
B.TECH (ARTIFICIAL INTELLIGENCE AND MACHINE LEARNING),UG,Engineering,No specific eligibility requirements are stated.,"This program focuses on the theoretical foundations and practical applications of Artificial Intelligence and Machine Learning. It covers algorithms, data structures, and computational methods essential for developing intelligent systems. The curriculum emphasizes problem-solving and model development in the field of computer science.",Regular,4 year,"['Algorithm design', 'Data analysis', 'Programming proficiency', 'Model development']","['Machine Learning Engineer', 'AI Developer', 'Data Scientist', 'Software Developer']",PreUG,,,[]
B.TECH (AUTOMOBILE ENGINEERING),UG,Engineering,No specific eligibility requirements are provided.,"This program focuses on the principles and applications of automotive engineering. It covers the design, development, and analysis of vehicle systems and components. The curriculum emphasizes mechanical, electrical, and material science principles applied to the automotive sector.",Regular,4 year,"['Mechanical design', 'Systems analysis', 'Material science', 'Problem-solving']","['Automotive design engineer', 'Vehicle development specialist', 'Mechanical systems analyst', 'Manufacturing process manager']",PreUG,,,[]
B.TECH (BIO-TECHNOLOGY ENGINEERING),UG,Engineering,No specific eligibility requirements were provided.,This program focuses on the intersection of biology and engineering principles to develop solutions in biological systems. It involves studying the application of scientific knowledge to design and develop technologies related to living organisms.,Regular,4 year,"['Biological systems', 'Process design', 'Bioprocess analysis', 'Experimental techniques']","['Biotechnology researcher', 'Bio-process engineer', 'R&D specialist', 'Pharmaceutical development']",PreUG,,,[]
B.TECH (CIVIL ENGINEERING),UG,Engineering,No specific eligibility requirements are stated.,"This program focuses on the principles and practices of civil engineering, covering the design, construction, and maintenance of public and private infrastructure. It involves studying the physical, mechanical, and environmental aspects of built environments.",Regular,4 year,"['Structural analysis', 'Material science', 'Construction methods', 'Infrastructure design']","['Civil Engineer', 'Structural designer', 'Construction manager', 'Infrastructure planner']",PreUG,,,[]
B.TECH (COMPUTER SCIENCE & ENGINEERING),UG,Engineering,No specific eligibility requirements are stated.,"This program focuses on the principles of computer science and engineering. It covers the theoretical foundations, algorithms, and practical applications of computing systems. The curriculum emphasizes problem-solving and system design in the field of technology.",Regular,4 year,"['Programming skills', 'Algorithm design', 'System analysis', 'Software development']","['Software developer', 'Systems analyst', 'Data scientist', 'Computer engineer']",PreUG,,,[]
B.TECH (COMPUTER SCIENCE & INFORMATION TECHNOLOGY),UG,Engineering,No specific eligibility requirements were provided.,"This program focuses on the theoretical foundations and practical applications of computer science and information technology. It covers algorithms, data structures, programming, and the management of information systems.",Regular,4 year,"['Programming skills', 'Data structures', 'Algorithm design', 'Information systems']","['Software developer', 'Systems analyst', 'Data scientist', 'IT consultant']",PreUG,,,[]
B.TECH (COMPUTER SCIENCE AND TECHNOLOGY),UG,Engineering,No specific eligibility requirements were provided.,"This program focuses on the principles and practices of computer science and technology. It covers theoretical foundations, algorithms, data structures, and the application of these concepts to solve complex computational problems. The curriculum emphasizes logical thinking and problem-solving skills within the field of computing.",Regular,4 year,"['Programming skills', 'Algorithmic thinking', 'Problem-solving', 'Data structures', 'Computational logic']","['Software Developer', 'Systems Analyst', 'Data Scientist', 'IT Consultant', 'Computer Engineer']",PreUG,,,[]
B.Tech (CSE- Data Science),UG,Science,No specific eligibility requirements were provided.,"This program focuses on the intersection of Computer Science and Data Science principles. It involves training in computational methods, statistical analysis, and the application of algorithms to large datasets. The curriculum covers theoretical foundations and practical applications in data-driven problem-solving.",Regular,4 year,"['Programming skills', 'Statistical analysis', 'Algorithm design', 'Data manipulation']","['Data Scientist', 'Machine Learning Engineer', 'Software Developer', 'Data Analyst']",PreUG,,,[]
B.TECH (CSE-ARTIFI. INTELLIGEN. & MACHINE LEARNING ENGINEERING),UG,Engineering,No specific eligibility requirements are stated.,"This program focuses on the principles of computer science, artificial intelligence, and machine learning. It involves studying algorithms, data structures, and the application of computational methods to solve complex problems. The curriculum emphasizes theoretical foundations and practical implementation in these advanced fields.",Regular,4 year,"['Programming skills', 'Algorithm design', 'Machine learning', 'Data analysis', 'Software development']","['Machine learning engineer', 'AI developer', 'Software architect', 'Data scientist', 'Algorithm designer']",PreUG,,,[]
B.TECH (CSE-INTERNET OF THINGS & CYBER SECURITY ENGINEERING),UG,Engineering,No specific eligibility requirements were provided.,This program focuses on the principles of Computer Science and Engineering applied to the fields of Internet of Things and Cyber Security. It covers the theoretical foundations and practical applications necessary for securing interconnected systems and developing intelligent networks.,Regular,4 year,"['System design', 'Network security', 'Programming skills', 'Algorithm development']","['Cyber security analyst', 'IoT developer', 'Network engineer', 'Software developer']",PreUG,,,[]
B.TECH (ELECTRICAL & ELECTRONICS ENGINEERING),UG,Engineering,No specific eligibility requirements are stated.,This program focuses on the fundamental principles of electrical and electronic systems. It covers the theoretical foundations and practical applications necessary for designing and analyzing electrical and electronic circuits and devices.,Regular,4 year,"['Circuit design', 'System analysis', 'Electronic components', 'Mathematical modeling']","['Electrical engineer', 'Electronics designer', 'Power systems analyst', 'Control systems specialist']",PreUG,,,[]
B.TECH (ELECTRICAL ENGINEERING),UG,Engineering,No specific eligibility requirements are stated.,"This program focuses on the fundamental principles of electrical engineering, covering areas such as circuit theory, electromagnetism, and power systems. It develops a strong foundation in the design, analysis, and application of electrical systems and components.",Regular,4 year,"['Circuit analysis', 'System design', 'Mathematical modeling', 'Problem-solving']","['Electrical engineer', 'Power system analyst', 'Control systems designer', 'Electronics technician']",PreUG,,,[]
B.TECH (ELECTRONICS & COMMUNICATION ENGINEERING),UG,Engineering,No specific eligibility requirements were provided.,This program focuses on the principles of electronics and communication systems. It covers the theoretical foundations and practical applications in electrical and communication technologies.,Regular,4 year,"['Circuit design', 'Signal processing', 'System analysis', 'Digital logic']","['Electronics design engineer', 'Communication systems analyst', 'Embedded systems developer', 'Signal processing specialist']",PreUG,,,[]
B.TECH (ELECTRONICS AND COMPUTER ENGINEERING),UG,Engineering,No specific eligibility requirements are stated.,This program focuses on the principles of electronics and computer engineering. It covers the theoretical foundations and practical applications of electrical systems and computational technologies.,Regular,4 year,"['Circuit design', 'Programming skills', 'Digital logic', 'System analysis']","['Electronics engineer', 'Computer engineer', 'Embedded systems developer', 'Hardware designer']",PreUG,,,[]
B.TECH (FASHION & APPAREL ENGINEERING),UG,Engineering,No specific eligibility requirements were provided.,"This program focuses on the principles and practices of designing and manufacturing textiles and apparel. It covers the technical aspects of fashion design, material science, and production processes within the apparel industry.",Regular,4 year,"['Design principles', 'Material science', 'Production techniques', 'Pattern making']","['Fashion designer', 'Apparel engineer', 'Textile developer', 'Product developer']",PreUG,,,[]
B.TECH (FASHION TECHNOLOGY),UG,Engineering,No specific eligibility requirements are stated.,"This program focuses on the intersection of fashion design and technological principles. It involves studying the technical aspects of textile development, material science, and the technological processes involved in fashion production. The curriculum aims to develop skills in both creative design and technical application.",Regular,4 year,"['Textile design', 'Material science', 'Fashion technology', 'Pattern making', 'Product development']","['Fashion designer', 'Textile engineer', 'Product developer', 'Fashion technologist', 'Textile consultant']",PreUG,,,[]
B.TECH (FIRE TECHNOLOGY & SAFETY),UG,Engineering,No specific eligibility requirements are stated.,"This program focuses on the principles and technologies related to fire safety and protection systems. It covers the engineering aspects necessary to design, analyze, and manage fire safety solutions. The curriculum emphasizes the application of scientific principles to prevent and mitigate fire hazards.",Regular,4 year,"['Fire safety systems', 'Risk assessment', 'System design', 'Safety management']","['Fire safety engineer', 'Safety consultant', 'Fire protection specialist', 'Risk assessor']",PreUG,,,[]
B.TECH (INFORMATION TECHNOLOGY),UG,Engineering,No specific eligibility requirements are stated.,"This program focuses on the principles and practices of information technology. It covers the theoretical foundations and practical applications of computing systems, software development, and data management. The curriculum aims to develop students with strong analytical and problem-solving skills in the IT domain.",Regular,4 year,"['Programming skills', 'System design', 'Software development', 'Data management']","['Software Developer', 'Systems Analyst', 'IT Consultant', 'Data Scientist']",PreUG,,,[]
B.TECH (INSTRUMENTATION & CONTROL ENGINEERING),UG,Engineering,No specific eligibility criteria are provided.,"This program focuses on the principles and applications of instrumentation and control systems. It covers the design, implementation, and analysis of systems that measure, control, and regulate physical processes.",Regular,4 year,"['System design', 'Control theory', 'Measurement techniques', 'Signal processing']","['Control engineer', 'Instrumentation specialist', 'Automation technician', 'Process control analyst']",PreUG,,,[]
B.TECH (MECHANICAL & AUTOMATION),UG,Engineering,No specific eligibility requirements are stated.,"This program focuses on the principles of mechanical systems and automation technologies. It covers the design, analysis, and control of mechanical devices and automated systems. The curriculum emphasizes the integration of mechanical and control principles for practical applications.",Regular,4 year,"['Mechanical design', 'System analysis', 'Control theory', 'Automation systems']","['Mechanical engineer', 'Automation specialist', 'Design engineer', 'Process control technician']",PreUG,,,[]
B.TECH (MECHANICAL ENGINEERING),UG,Engineering,No specific eligibility requirements were provided.,"This program focuses on the principles of mechanical engineering, covering core concepts in thermodynamics, fluid mechanics, and material science. It involves the application of mathematical and analytical methods to design, analyze, and optimize mechanical systems.",Regular,4 year,"['Problem-solving', 'Analytical thinking', 'Design principles', 'Mathematical modeling']","['Mechanical design engineer', 'Thermal systems analyst', 'Manufacturing process specialist', 'Mechanical systems consultant']",PreUG,,,[]
B.TECH (PRINTING TECHNOLOGY),UG,Engineering,No specific eligibility requirements are stated.,This program focuses on the principles and technologies related to printing processes. It covers the theoretical foundations and practical applications of various printing techniques and technologies.,Regular,4 year,"['Printing technology', 'Process optimization', 'Technical drawing', 'Machine operation']","['Printing engineer', 'Production manager', 'Process consultant', 'Technical designer']",PreUG,,,[]
B.TECH (TEXTILE CHEMISTRY),UG,Science,No specific eligibility requirements are stated.,This program focuses on the chemical processes and materials involved in the textile industry. It covers the fundamental principles of chemistry applied to fiber and fabric production. The curriculum emphasizes material science and chemical analysis relevant to textiles.,Regular,4 year,"['Chemical analysis', 'Material science', 'Process optimization']","['Textile R&D specialist', 'Material development engineer', 'Quality control analyst']",PreUG,,,[]
B.TECH (TEXTILE TECHNOLOGY),UG,Engineering,No specific eligibility criteria are provided.,"This program focuses on the study of textile technology, encompassing the science and engineering principles related to the production, processing, and management of textile materials. It covers the theoretical foundations and practical applications in the textile industry.",Regular,4 year,"['Material science', 'Process optimization', 'Textile manufacturing', 'Quality control']","['Textile engineer', 'Production manager', 'R&D specialist', 'Quality assurance officer']",PreUG,,,[]
B.TECH -ARTIFICIAL INTELLIGENCE & DATA SCIENCE,UG,Science,No specific eligibility requirements were provided.,"This program focuses on the theoretical foundations and practical applications of Artificial Intelligence and Data Science. It covers the mathematical, statistical, and computational methods required to analyze complex data and develop intelligent systems. The curriculum emphasizes machine learning, algorithms, and data-driven decision making.",Regular,4 year,"['Data analysis', 'Machine learning', 'Programming skills', 'Statistical modeling']","['Data Scientist', 'AI Engineer', 'Machine Learning Specialist', 'Data Analyst']",PreUG,,,[]
B.TECH- COMPUTER SCIENCE & DESIGN,UG,Engineering,No specific eligibility requirements are stated.,"This program focuses on the principles of computer science and the design of computational systems. It involves studying algorithms, data structures, and the design of software and hardware solutions.",Regular,4 year,"['Programming skills', 'System design', 'Algorithm development', 'Software development', 'Problem-solving']","['Software Developer', 'Systems Analyst', 'Computer Designer', 'Algorithm Specialist']",PreUG,,,[]
B.TECH. (ARTIFICIAL INTELLIGENCE),UG,Engineering,No specific eligibility requirements were provided.,"This program focuses on the theoretical foundations and practical applications of Artificial Intelligence. It covers algorithms, data structures, and computational methods essential for developing intelligent systems. The curriculum emphasizes problem-solving and the development of intelligent software solutions.",Regular,4 year,"['Algorithm design', 'Programming proficiency', 'Data structures', 'Machine learning', 'Computational thinking']","['AI Developer', 'Machine Learning Engineer', 'Data Scientist', 'Software Developer', 'AI Researcher']",PreUG,,,[]
B.TECH. (COMPUTER ENGINEERING),UG,Engineering,No specific eligibility requirements are stated.,"This program focuses on the principles of computer science, algorithms, and software development. It covers the theoretical foundations and practical applications necessary for designing and developing computing systems.",Regular,4 year,"['Programming skills', 'Algorithm design', 'System analysis', 'Software development']","['Software developer', 'Systems analyst', 'Data engineer', 'Computer programmer']",PreUG,,,[]
B.TECH. (ROBOTICS AND AUTOMATION ENGINEERING),UG,Engineering,No specific eligibility requirements were provided.,"This program focuses on the principles and applications of robotics and automation. It involves studying the design, development, and implementation of intelligent systems and automated control mechanisms. The curriculum covers the theoretical foundations and practical skills required for modern engineering solutions.",Regular,4 year,"['System design', 'Control theory', 'Programming skills', 'Automation techniques']","['Robotics engineer', 'Automation specialist', 'Control systems designer', 'Software developer']",PreUG,,,[]
BACHELOR OF PLANNING,UG,Management,No specific eligibility requirements were provided.,"This program focuses on the principles, theories, and practices of planning across various sectors. It involves developing strategies and frameworks for achieving organizational and societal goals. The curriculum covers the systematic process of planning and decision-making.",Regular,4 year,"['Strategic planning', 'Decision making', 'Policy analysis', 'Project management']","['Planning officer', 'Management consultant', 'Policy analyst', 'Urban planner']",PreUG,,,[]
M. TECH. CIVIL ENGINEERING (COMPUTER AIDED STRUCTURAL ENGINEERING),PG,Engineering,No specific eligibility requirements were provided.,This program focuses on the application of computational methods to structural engineering principles. It involves studying the theoretical and practical aspects of designing and analyzing structures using computer-aided tools. The curriculum covers advanced topics in structural analysis and design.,Regular,2 year,"['Structural analysis', 'Computer modeling', 'Design software', 'Numerical methods']","['Structural engineer', 'Design analyst', 'Consultant', 'Structural researcher']",UG,,,[]
M.ARCH (LANDSCAPE ARCHITECTURE),PG,Engineering,No specific eligibility requirements were provided.,"This program focuses on the design, planning, and management of the built and natural environments. It involves understanding the interaction between the built and natural world to create sustainable and functional spaces.",Regular,2 year,"['Design principles', 'Spatial planning', 'Environmental analysis', 'Visualization']","['Landscape designer', 'Urban planner', 'Environmental consultant', 'Architectural planner']",UG,,,[]
M.PLANNING,PG,Management,No specific eligibility requirements were provided.,"This program focuses on the principles and practices of planning within a management context. It covers the systematic process of setting goals, developing strategies, and organizing resources for achieving desired outcomes.",Regular,2 year,"['Strategic planning', 'Resource allocation', 'Goal setting', 'Project management']","['Planning analyst', 'Management consultant', 'Operations manager', 'Business strategist']",UG,,,[]
M.TECH (FASHION & APPAREL ENGINEERING),PG,Engineering,No specific eligibility requirements are stated.,"This program focuses on the technical principles and design aspects of fashion and apparel. It involves studying the engineering processes related to textile production, material science, and garment design.",Regular,2 year,"['Design principles', 'Material science', 'Textile technology', 'Pattern making', 'Product development']","['Fashion designer', 'Apparel engineer', 'Textile consultant', 'Product developer']",UG,,,[]
M.TECH (ARTIFICIAL INTELLIGENCE AND DATA SCIENCE),PG,Science,No specific eligibility requirements were provided.,"This program focuses on the theoretical foundations and practical applications of Artificial Intelligence and Data Science. It involves studying algorithms, statistical methods, and machine learning techniques to analyze complex data and develop intelligent systems.",Regular,2 year,"['Machine learning', 'Data analysis', 'Algorithm design', 'Statistical modeling']","['Data Scientist', 'AI Engineer', 'Machine Learning Specialist', 'Data Analyst']",UG,,,[]
M.TECH (CIVIL ENGINEERING TRANSPORTATION),PG,Engineering,No specific eligibility requirements were provided.,"This program focuses on the principles and practices of civil engineering applied to transportation systems. It covers the design, planning, and management of infrastructure related to transportation networks.",Regular,2 year,"['Transportation planning', 'Structural analysis', 'Infrastructure design', 'Traffic flow modeling']","['Transportation planner', 'Civil engineer', 'Infrastructure consultant', 'Traffic engineer']",UG,,,[]
M.TECH (CIVIL ENGINEERING),PG,Engineering,No specific eligibility requirements were provided.,This program focuses on advanced study in civil engineering principles and design. It covers the theoretical foundations and practical applications necessary for infrastructure development and construction.,Regular,2 year,"['Design principles', 'Structural analysis', 'Material science', 'Project management']","['Structural engineer', 'Infrastructure consultant', 'Civil project manager', 'Design specialist']",UG,,,[]
M.TECH (COMPUTER ENGINEERING),PG,Engineering,No specific eligibility requirements were provided.,"This program focuses on advanced study in the principles and applications of computer engineering. It involves in-depth exploration of complex systems, algorithms, and hardware design.",Regular,2 year,"['Algorithm design', 'System architecture', 'Programming proficiency', 'Hardware design']","['Software developer', 'Systems architect', 'Machine learning engineer', 'Embedded systems designer']",UG,,,[]
M.TECH (COMPUTER SCIENCE & TECHNOLOGY),PG,Engineering,No specific eligibility requirements were provided.,"This program focuses on advanced study in the principles and applications of computer science and technology. It involves in-depth exploration of computational theory, algorithms, and system design. The curriculum aims to develop expertise in modern computing systems and software development.",Regular,2 year,"['Algorithm design', 'System architecture', 'Programming proficiency', 'Data structures']","['Software developer', 'Systems analyst', 'AI researcher', 'Technology consultant']",UG,,,[]
M.TECH (COMPUTER SCIENCE),PG,Science,No specific eligibility requirements were provided.,This program focuses on advanced study in computer science principles and methodologies. It involves in-depth exploration of theoretical foundations and practical applications within the field of computing.,Regular,2 year,"['Programming skills', 'Algorithm design', 'Data structures', 'Software development']","['Software developer', 'Systems analyst', 'Data scientist', 'AI engineer']",UG,,,[]
M.TECH (CONSTRUCTION TECHNOLOGY & MANAGEMENT),PG,Engineering,No specific eligibility requirements are stated.,"This program focuses on the principles and practices of construction technology and management. It covers the technical aspects, planning, and administrative aspects required for successful construction projects. The curriculum emphasizes the integration of engineering principles with management strategies.",Regular,2 year,"['Project management', 'Construction planning', 'Technical analysis', 'Resource allocation']","['Construction manager', 'Project executive', 'Construction consultant', 'Site supervisor']",UG,,,[]
M.TECH (ELECTRICAL & ELECTRONICS ENGG.),PG,Engineering,No specific eligibility requirements are stated.,"This program focuses on advanced study in electrical and electronics engineering principles. It covers complex systems, circuit theory, and electronic device design and analysis.",Regular,2 year,"['Circuit analysis', 'System design', 'Electronic components', 'Signal processing']","['Electrical engineer', 'Electronics designer', 'Power systems analyst', 'Control systems engineer']",UG,,,[]
M.TECH (ELECTRICAL ENGINEERING),PG,Engineering,No specific eligibility requirements were provided.,"This program focuses on advanced study in electrical engineering principles and applications. It involves in-depth exploration of complex systems, circuit theory, and power management concepts. The curriculum aims to develop advanced analytical and design skills in the field.",Regular,2 year,"['Circuit analysis', 'System design', 'Power management', 'Signal processing']","['Electrical engineer', 'Power system analyst', 'Control systems designer', 'Research and development specialist']",UG,,,[]
M.TECH (INFORMATION TECHNOLOGY),PG,Engineering,No specific eligibility requirements were provided.,This program focuses on advanced study in Information Technology. It covers theoretical foundations and practical applications of computing systems and software development. The curriculum emphasizes problem-solving and system design in the IT domain.,Regular,2 year,"['System design', 'Programming skills', 'Algorithm development', 'Software architecture']","['Software Developer', 'Systems Analyst', 'IT Consultant', 'Data Scientist']",UG,,,[]
M.TECH (MACHINE DESIGN),PG,Engineering,No specific eligibility requirements were provided.,"This program focuses on the theoretical and practical aspects of machine design. It involves the study of principles related to the design, analysis, and optimization of mechanical systems and components.",Regular,2 year,"['Design principles', 'System analysis', 'Mechanical modeling', 'Optimization techniques']","['Design engineer', 'Mechanical designer', 'R&D specialist', 'Product development lead']",UG,,,[]
M.TECH (MECHANICAL ENGG. - MACHINE DESIGN),PG,Engineering,No specific eligibility requirements are stated.,"This program focuses on the principles and applications of machine design within the field of mechanical engineering. It involves studying the design, analysis, and optimization of mechanical systems and components.",Regular,2 year,"['Machine design', 'System analysis', 'Mechanical principles']","['Machine designer', 'Design engineer', 'Mechanical analyst']",UG,,,[]
M.TECH (PRINT & GRAPHIC COMMUNICATIONS),PG,Engineering,No specific eligibility requirements were provided.,"This program focuses on the theoretical and practical aspects of print and graphic communications. It covers the principles of visual communication, design, and the technical aspects of media production.",Regular,2 year,"['Visual design', 'Media production', 'Typography', 'Layout design']","['Graphic designer', 'Print manager', 'Media specialist', 'Communications consultant']",UG,,,[]
M.TECH (PRINTING TECHNOLOGY),PG,Engineering,No specific eligibility requirements were provided.,"This program focuses on the theoretical and practical aspects of printing technology. It covers the principles, processes, and applications related to various printing methods and systems. The curriculum aims to develop expertise in modern printing technologies and their industrial applications.",Regular,2 year,"['Printing processes', 'Technology application', 'Process optimization']","['Printing engineer', 'Technology consultant', 'Production manager']",UG,,,[]
M.TECH (SOFTWARE ENGINEERING),PG,Engineering,No specific eligibility requirements are stated.,"This program focuses on the theoretical foundations and practical application of software engineering principles. It covers the design, development, maintenance, and testing of software systems. The curriculum emphasizes algorithmic design and software architecture.",Regular,2 year,"['Software design', 'Algorithm development', 'System analysis', 'Programming proficiency']","['Software Developer', 'Systems Analyst', 'Software Architect', 'Quality Assurance Engineer']",UG,,,[]
M.TECH (STRUCTURAL DESIGN),PG,Engineering,No specific eligibility requirements were provided.,"This program focuses on the theoretical and practical aspects of structural design. It involves studying the principles of mechanics, materials, and design to analyze and design safe and functional structures.",Regular,2 year,"['Structural analysis', 'Design principles', 'Material science', 'Finite element methods']","['Structural engineer', 'Design consultant', 'Bridge designer', 'Structural analyst']",UG,,,[]
M.TECH (TEXTILE CHEMISTRY),PG,Science,No specific eligibility requirements are stated.,"This program focuses on the chemical processes and materials involved in the textile industry. It covers the fundamental science behind fiber formation, processing, and material development. The curriculum emphasizes the application of chemical principles to textile science.",Regular,2 year,"['Chemical analysis', 'Material science', 'Process optimization', 'Textile chemistry']","['Textile R&D Scientist', 'Material development engineer', 'Process chemist', 'Quality control specialist']",UG,,,[]
M.TECH (TEXTILE TECHNOLOGY),PG,Engineering,No specific eligibility requirements were provided.,"This program focuses on the advanced study of textile technology, covering the scientific and engineering principles related to the production, processing, and structure of textile materials. It involves in-depth exploration of fiber science, material engineering, and textile manufacturing processes.",Regular,2 year,"['Material science', 'Process optimization', 'Textile manufacturing', 'Technical analysis']","['Textile R&D specialist', 'Material development engineer', 'Production process manager', 'Textile technology consultant']",UG,,,[]
M.TECH (THERMAL ENGINEERING),PG,Engineering,No specific eligibility requirements are stated.,"This program focuses on the principles and applications of thermal engineering. It covers the study of heat transfer, thermodynamics, and energy systems. The curriculum aims to develop expertise in designing and optimizing thermal systems.",Regular,2 year,"['Heat transfer analysis', 'Thermodynamics principles', 'System design', 'Energy optimization']","['Thermal engineer', 'Energy consultant', 'Process design specialist', 'R&D scientist']",UG,,,[]
M.Tech Civil (Structural Engineering),PG,Engineering,No specific eligibility requirements were provided.,"This program focuses on the advanced study of structural engineering principles and design methodologies. It involves in-depth exploration of material science, structural analysis, and design for civil infrastructure.",Regular,2 year,"['Structural analysis', 'Design principles', 'Material science', 'Engineering methods']","['Structural engineer', 'Design consultant', 'Infrastructure planner', 'Research analyst']",UG,,,[]
M.TECH CIVIL ENGG. (STRUCTURAL ENGINEERING & CONSTRUCTION),PG,Engineering,No specific eligibility requirements are stated.,"This program focuses on the theoretical and practical aspects of structural engineering and construction. It involves studying the principles of designing, analyzing, and managing the construction of structures.",Regular,2 year,"['Structural analysis', 'Construction management', 'Design principles', 'Material science']","['Structural engineer', 'Construction manager', 'Design consultant', 'Project supervisor']",UG,,,[]
M.Tech Civil Engineering (Transportation Engineering),PG,Engineering,No specific eligibility requirements were provided.,"This program focuses on the principles and practices of transportation engineering. It covers the design, planning, and management of transportation systems, including roads, traffic flow, and public transit networks. The curriculum emphasizes the application of engineering principles to solve complex transportation challenges.",Regular,2 year,"['Transportation planning', 'Traffic flow analysis', 'Infrastructure design', 'Systems modeling']","['Transportation planner', 'Traffic engineer', 'Infrastructure consultant', 'Road design specialist']",UG,,,[]
M.TECH(COMPUTER SCIENCE&ENGINEERING),PG,Engineering,No specific eligibility requirements were provided.,"This program focuses on advanced study in the core principles of computer science and engineering. It involves in-depth exploration of computational theory, algorithms, and system design. The curriculum aims to develop expertise in complex problem-solving within the field of technology.",Regular,2 year,"['Algorithm design', 'System architecture', 'Programming proficiency', 'Computational theory']","['Software developer', 'Systems architect', 'Data scientist', 'Research engineer']",UG,,,[]
M.TECH(ELECTRONIC & COMMUNICATION),PG,Engineering,No specific eligibility requirements are stated.,"This program focuses on the principles and applications of electronics and communication systems. It involves in-depth study of electrical, electronic, and communication theories and technologies.",Regular,2 year,"['Circuit design', 'Signal processing', 'Communication theory', 'System analysis']","['Electronics engineer', 'Communication systems analyst', 'RF engineer', 'Embedded systems developer']",UG,,,[]
M.TECH. (CYBER FORENSICS AND INFORMATION SECURITY),PG,Science,No specific eligibility requirements were provided.,This program focuses on the principles and practices of digital forensics and information security. It involves studying methods for investigating cyber incidents and protecting information systems from threats.,Regular,2 year,"['Digital investigation', 'Security protocols', 'Data analysis', 'Forensic techniques']","['Cyber security analyst', 'Digital forensics investigator', 'Information security specialist', 'Security consultant']",UG,,,[]
M.TECH. (TRANSPORTATION ENGINEERING & MANAGEMENT),PG,Engineering,No specific eligibility requirements are stated.,"This program focuses on the principles and practices of transportation engineering and management. It covers the design, planning, and operation of transportation systems and infrastructure.",Regular,2 year,"['Systems design', 'Logistics planning', 'Infrastructure management', 'Transportation modeling']","['Transportation planner', 'Logistics manager', 'Traffic engineer', 'Consultant']",UG,,,[]
MASTER OF ARCHITECTURE,PG,Engineering,No specific eligibility requirements were provided.,"This program focuses on the theoretical and practical aspects of architectural design, planning, and construction. It involves studying the principles of spatial organization, structural systems, and aesthetic principles in the built environment.",Regular,2 year,"['Design principles', 'Spatial planning', 'Construction methods', 'Aesthetic theory']","['Architect', 'Design consultant', 'Urban planner', 'Building manager']",UG,,,[]
Ph.D (LAW),PhD,Humanities,No specific eligibility requirements were provided.,"This program focuses on advanced theoretical and empirical research within the field of Law. It involves in-depth study of legal principles, systems, and jurisprudence.",Regular,,"['Legal research', 'Critical analysis', 'Legal reasoning']","['Legal scholar', 'Law professor', 'Legal consultant']",PG,,,[]
Ph.D (BIOTECHNOLOGY),PhD,Science,No specific eligibility requirements are provided.,"This program focuses on advanced research and theoretical study within the field of Biotechnology. It involves in-depth exploration of biological systems, molecular mechanisms, and biotechnological applications. The curriculum emphasizes critical thinking and advanced problem-solving skills.",Regular,,"['Research skills', 'Biotechnology knowledge', 'Experimental design', 'Data interpretation']","['Biotechnology researcher', 'R&D specialist', 'Academic professor', 'Bioprocess consultant']",PG,,,[]
Ph.D (MECHANICAL ENGG.)-UIET,PhD,Engineering,No specific eligibility requirements are provided.,"This program focuses on advanced theoretical knowledge, research methodologies, and specialized problem-solving within the field of mechanical engineering. It involves in-depth study of complex systems, material science, and design principles.",Regular,,"['Research skills', 'Problem solving', 'Theoretical analysis']","['Research scientist', 'Senior engineer', 'Academic researcher']",PG,,,[]
Ph.D (E.C.E)-UIET,PhD,Engineering,No specific eligibility requirements are provided.,"This program focuses on advanced research within the field of Electrical and Computer Engineering. It involves in-depth study of theoretical concepts, advanced problem-solving, and original research methodologies.",Regular,,"['Research skills', 'Problem solving', 'Theoretical analysis']","['Research scholar', 'Senior engineer', 'Academic researcher']",PG,,,[]
Ph.D (Management),PhD,Management,No specific eligibility requirements were provided.,"This program focuses on advanced research and theoretical exploration within the field of management. It involves in-depth study of complex organizational theories, practices, and contemporary management challenges. The goal is to develop advanced analytical and critical thinking skills for scholarly contribution.",Regular,,"['Research skills', 'Critical thinking', 'Theoretical analysis']","['Academic researcher', 'Management consultant', 'Senior executive']",PG,,,[]
Ph.D (BIO-INFORMATICS),PhD,Science,No specific eligibility requirements were provided.,This program focuses on the intersection of biology and information science. It involves developing computational methods and theoretical frameworks to analyze complex biological data. The curriculum emphasizes advanced mathematical and computational techniques applied to biological systems.,Regular,,"['Bioinformatics analysis', 'Computational modeling', 'Statistical inference', 'Algorithm development']","['Bioinformatics researcher', 'Computational biologist', 'Data scientist', 'Biomedical informatics specialist']",PG,,,[]
Ph.D (Library & Information Science),PhD,Humanities,Specific eligibility requirements are not provided.,"This program focuses on the theoretical foundations, research methodologies, and advanced scholarly inquiry within the field of Library and Information Science. It trains scholars to conduct original research and contribute to the advancement of knowledge in information organization and access.",Regular,,"['Research methodology', 'Information retrieval', 'Scholarly writing', 'Data organization']","['Academic researcher', 'Librarian specialist', 'Information manager', 'Archivist']",PG,,,[]
Ph.D (MEDICAL BIO-TECHNOLOGY),PhD,Science,No specific eligibility requirements were provided.,"This program focuses on the integration of medical and biological sciences to develop new technologies. It involves advanced study in molecular biology, genetics, and biotechnological applications.",Regular,,"['Research skills', 'Biotechnology knowledge', 'Data analysis']","['Research scientist', 'Biotechnology consultant', 'Medical researcher']",PG,,,[]
Ph.D (Management)- UIET,PhD,Management,No specific eligibility requirements were provided.,"This program focuses on advanced research and scholarly inquiry within the field of Management. It involves in-depth study of theoretical frameworks, analytical methods, and contemporary issues in management science.",Regular,,"['Research skills', 'Analytical thinking', 'Critical evaluation']","['Management researcher', 'Academic scholar', 'Consultant']",PG,,,[]
Ph.D (FORENSIC SCIENCE),PhD,Science,No specific eligibility requirements were provided.,This program focuses on advanced research within the field of forensic science. It involves in-depth study of scientific principles applied to legal and investigative contexts. The curriculum emphasizes critical analysis and evidence-based reasoning.,Regular,,"['Research skills', 'Evidence analysis', 'Scientific methodology']","['Forensic researcher', 'Scientific consultant', 'Forensic analyst']",PG,,,[]
Ph.D (Hotel Management),PhD,Management,No specific eligibility requirements were provided.,"This program focuses on advanced research and scholarly inquiry within the field of Hotel Management. It involves in-depth study of theoretical frameworks, operational practices, and strategic management principles applied to the hospitality sector. The goal is to develop expertise through original research and critical analysis.",Regular,,"['Research skills', 'Critical thinking', 'Strategic planning']","['Academic researcher', 'Hospitality consultant', 'Hotel management specialist']",PG,,,[]
Ph.D (CHEMISTRY)-UIET,PhD,Science,No specific eligibility requirements are stated.,"This program focuses on advanced research and theoretical study within the field of Chemistry. It involves in-depth investigation of chemical principles, reactions, and material science. The curriculum emphasizes developing advanced analytical and theoretical problem-solving skills.",Regular,,"['Research skills', 'Analytical thinking', 'Theoretical modeling']","['Research scientist', 'Academic researcher', 'Process development specialist']",PG,,,[]
Ph.D (English)- UIET,PhD,Humanities,No specific eligibility requirements were provided.,"This program focuses on advanced study in the field of English, emphasizing critical analysis, literary theory, and linguistic research. It involves in-depth investigation into the history, structure, and interpretation of language.",Regular,,"['Critical analysis', 'Linguistic research', 'Textual interpretation']","['Academic researcher', 'Linguist', 'Literary critic']",PG,,,[]
Ph.D (Tourism Management),PhD,Management,No specific eligibility requirements were provided.,"This program focuses on advanced research and scholarly inquiry within the field of Tourism Management. It involves in-depth study of theoretical frameworks, contemporary issues, and practical applications related to the tourism sector. The goal is to develop advanced research skills and critical analytical capabilities.",Regular,,"['Research methodology', 'Critical thinking', 'Data analysis']","['Academic researcher', 'Tourism consultant', 'Policy analyst']",PG,,,[]
Ph.D (C.S.E)-UIET,PhD,Engineering,No specific eligibility requirements are provided.,"This program focuses on advanced research and scholarly investigation within the field of Computer Science and Engineering. It involves in-depth study of theoretical concepts, advanced algorithms, and novel problem-solving techniques.",Regular,,"['Research skills', 'Algorithm design', 'Problem solving', 'Theoretical analysis']","['Research scholar', 'Senior engineer', 'Academic researcher', 'Consultant']",PG,,,[]
Ph.D (Defence & Strategic Studies),PhD,Humanities,Specific eligibility criteria are not provided.,"This program focuses on the theoretical and practical aspects of defence and strategic studies. It involves in-depth research into geopolitical dynamics, security policy, and strategic decision-making.",Regular,,"['Strategic analysis', 'Policy formulation', 'Critical thinking', 'Research methodology']","['Defence analyst', 'Policy advisor', 'Security consultant', 'Academic researcher']",PG,,,[]
Ph.D (Life Science- Bio-technology/Genetics/Microbiology/Medical Bio-Technology/Bioinformatics),PhD,Science,No specific eligibility requirements are stated.,"This program focuses on advanced research within the life sciences, encompassing areas such as biotechnology, genetics, microbiology, and bioinformatics. It involves in-depth study of biological systems and the application of scientific principles to solve complex biological problems.",Regular,,"['Research methodology', 'Data analysis', 'Experimental design', 'Bioinformatics', 'Molecular biology']","['Research scientist', 'Bioinformatics analyst', 'Biotechnology specialist', 'Medical researcher', 'Academic faculty']",PG,,,[]
Ph.D (Textile),PhD,Engineering,No specific eligibility requirements were provided.,"This program focuses on advanced research and scholarly inquiry within the field of textile science. It involves in-depth study of the theoretical foundations, experimental methodologies, and innovative developments in textile materials and processes.",Regular,,"['Research skills', 'Material science', 'Experimental design']","['Research scientist', 'Academic researcher', 'R&D specialist']",PG,,,[]
Ph.D (Yoga Science),PhD,Humanities,No specific eligibility requirements were provided.,"This program focuses on the theoretical and practical aspects of Yoga Science. It involves in-depth study of the philosophical, physiological, and psychological dimensions of yoga practice and its applications.",Regular,,"['Theoretical knowledge', 'Philosophical analysis', 'Applied practice']","['Yoga researcher', 'Yoga educator', 'Wellness consultant']",PG,,,[]
Ph.D (BIOCHEMISTRY),PhD,Science,Specific eligibility requirements are not provided.,This program focuses on advanced theoretical and experimental investigation within the field of biochemistry. It involves in-depth study of the molecular basis of biological systems and biochemical processes. The curriculum emphasizes research methodologies and advanced analytical techniques.,Regular,,"['Research methodology', 'Molecular analysis', 'Experimental design', 'Data interpretation']","['Research scientist', 'Biochemist', 'Academic researcher', 'Postdoctoral fellow']",PG,,,"['BIOCHEMISTRY', 'PhD']"
Ph.D (CHEMISTRY),PhD,Science,No specific eligibility requirements are stated.,"This program focuses on advanced theoretical and experimental research within the field of Chemistry. It involves in-depth study of chemical principles, reaction mechanisms, and the development of new chemical knowledge.",Regular,,"['Research skills', 'Analytical thinking', 'Problem-solving']","['Research scientist', 'Academic researcher', 'Process development specialist']",PG,,,[]
Ph.D (BOTANY),PhD,Science,No specific eligibility requirements are provided.,"This program focuses on advanced research within the field of Botany. It involves in-depth study of plant biology, ecology, and related theoretical frameworks. The curriculum emphasizes critical thinking and original scientific inquiry.",Regular,,"['Research skills', 'Critical thinking', 'Scientific inquiry']","['Research scientist', 'Academic researcher', 'Botanist']",PG,,,[]
Ph.D (Electrical Engg.)--UIET,PhD,Engineering,No specific eligibility requirements are provided.,This program focuses on advanced research and theoretical study within the field of Electrical Engineering. It involves in-depth investigation into complex electrical systems and theoretical principles.,Regular,,"['Research skills', 'Theoretical analysis', 'Problem-solving']","['Research scientist', 'Senior engineer', 'Academic researcher']",PG,,,[]
PH.D (FOOD TECHNOLOGY),PhD,Science,No specific eligibility requirements are provided.,"This program focuses on advanced research and scholarly investigation within the field of food technology. It involves in-depth study of the principles governing food processing, composition, and safety. The curriculum emphasizes theoretical knowledge and practical application in food systems.",Regular,,"['Research skills', 'Food analysis', 'Process optimization', 'Food safety']","['Food R&D Scientist', 'Food Technologist', 'Food Quality Specialist', 'Academic Researcher']",PG,,,[]
Ph.D (CIVIL)-UIET,PhD,Engineering,No specific eligibility requirements are provided.,"This program focuses on advanced research and theoretical study within the field of Civil Engineering. It involves in-depth investigation into complex structural, material, and infrastructure problems.",Regular,,"['Research skills', 'Theoretical analysis', 'Problem-solving']","['Research scholar', 'Senior engineer', 'Academic researcher']",PG,,,[]
Ph.D (ZOOLOGY),PhD,Science,No specific eligibility requirements are provided.,"This program focuses on advanced research and scholarly investigation within the field of Zoology. It involves in-depth study of animal biology, behavior, and evolution.",Regular,,"['Research skills', 'Data analysis', 'Experimental design']","['Research scientist', 'Academic researcher', 'Zoologist']",PG,,,[]
Ph.D (ENGLISH & FOREIGN LANGUAGE),PhD,Humanities,No specific eligibility requirements were provided.,"This program focuses on advanced study in the fields of English and foreign languages. It involves in-depth exploration of linguistic theory, literature, and cross-cultural communication.",Regular,,"['Linguistic analysis', 'Cross-cultural communication', 'Advanced research']","['Academic researcher', 'Language instructor', 'Translator', 'Literary critic']",PG,,,[]
Ph.D (GEOGRAPHY),PhD,Humanities,No specific eligibility requirements were provided.,"This program focuses on advanced theoretical and empirical research within the field of Geography. It involves developing specialized knowledge in spatial analysis, environmental systems, and human-environment interactions. The curriculum emphasizes critical thinking and original scholarly contribution.",Regular,,"['Research skills', 'Spatial analysis', 'Theoretical modeling']","['Academic researcher', 'GIS specialist', 'Policy analyst']",PG,,,[]
Ph.D (HINDI),PhD,Humanities,No specific eligibility requirements are provided.,"This program focuses on advanced scholarly research within the field of Hindi studies. It involves in-depth investigation of linguistic, literary, and cultural aspects of the Hindi language and literature. The curriculum emphasizes critical analysis and original research methodologies.",Regular,,"['Research skills', 'Linguistic analysis', 'Critical thinking']","['Academic researcher', 'Linguist', 'Literary critic']",PG,,,[]
Ph.D (HISTORY),PhD,Humanities,No specific eligibility requirements are provided.,"This program focuses on advanced scholarly research within the field of History. It involves in-depth study of historical sources, critical analysis of past events, and the development of original historical scholarship.",Regular,,"['Historical research', 'Critical analysis', 'Source evaluation']","['Academic researcher', 'Historian', 'Archivist']",PG,,,[]
Ph.D (POLITICAL SCIENCE),PhD,Humanities,No specific eligibility requirements are provided.,"This program focuses on advanced theoretical and empirical research within the field of political science. It involves in-depth study of political systems, governance, and social behavior.",Regular,,"['Research skills', 'Critical thinking', 'Theoretical analysis']","['Academic researcher', 'Policy analyst', 'Political consultant']",PG,,,[]
Ph.D (PSYCHOLOGY),PhD,Humanities,No specific eligibility requirements were provided.,"This program focuses on advanced theoretical and empirical investigation within the field of psychology. It involves in-depth study of psychological theories, research methods, and complex human behavior. The curriculum emphasizes critical thinking and original scholarly contribution.",Regular,,"['Research methodology', 'Critical thinking', 'Theoretical analysis']","['Research scholar', 'Psychologist', 'Academic researcher']",PG,,,[]
Ph.D (Public Administration),PhD,Management,No specific eligibility requirements were provided.,"This program focuses on the theoretical and empirical study of public administration. It involves in-depth research into the policies, organizations, and processes of governance.",Regular,,"['Research skills', 'Policy analysis', 'Critical thinking']","['Public sector management', 'Policy analyst', 'Government administrator']",PG,,,[]
Ph.D (SANSKRIT),PhD,Humanities,No specific eligibility requirements are provided.,"This program focuses on advanced scholarly research within the field of Sanskrit. It involves in-depth study of the linguistic, literary, and philosophical traditions of Sanskrit.",Regular,,"['Advanced research', 'Linguistic analysis', 'Textual interpretation']","['Academic researcher', 'Linguist', 'Scholar']",PG,,,[]
Ph.D (VISUAL ARTS),PhD,Humanities,No specific eligibility requirements are provided.,"This program focuses on advanced theoretical and practical investigation within the field of Visual Arts. It involves in-depth study of artistic theory, history, and creative practice. The curriculum emphasizes critical analysis and original artistic creation.",Regular,,"['Art theory', 'Critical analysis', 'Creative practice']","['Art historian', 'Curator', 'Art critic']",PG,,,[]
Ph.D (JOURNALISM & MASS COMMUNICATION),PhD,Humanities,Specific eligibility requirements are not provided.,"This program focuses on advanced research and critical analysis within the fields of journalism and mass communication. It involves in-depth study of communication theories, media practices, and societal impact. The curriculum emphasizes theoretical understanding and original scholarly contribution.",Regular,,"['Research skills', 'Critical analysis', 'Media theory', 'Communication strategy']","['Academic researcher', 'Media analyst', 'Communications specialist', 'Journalist']",PG,,,[]
Ph.D (PHYSICAL EDUCATION),PhD,Humanities,No specific eligibility requirements were provided.,"This program focuses on advanced theoretical and empirical study within the field of Physical Education. It involves in-depth investigation into the theories, practices, and societal implications of physical education.",Regular,,"['Research skills', 'Theoretical analysis', 'Curriculum design']","['Academic researcher', 'Educational consultant', 'Curriculum developer']",PG,,,[]
Ph.D (COMMERCE),PhD,Commerce,No specific eligibility requirements were provided.,"This program focuses on advanced research and scholarly inquiry within the field of Commerce. It involves in-depth study of economic theories, business practices, and financial systems. The curriculum emphasizes critical thinking and original research methodologies.",Regular,,"['Research skills', 'Critical thinking', 'Analytical skills']","['Academic researcher', 'Business consultant', 'Financial analyst']",PG,,,[]
Ph.D (ECONOMICS),PhD,Commerce,Specific eligibility requirements are not provided.,"This program focuses on advanced theoretical and empirical research within the field of Economics. It involves in-depth study of economic theories, methodologies, and analytical techniques.",Regular,,"['Advanced research', 'Economic modeling', 'Quantitative analysis']","['Academic researcher', 'Economic consultant', 'Policy analyst']",PG,,,[]
Ph.D (ENVIRONMENTAL SCIENCE),PhD,Science,No specific eligibility requirements are provided.,"This program focuses on advanced research within the field of environmental science. It involves in-depth study of ecological systems, environmental processes, and sustainability challenges. The curriculum emphasizes theoretical knowledge and original research methodologies.",Regular,,"['Research methodology', 'Data analysis', 'Environmental modeling', 'Scientific inquiry']","['Environmental researcher', 'Sustainability consultant', 'Academic professor', 'Policy analyst']",PG,,,[]
Ph.D (EDUCATION),PhD,Humanities,Specific eligibility requirements are not provided.,"This program focuses on advanced scholarly research within the field of education. It involves in-depth study of educational theories, methodologies, and practices. The curriculum aims to develop expertise in educational research and theory.",Regular,,"['Research methodology', 'Theoretical analysis', 'Critical thinking', 'Scholarly writing']","['University professor', 'Educational researcher', 'Curriculum developer', 'Educational consultant']",PG,,,[]
Ph.D (STATISTICS),PhD,Science,No specific eligibility requirements were provided.,"This program focuses on advanced theoretical and applied statistical methods. It involves in-depth study of probability theory, statistical inference, and data modeling techniques. The curriculum emphasizes rigorous mathematical foundations and analytical problem-solving.",Regular,,"['Statistical modeling', 'Data analysis', 'Mathematical reasoning', 'Inferential statistics']","['Research scientist', 'Data analyst', 'Statistician', 'Machine learning specialist']",PG,,,[]
Ph.D (COMPUTER SCIENCE & APPLICATION),PhD,Science,No specific eligibility requirements were provided.,"This program focuses on advanced theoretical and applied research within the field of computer science. It involves in-depth study of algorithms, data structures, and computational theory. The curriculum emphasizes developing novel solutions and advancing knowledge in computing.",Regular,,"['Research skills', 'Problem-solving', 'Algorithm design', 'Computational theory']","['Research scientist', 'AI developer', 'Software architect', 'Data scientist']",PG,,,[]
Ph.D (BIO-TECHNOLOGY),PhD,Science,No specific eligibility requirements are provided.,"This program focuses on advanced research and scholarly investigation within the field of biotechnology. It involves in-depth study of biological systems, molecular mechanisms, and the application of scientific principles to solve complex problems.",Regular,,"['Research skills', 'Experimental design', 'Data interpretation']","['Research scientist', 'Biotechnology consultant', 'Academic researcher']",PG,,,[]
Ph.D (PHYSICS),PhD,Science,No specific eligibility requirements were provided.,This program focuses on advanced theoretical and experimental physics. It involves in-depth study of fundamental physical laws and the development of new physical theories.,Regular,,"['Theoretical physics', 'Experimental techniques', 'Advanced mathematics']","['Research scientist', 'Academic researcher', 'Physics consultant']",PG,,,[]
Ph.D (GENETICS),PhD,Science,No specific eligibility requirements were provided.,"This program focuses on advanced theoretical and empirical research within the field of genetics. It involves in-depth study of molecular mechanisms, heredity, and the biological basis of variation.",Regular,,"['Research methodology', 'Molecular biology', 'Statistical analysis']","['Research scientist', 'Geneticist', 'Academic researcher']",PG,,,[]
Ph.D (Microbiology),PhD,Science,No specific eligibility requirements are stated.,"This program focuses on advanced research and theoretical study within the field of Microbiology. It involves in-depth investigation of microbial life, processes, and interactions. The curriculum emphasizes advanced scientific methodologies and critical analysis.",Regular,,"['Research skills', 'Microbial analysis', 'Experimental design']","['Research scientist', 'Microbiologist', 'Academic researcher']",PG,,,[]
Ph.D (ENVIRONMENT SC.)- UIET,PhD,Science,No specific eligibility requirements are provided.,"This program focuses on advanced research within the field of environmental science. It involves in-depth study of environmental systems, processes, and sustainability challenges. The curriculum emphasizes theoretical knowledge and original research methodologies.",Regular,,"['Research methodology', 'Environmental modeling', 'Data interpretation']","['Research scientist', 'Environmental consultant', 'Academic researcher']",PG,,,[]
Ph.D (MATHS)- UIET,PhD,Science,No specific eligibility requirements are provided.,"This program focuses on advanced theoretical and applied mathematics research. It involves in-depth study of mathematical concepts, proofs, and advanced problem-solving techniques. The curriculum emphasizes developing novel mathematical theories and methodologies.",Regular,,"['Mathematical theory', 'Advanced problem-solving', 'Research methodology']","['Research academic', 'Mathematical analyst', 'Algorithm developer']",PG,,,[]
PH.D (PHYSICS)- UIET,PhD,Science,No specific eligibility requirements are provided.,This program focuses on advanced theoretical and experimental physics research. It involves in-depth study of fundamental physical laws and theoretical frameworks. The curriculum emphasizes advanced problem-solving and original scientific inquiry.,Regular,,"['Theoretical physics', 'Experimental methods', 'Advanced problem-solving']","['Research scientist', 'Academic researcher', 'Physics consultant']",PG,,,[]
Ph.D (PHARMACEUTICAL SCIENCES),PhD,Science,No specific eligibility requirements are stated.,"This program focuses on advanced research and scholarly investigation within the field of pharmaceutical sciences. It involves in-depth study of the fundamental principles governing drug discovery, development, and formulation. The curriculum emphasizes critical thinking and advanced scientific methodologies.",Regular,,"['Research methodology', 'Scientific analysis', 'Experimental design', 'Data interpretation']","['Research scientist', 'Pharmaceutical development specialist', 'Academic researcher', 'Drug discovery expert']",PG,,,[]
Ph.D (Mathematics),PhD,Science,No specific eligibility requirements were provided.,"This program focuses on advanced theoretical and applied mathematical concepts. It involves in-depth study of mathematical theory, proofs, and problem-solving techniques. The curriculum emphasizes abstract reasoning and mathematical innovation.",Regular,,"['Mathematical reasoning', 'Abstract thinking', 'Proof construction', 'Problem-solving']","['Research mathematician', 'Mathematical analyst', 'Academic researcher', 'Quantitative analyst']",PG,,,[]
