student_id,program_name,program_level,domain,eligibility,description,mode,duration,skills_learned,career_outcomes,min_degree_level,min_marks_general,min_marks_reserved,required_subjects,score,domain_match,subject_overlap,marks_margin,label
1,Master of Arts Political Science,PG,Humanities,"Requires a Bachelor's Degree in any discipline with at least 45% aggregate marks or equivalent examination recognized by M.D. University, Rohtak.","This program focuses on the theoretical and analytical study of political systems, governance, and public policy. It involves in-depth exploration of political theory, international relations, and comparative politics.",Open and Distance Learning Mode,2 year,"['Political analysis', 'Theoretical understanding', 'Research skills']","['Policy analyst', 'Political researcher', 'Public administration officer']",UG,45.0,,"['Political Science', 'any', 'course']",0.1750368865520181,1,0,15.700000000000005,
1,M.TECH (ARTIFICIAL INTELLIGENCE AND DATA SCIENCE),PG,Science,No specific eligibility requirements were provided.,"This program focuses on the theoretical foundations and practical applications of Artificial Intelligence and Data Science. It involves studying algorithms, statistical methods, and machine learning techniques to analyze complex data and develop intelligent systems.",Regular,2 year,"['Machine learning', 'Data analysis', 'Algorithm design', 'Statistical modeling']","['Data Scientist', 'AI Engineer', 'Machine Learning Specialist', 'Data Analyst']",UG,,,[],0.1280973274477971,0,0,0.0,
1,M.TECH. COMPUTER SCIENCE AND ENGINEERING (ARTIFICIAL INTELLIGENCE AND MACHINE LEARNING),PG,Engineering,No specific eligibility requirements were provided.,"This program focuses on the theoretical foundations and practical applications of Artificial Intelligence and Machine Learning within the field of Computer Science and Engineering. It covers advanced mathematical, computational, and algorithmic concepts necessary for developing intelligent systems. The curriculum emphasizes the design, implementation, and evaluation of complex ML models.",Regular,2 year,"['Machine learning', 'Algorithm design', 'Programming', 'Data analysis']","['AI Developer', 'Machine Learning Engineer', 'Data Scientist', 'Software Architect']",UG,,,[],0.1038495588252561,0,0,0.0,
1,PG Diploma in Data Analytics,PG,Science,Requires a Bachelor's Degree with at least 50% marks in aggregate or equivalent examination recognized by M.D. University Rohtak.,"This program focuses on the principles and techniques of data analysis. It covers methods for collecting, processing, and interpreting large datasets to derive meaningful insights. The curriculum emphasizes statistical foundations and analytical tools relevant to data-driven decision-making.",Regular,1 year,"['Data analysis', 'Statistical methods', 'Data interpretation']","['Data analyst', 'Business intelligence specialist', 'Data visualization expert']",UG,50.0,,"['Data Analytics', 'Mathematics']",0.0905871754120062,0,0,10.700000000000005,
1,Master of Arts Public Administration,PG,Management,Requires a Bachelor's Degree in any discipline with at least 45% aggregate marks or equivalent examination recognition.,"This program focuses on the administrative principles, policies, and practices related to public administration. It covers the theoretical foundations and practical applications of governance and public service management.",Open and Distance Learning Mode,2 year,"['Policy analysis', 'Administrative theory', 'Public governance', 'Research skills']","['Public administrator', 'Policy analyst', 'Administrative officer', 'Public sector manager']",UG,45.0,45.0,[],0.0766019848988368,0,0,15.700000000000005,
1,Certificate Course in Research Methods in Social Sciences,PG,Humanities,Requires a Bachelor's Degree in any discipline with at least 45% aggregate marks.,"This course focuses on the methodologies and techniques essential for conducting research within the social sciences. It provides students with the foundational knowledge necessary to design, execute, and analyze social science research projects effectively.",Regular,6 Months,"['Research methodology', 'Data collection', 'Statistical analysis', 'Research design']","['Social science researcher', 'Research assistant', 'Data analyst', 'Research practitioner']",UG,45.0,,[],0.0746109232467961,1,0,15.700000000000005,
1,PG Diploma in Computational Biology,PG,Science,"Requires a Bachelor's Degree in Biological Sciences, Computer Science, or allied biological sciences, or equivalent examination recognized by State Universities of Haryana.","This program focuses on the intersection of biology and computation. It involves studying the mathematical and computational methods applied to biological systems and data. The curriculum covers bioinformatics, computational modeling, and biological data analysis.",Regular,1 year,"['Data analysis', 'Computational modeling', 'Bioinformatics', 'Statistical methods']","['Bioinformatics analyst', 'Computational biologist', 'Biomedical data scientist', 'Research assistant']",UG,,,"['Biological Sciences', 'Computer Science', 'Biology', 'Science']",0.0711729639354745,0,0,0.0,
2,B.TECH (COMPUTER SCIENCE & INFORMATION TECHNOLOGY),UG,Engineering,No specific eligibility requirements were provided.,"This program focuses on the theoretical foundations and practical applications of computer science and information technology. It covers algorithms, data structures, programming, and the management of information systems.",Regular,4 year,"['Programming skills', 'Data structures', 'Algorithm design', 'Information systems']","['Software developer', 'Systems analyst', 'Data scientist', 'IT consultant']",PreUG,,,[],0.126479861264744,1,0,0.0,
2,B.TECH -ARTIFICIAL INTELLIGENCE & DATA SCIENCE,UG,Science,No specific eligibility requirements were provided.,"This program focuses on the theoretical foundations and practical applications of Artificial Intelligence and Data Science. It covers the mathematical, statistical, and computational methods required to analyze complex data and develop intelligent systems. The curriculum emphasizes machine learning, algorithms, and data-driven decision making.",Regular,4 year,"['Data analysis', 'Machine learning', 'Programming skills', 'Statistical modeling']","['Data Scientist', 'AI Engineer', 'Machine Learning Specialist', 'Data Analyst']",PreUG,,,[],0.1252219178856467,0,0,0.0,
2,B.TECH (CSE-ARTIFI. INTELLIGEN. & MACHINE LEARNING ENGINEERING),UG,Engineering,No specific eligibility requirements are stated.,"This program focuses on the principles of computer science, artificial intelligence, and machine learning. It involves studying algorithms, data structures, and the application of computational methods to solve complex problems. The curriculum emphasizes theoretical foundations and practical implementation in these advanced fields.",Regular,4 year,"['Programming skills', 'Algorithm design', 'Machine learning', 'Data analysis', 'Software development']","['Machine learning engineer', 'AI developer', 'Software architect', 'Data scientist', 'Algorithm designer']",PreUG,,,[],0.1168548579549685,1,0,0.0,
2,B.Tech (CSE- Data Science),UG,Science,No specific eligibility requirements were provided.,"This program focuses on the intersection of Computer Science and Data Science principles. It involves training in computational methods, statistical analysis, and the application of algorithms to large datasets. The curriculum covers theoretical foundations and practical applications in data-driven problem-solving.",Regular,4 year,"['Programming skills', 'Statistical analysis', 'Algorithm design', 'Data manipulation']","['Data Scientist', 'Machine Learning Engineer', 'Software Developer', 'Data Analyst']",PreUG,,,[],0.1128467107346396,0,0,0.0,
2,B.TECH (ARTIFICIAL INTELLIGENCE AND MACHINE LEARNING),UG,Engineering,No specific eligibility requirements are stated.,"This program focuses on the theoretical foundations and practical applications of Artificial Intelligence and Machine Learning. It covers algorithms, data structures, and computational methods essential for developing intelligent systems. The curriculum emphasizes problem-solving and model development in the field of computer science.",Regular,4 year,"['Algorithm design', 'Data analysis', 'Programming proficiency', 'Model development']","['Machine Learning Engineer', 'AI Developer', 'Data Scientist', 'Software Developer']",PreUG,,,[],0.1036602864426336,1,0,0.0,
2,B.TECH (INFORMATION TECHNOLOGY),UG,Engineering,No specific eligibility requirements are stated.,"This program focuses on the principles and practices of information technology. It covers the theoretical foundations and practical applications of computing systems, software development, and data management. The curriculum aims to develop students with strong analytical and problem-solving skills in the IT domain.",Regular,4 year,"['Programming skills', 'System design', 'Software development', 'Data management']","['Software Developer', 'Systems Analyst', 'IT Consultant', 'Data Scientist']",PreUG,,,[],0.10128272229464,1,0,0.0,
2,B.TECH. (ARTIFICIAL INTELLIGENCE),UG,Engineering,No specific eligibility requirements were provided.,"This program focuses on the theoretical foundations and practical applications of Artificial Intelligence. It covers algorithms, data structures, and computational methods essential for developing intelligent systems. The curriculum emphasizes problem-solving and the development of intelligent software solutions.",Regular,4 year,"['Algorithm design', 'Programming proficiency', 'Data structures', 'Machine learning', 'Computational thinking']","['AI Developer', 'Machine Learning Engineer', 'Data Scientist', 'Software Developer', 'AI Researcher']",PreUG,,,[],0.087798804588264,1,0,0.0,
3,M.TECH (ARTIFICIAL INTELLIGENCE AND DATA SCIENCE),PG,Science,No specific eligibility requirements were provided.,"This program focuses on the theoretical foundations and practical applications of Artificial Intelligence and Data Science. It involves studying algorithms, statistical methods, and machine learning techniques to analyze complex data and develop intelligent systems.",Regular,2 year,"['Machine learning', 'Data analysis', 'Algorithm design', 'Statistical modeling']","['Data Scientist', 'AI Engineer', 'Machine Learning Specialist', 'Data Analyst']",UG,,,[],0.1745158635714901,0,0,0.0,
3,M.TECH. COMPUTER SCIENCE AND ENGINEERING (ARTIFICIAL INTELLIGENCE AND MACHINE LEARNING),PG,Engineering,No specific eligibility requirements were provided.,"This program focuses on the theoretical foundations and practical applications of Artificial Intelligence and Machine Learning within the field of Computer Science and Engineering. It covers advanced mathematical, computational, and algorithmic concepts necessary for developing intelligent systems. The curriculum emphasizes the design, implementation, and evaluation of complex ML models.",Regular,2 year,"['Machine learning', 'Algorithm design', 'Programming', 'Data analysis']","['AI Developer', 'Machine Learning Engineer', 'Data Scientist', 'Software Architect']",UG,,,[],0.1592367854322476,0,0,0.0,
3,Certificate Course in AI and ML in Pharmaceutical Sciences,PG,Science,Candidates must have passed the Senior Secondary Examination (10+2) with at least 50% marks.,"This program focuses on applying Artificial Intelligence and Machine Learning techniques within the context of pharmaceutical sciences. It covers the integration of computational methods to solve complex problems in drug discovery, development, and pharmaceutical research. The curriculum emphasizes the intersection of data science and pharmaceutical knowledge.",Regular,6 Months,"['AI application', 'ML modeling', 'Pharmaceutical data analysis', 'Computational methods']","['AI pharmaceutical analyst', 'ML drug discovery specialist', 'Pharmaceutical data scientist', 'Bioinformatics researcher']",UG,50.0,,[],0.0905096071091127,0,0,19.59999999999999,
3,PG Diploma in Data Analytics,PG,Science,Requires a Bachelor's Degree with at least 50% marks in aggregate or equivalent examination recognized by M.D. University Rohtak.,"This program focuses on the principles and techniques of data analysis. It covers methods for collecting, processing, and interpreting large datasets to derive meaningful insights. The curriculum emphasizes statistical foundations and analytical tools relevant to data-driven decision-making.",Regular,1 year,"['Data analysis', 'Statistical methods', 'Data interpretation']","['Data analyst', 'Business intelligence specialist', 'Data visualization expert']",UG,50.0,,"['Data Analytics', 'Mathematics']",0.0891967628834335,0,0,19.59999999999999,
3,PG Diploma in Computational Biology,PG,Science,"Requires a Bachelor's Degree in Biological Sciences, Computer Science, or allied biological sciences, or equivalent examination recognized by State Universities of Haryana.","This program focuses on the intersection of biology and computation. It involves studying the mathematical and computational methods applied to biological systems and data. The curriculum covers bioinformatics, computational modeling, and biological data analysis.",Regular,1 year,"['Data analysis', 'Computational modeling', 'Bioinformatics', 'Statistical methods']","['Bioinformatics analyst', 'Computational biologist', 'Biomedical data scientist', 'Research assistant']",UG,,,"['Biological Sciences', 'Computer Science', 'Biology', 'Science']",0.0854050347540024,0,0,0.0,
3,M.Sc. (BIOINFORMATICS),PG,Science,Bachelor's degree in Biological Sciences or related fields is required.,"This program focuses on the intersection of biology and information technology. It involves studying computational methods and data analysis applied to biological systems. The curriculum covers bioinformatics principles, algorithms, and data interpretation in life sciences.",Regular,2 year,"['Data analysis', 'Bioinformatics tools', 'Computational modeling', 'Biological data interpretation']","['Bioinformatics analyst', 'Computational biologist', 'Biomedical informatics specialist', 'Data scientist in life sciences']",UG,,,"['Biological Sciences', 'BIOINFORMATICS', 'Science']",0.0812256564962754,0,0,0.0,
3,Master of Arts Economics,PG,Commerce,"Requires a Bachelor's Degree in any discipline with at least 45% aggregate marks or equivalent examination recognized by M.D. University, Rohtak.","This program focuses on the theoretical and applied aspects of economic principles. It involves in-depth study of economic theories, policies, and analytical methods.",Open and Distance Learning Mode,2 year,"['Economic theory', 'Data analysis', 'Policy evaluation', 'Analytical thinking']","['Economic analyst', 'Policy researcher', 'Financial consultant', 'Economist']",UG,45.0,,[],0.0770541289181905,0,0,24.59999999999999,
4,M.TECH. COMPUTER SCIENCE AND ENGINEERING (ARTIFICIAL INTELLIGENCE AND MACHINE LEARNING),PG,Engineering,No specific eligibility requirements were provided.,"This program focuses on the theoretical foundations and practical applications of Artificial Intelligence and Machine Learning within the field of Computer Science and Engineering. It covers advanced mathematical, computational, and algorithmic concepts necessary for developing intelligent systems. The curriculum emphasizes the design, implementation, and evaluation of complex ML models.",Regular,2 year,"['Machine learning', 'Algorithm design', 'Programming', 'Data analysis']","['AI Developer', 'Machine Learning Engineer', 'Data Scientist', 'Software Architect']",UG,,,[],0.1484263125437206,0,0,0.0,
4,PG Diploma in CyberLaw,PG,Law,"Requires a Bachelor's or Master's degree with at least 45% marks in aggregate or equivalent examination recognized by MDU, Rohtak.",This program focuses on the legal aspects of cyber activities and law. It covers the intersection of technology and legal frameworks relevant to digital environments. The curriculum aims to equip students with knowledge of cyber law principles and regulations.,Regular,1 year,"['Legal analysis', 'Cyber law principles', 'Regulatory compliance']","['Cyber law consultant', 'Legal compliance officer', 'Data privacy lawyer']",UG,45.0,,"['Law', 'CyberLaw']",0.1361319060929153,1,0,25.200000000000003,
4,PG Diploma in Cyber Law,PG,Law,"Requires a Bachelor's or Master's degree with at least 45% marks in aggregate or equivalent examination recognized by MDU, Rohtak.","This program focuses on the legal aspects of cyber activities and digital law. It covers the legal frameworks, regulations, and implications related to cyberspace and digital governance. The curriculum aims to equip students with knowledge of cyber law principles and practices.",Regular,1 year,"['Legal analysis', 'Cyber regulation', 'Digital governance']","['Cyber law consultant', 'Legal compliance officer', 'Data privacy lawyer']",UG,45.0,,[],0.1290486694537878,1,0,25.200000000000003,
4,M.TECH (ARTIFICIAL INTELLIGENCE AND DATA SCIENCE),PG,Science,No specific eligibility requirements were provided.,"This program focuses on the theoretical foundations and practical applications of Artificial Intelligence and Data Science. It involves studying algorithms, statistical methods, and machine learning techniques to analyze complex data and develop intelligent systems.",Regular,2 year,"['Machine learning', 'Data analysis', 'Algorithm design', 'Statistical modeling']","['Data Scientist', 'AI Engineer', 'Machine Learning Specialist', 'Data Analyst']",UG,,,[],0.1254087914271877,0,0,0.0,
4,PG Diploma in Criminology & Forensic Law,PG,Humanities,"Requires a Bachelor's or Master's degree with at least 45% marks in aggregate or equivalent examination recognized by MDU, Rohtak.","This program focuses on the study of criminal behavior, legal frameworks, and forensic principles. It provides an in-depth understanding of the legal and social aspects related to crime and justice systems.",Regular,1 year,"['Legal analysis', 'Forensic investigation', 'Criminological theory']","['Forensic analyst', 'Legal researcher', 'Law enforcement officer', 'Criminology consultant']",UG,45.0,,"['Criminology', 'Forensic Law', 'Law']",0.0931406489465228,0,0,25.200000000000003,
4,PG Diploma in Intellectual Property Rights,PG,Law,Requires a Bachelor's Degree in any discipline with at least 45% aggregate marks.,"This program focuses on the legal and administrative aspects of intellectual property rights. It covers the principles, laws, and procedures related to patents, trademarks, copyrights, and other forms of intellectual property.",Regular,1 year,"['Legal principles', 'IP law', 'Contract drafting', 'Research skills']","['IP legal assistant', 'Patent agent', 'Trademark attorney', 'IP consultant']",UG,45.0,,[],0.0798347560739789,1,0,25.200000000000003,
4,M.TECH (MECHANICAL ENGG. - MACHINE DESIGN),PG,Engineering,No specific eligibility requirements are stated.,"This program focuses on the principles and applications of machine design within the field of mechanical engineering. It involves studying the design, analysis, and optimization of mechanical systems and components.",Regular,2 year,"['Machine design', 'System analysis', 'Mechanical principles']","['Machine designer', 'Design engineer', 'Mechanical analyst']",UG,,,[],0.0787859532490447,0,0,0.0,
5,M.TECH (ARTIFICIAL INTELLIGENCE AND DATA SCIENCE),PG,Science,No specific eligibility requirements were provided.,"This program focuses on the theoretical foundations and practical applications of Artificial Intelligence and Data Science. It involves studying algorithms, statistical methods, and machine learning techniques to analyze complex data and develop intelligent systems.",Regular,2 year,"['Machine learning', 'Data analysis', 'Algorithm design', 'Statistical modeling']","['Data Scientist', 'AI Engineer', 'Machine Learning Specialist', 'Data Analyst']",UG,,,[],0.1340946667873863,0,0,0.0,
5,M.TECH. COMPUTER SCIENCE AND ENGINEERING (ARTIFICIAL INTELLIGENCE AND MACHINE LEARNING),PG,Engineering,No specific eligibility requirements were provided.,"This program focuses on the theoretical foundations and practical applications of Artificial Intelligence and Machine Learning within the field of Computer Science and Engineering. It covers advanced mathematical, computational, and algorithmic concepts necessary for developing intelligent systems. The curriculum emphasizes the design, implementation, and evaluation of complex ML models.",Regular,2 year,"['Machine learning', 'Algorithm design', 'Programming', 'Data analysis']","['AI Developer', 'Machine Learning Engineer', 'Data Scientist', 'Software Architect']",UG,,,[],0.1254577339931818,0,0,0.0,
5,M.Sc. (ENV. BIOTECHNOLOGY),PG,Science,Requires a Bachelor's degree in any discipline of Science or a B.Tech. in Biotechnology/Environment Engineering with 50% aggregate marks.,This program focuses on the intersection of environmental science and biotechnology. It involves studying the biological and chemical processes related to environmental systems and applying biotechnological principles to solve environmental challenges.,Regular,2 year,"['Environmental analysis', 'Biotechnology principles', 'Scientific research', 'Data interpretation']","['Environmental consultant', 'Bioprocess development', 'Research analyst', 'Environmental scientist']",UG,50.0,,"['Biotechnology', 'Environment Engineering', 'Science']",0.1126392317475336,0,0,16.900000000000006,
5,M.Sc. (ENVIRONMENTAL SCIENCES),PG,Science,Requires a Bachelor's degree in any discipline of Science or a B.Tech. in Biotechnology/Environment Engineering with 50% aggregate marks.,"This program focuses on the study of environmental systems, processes, and the management of environmental issues. It involves in-depth exploration of ecological principles, pollution control, and sustainable resource management. The curriculum develops analytical and problem-solving skills related to environmental challenges.",Regular,2 year,"['Environmental analysis', 'Systems thinking', 'Pollution control', 'Resource management']","['Environmental consultant', 'Pollution control officer', 'Environmental analyst', 'Sustainability manager']",UG,50.0,,"['Science', 'Biotechnology', 'Environment Engineering', 'Environment Sciences']",0.0953243699778638,0,0,16.900000000000006,
5,Master of Arts Journalism & Mass Communication,PG,Humanities,Requires a Bachelor's Degree in any discipline with at least 45% aggregate marks.,This program focuses on the study of journalism and mass communication principles. It covers the theoretical foundations and practical applications of media and communication practices. The curriculum aims to develop critical understanding of communication processes and media functions.,Open and Distance Learning Mode,2 year,"['Media analysis', 'Communication theory', 'Content creation', 'Research skills']","['Journalist', 'Media producer', 'Communication specialist', 'Content writer']",UG,45.0,,[],0.0776048562358666,0,0,21.90000000000001,
5,Certificate Course in AI and ML in Pharmaceutical Sciences,PG,Science,Candidates must have passed the Senior Secondary Examination (10+2) with at least 50% marks.,"This program focuses on applying Artificial Intelligence and Machine Learning techniques within the context of pharmaceutical sciences. It covers the integration of computational methods to solve complex problems in drug discovery, development, and pharmaceutical research. The curriculum emphasizes the intersection of data science and pharmaceutical knowledge.",Regular,6 Months,"['AI application', 'ML modeling', 'Pharmaceutical data analysis', 'Computational methods']","['AI pharmaceutical analyst', 'ML drug discovery specialist', 'Pharmaceutical data scientist', 'Bioinformatics researcher']",UG,50.0,,[],0.0640707806589891,0,0,16.900000000000006,
5,M.SC.(BOTANY),PG,Science,Requires a Bachelor's degree in Botany or equivalent with specified subject combinations and minimum marks.,"This program focuses on advanced study in the field of Botany, encompassing theoretical knowledge and practical applications in plant sciences. It involves in-depth exploration of plant biology, ecology, and related biological processes.",Regular,2 year,"['Biological analysis', 'Plant physiology', 'Ecology principles', 'Biological research']","['Botanical researcher', 'Horticultural specialist', 'Environmental consultant', 'Agricultural scientist']",UG,,,"['Botany', 'Science']",0.0625152422687587,0,0,0.0,
6,M.TECH. COMPUTER SCIENCE AND ENGINEERING (ARTIFICIAL INTELLIGENCE AND MACHINE LEARNING),PG,Engineering,No specific eligibility requirements were provided.,"This program focuses on the theoretical foundations and practical applications of Artificial Intelligence and Machine Learning within the field of Computer Science and Engineering. It covers advanced mathematical, computational, and algorithmic concepts necessary for developing intelligent systems. The curriculum emphasizes the design, implementation, and evaluation of complex ML models.",Regular,2 year,"['Machine learning', 'Algorithm design', 'Programming', 'Data analysis']","['AI Developer', 'Machine Learning Engineer', 'Data Scientist', 'Software Architect']",UG,,,[],0.1148582637479649,0,0,0.0,
6,MBA for Working Professional,PG,Management,No specific eligibility requirements were provided.,"This program focuses on applying management principles to the context of working professionals. It covers core business functions, strategic decision-making, and leadership skills relevant to the contemporary business environment.",Part Time,2 year,"['Business strategy', 'Financial analysis', 'Leadership skills', 'Project management']","['Business manager', 'Consultant', 'Operations executive', 'Marketing specialist']",UG,,,[],0.1136900280006949,1,0,0.0,
6,M.TECH (ARTIFICIAL INTELLIGENCE AND DATA SCIENCE),PG,Science,No specific eligibility requirements were provided.,"This program focuses on the theoretical foundations and practical applications of Artificial Intelligence and Data Science. It involves studying algorithms, statistical methods, and machine learning techniques to analyze complex data and develop intelligent systems.",Regular,2 year,"['Machine learning', 'Data analysis', 'Algorithm design', 'Statistical modeling']","['Data Scientist', 'AI Engineer', 'Machine Learning Specialist', 'Data Analyst']",UG,,,[],0.1089696638723579,0,0,0.0,
6,MCA,PG,Management,No specific eligibility requirements were provided.,"This program focuses on advanced concepts in management, information systems, and business processes. It provides a comprehensive understanding of organizational behavior, technology application, and strategic decision-making.",Regular,2 year,"['Systems analysis', 'Business strategy', 'Data management', 'Software development']","['Systems analyst', 'Business consultant', 'IT manager', 'Data scientist']",UG,,,[],0.104376830855795,1,0,0.0,
6,Master of Commerce (M.Com.),PG,Commerce,Requires a Bachelor's degree in relevant subjects with a minimum of 45% aggregate marks.,"This program focuses on advanced study in commerce, encompassing financial accounting, taxation, economics, and business management principles. It develops analytical skills necessary for understanding complex business environments and economic systems.",Open and Distance Learning Mode,2 year,"['Financial accounting', 'Economic analysis', 'Business management', 'Data interpretation']","['Accountant', 'Financial analyst', 'Business administrator', 'Management consultant']",UG,45.0,,"['Commerce', 'subjects']",0.0723688488263014,0,0,18.299999999999997,
6,Certificate Course in Research Methods in Social Sciences,PG,Humanities,Requires a Bachelor's Degree in any discipline with at least 45% aggregate marks.,"This course focuses on the methodologies and techniques essential for conducting research within the social sciences. It provides students with the foundational knowledge necessary to design, execute, and analyze social science research projects effectively.",Regular,6 Months,"['Research methodology', 'Data collection', 'Statistical analysis', 'Research design']","['Social science researcher', 'Research assistant', 'Data analyst', 'Research practitioner']",UG,45.0,,[],0.0713905473558411,0,0,18.299999999999997,
6,PG Diploma in Data Analytics,PG,Science,Requires a Bachelor's Degree with at least 50% marks in aggregate or equivalent examination recognized by M.D. University Rohtak.,"This program focuses on the principles and techniques of data analysis. It covers methods for collecting, processing, and interpreting large datasets to derive meaningful insights. The curriculum emphasizes statistical foundations and analytical tools relevant to data-driven decision-making.",Regular,1 year,"['Data analysis', 'Statistical methods', 'Data interpretation']","['Data analyst', 'Business intelligence specialist', 'Data visualization expert']",UG,50.0,,"['Data Analytics', 'Mathematics']",0.0704878624878469,0,0,13.299999999999995,
7,Ph.D (POLITICAL SCIENCE),PhD,Humanities,No specific eligibility requirements are provided.,"This program focuses on advanced theoretical and empirical research within the field of political science. It involves in-depth study of political systems, governance, and social behavior.",Regular,,"['Research skills', 'Critical thinking', 'Theoretical analysis']","['Academic researcher', 'Policy analyst', 'Political consultant']",PG,,,[],0.1373021565501247,1,0,0.0,
7,Ph.D (CIVIL)-UIET,PhD,Engineering,No specific eligibility requirements are provided.,"This program focuses on advanced research and theoretical study within the field of Civil Engineering. It involves in-depth investigation into complex structural, material, and infrastructure problems.",Regular,,"['Research skills', 'Theoretical analysis', 'Problem-solving']","['Research scholar', 'Senior engineer', 'Academic researcher']",PG,,,[],0.1090873187321759,0,0,0.0,
7,Ph.D (E.C.E)-UIET,PhD,Engineering,No specific eligibility requirements are provided.,"This program focuses on advanced research within the field of Electrical and Computer Engineering. It involves in-depth study of theoretical concepts, advanced problem-solving, and original research methodologies.",Regular,,"['Research skills', 'Problem solving', 'Theoretical analysis']","['Research scholar', 'Senior engineer', 'Academic researcher']",PG,,,[],0.0933757135845718,0,0,0.0,
7,Ph.D (C.S.E)-UIET,PhD,Engineering,No specific eligibility requirements are provided.,"This program focuses on advanced research and scholarly investigation within the field of Computer Science and Engineering. It involves in-depth study of theoretical concepts, advanced algorithms, and novel problem-solving techniques.",Regular,,"['Research skills', 'Algorithm design', 'Problem solving', 'Theoretical analysis']","['Research scholar', 'Senior engineer', 'Academic researcher', 'Consultant']",PG,,,[],0.0885957656163459,0,0,0.0,
7,Ph.D (MECHANICAL ENGG.)-UIET,PhD,Engineering,No specific eligibility requirements are provided.,"This program focuses on advanced theoretical knowledge, research methodologies, and specialized problem-solving within the field of mechanical engineering. It involves in-depth study of complex systems, material science, and design principles.",Regular,,"['Research skills', 'Problem solving', 'Theoretical analysis']","['Research scientist', 'Senior engineer', 'Academic researcher']",PG,,,[],0.0856384649632702,0,0,0.0,
7,Ph.D (Electrical Engg.)--UIET,PhD,Engineering,No specific eligibility requirements are provided.,This program focuses on advanced research and theoretical study within the field of Electrical Engineering. It involves in-depth investigation into complex electrical systems and theoretical principles.,Regular,,"['Research skills', 'Theoretical analysis', 'Problem-solving']","['Research scientist', 'Senior engineer', 'Academic researcher']",PG,,,[],0.0844936938830778,0,0,0.0,
7,Ph.D (CHEMISTRY),PhD,Science,No specific eligibility requirements are stated.,"This program focuses on advanced theoretical and experimental research within the field of Chemistry. It involves in-depth study of chemical principles, reaction mechanisms, and the development of new chemical knowledge.",Regular,,"['Research skills', 'Analytical thinking', 'Problem-solving']","['Research scientist', 'Academic researcher', 'Process development specialist']",PG,,,[],0.0843357774389488,0,0,0.0,
8,B.TECH (ARTIFICIAL INTELLIGENCE AND MACHINE LEARNING),UG,Engineering,No specific eligibility requirements are stated.,"This program focuses on the theoretical foundations and practical applications of Artificial Intelligence and Machine Learning. It covers algorithms, data structures, and computational methods essential for developing intelligent systems. The curriculum emphasizes problem-solving and model development in the field of computer science.",Regular,4 year,"['Algorithm design', 'Data analysis', 'Programming proficiency', 'Model development']","['Machine Learning Engineer', 'AI Developer', 'Data Scientist', 'Software Developer']",PreUG,,,[],0.1394585586739931,0,0,0.0,
8,B.TECH. (ARTIFICIAL INTELLIGENCE),UG,Engineering,No specific eligibility requirements were provided.,"This program focuses on the theoretical foundations and practical applications of Artificial Intelligence. It covers algorithms, data structures, and computational methods essential for developing intelligent systems. The curriculum emphasizes problem-solving and the development of intelligent software solutions.",Regular,4 year,"['Algorithm design', 'Programming proficiency', 'Data structures', 'Machine learning', 'Computational thinking']","['AI Developer', 'Machine Learning Engineer', 'Data Scientist', 'Software Developer', 'AI Researcher']",PreUG,,,[],0.131940877861195,0,0,0.0,
8,B.TECH -ARTIFICIAL INTELLIGENCE & DATA SCIENCE,UG,Science,No specific eligibility requirements were provided.,"This program focuses on the theoretical foundations and practical applications of Artificial Intelligence and Data Science. It covers the mathematical, statistical, and computational methods required to analyze complex data and develop intelligent systems. The curriculum emphasizes machine learning, algorithms, and data-driven decision making.",Regular,4 year,"['Data analysis', 'Machine learning', 'Programming skills', 'Statistical modeling']","['Data Scientist', 'AI Engineer', 'Machine Learning Specialist', 'Data Analyst']",PreUG,,,[],0.1278647388257333,0,0,0.0,
8,B.TECH (CSE-ARTIFI. INTELLIGEN. & MACHINE LEARNING ENGINEERING),UG,Engineering,No specific eligibility requirements are stated.,"This program focuses on the principles of computer science, artificial intelligence, and machine learning. It involves studying algorithms, data structures, and the application of computational methods to solve complex problems. The curriculum emphasizes theoretical foundations and practical implementation in these advanced fields.",Regular,4 year,"['Programming skills', 'Algorithm design', 'Machine learning', 'Data analysis', 'Software development']","['Machine learning engineer', 'AI developer', 'Software architect', 'Data scientist', 'Algorithm designer']",PreUG,,,[],0.121665008396497,0,0,0.0,
8,B.TECH - ROBOTICS & ARTIFICIAL INTELLIGENCE,UG,Engineering,No specific eligibility requirements were provided.,"This program focuses on the principles and applications of robotics and artificial intelligence. It involves studying the mathematical, computational, and engineering foundations required to design and develop intelligent systems.",Regular,4 year,"['Programming skills', 'Algorithm design', 'System modeling', 'Machine learning', 'Robotics operation']","['AI Developer', 'Robotics Engineer', 'Machine Learning Specialist', 'Software Developer']",PreUG,,,[],0.1169594855999822,0,0,0.0,
8,B.TECH (COMPUTER SCIENCE AND TECHNOLOGY),UG,Engineering,No specific eligibility requirements were provided.,"This program focuses on the principles and practices of computer science and technology. It covers theoretical foundations, algorithms, data structures, and the application of these concepts to solve complex computational problems. The curriculum emphasizes logical thinking and problem-solving skills within the field of computing.",Regular,4 year,"['Programming skills', 'Algorithmic thinking', 'Problem-solving', 'Data structures', 'Computational logic']","['Software Developer', 'Systems Analyst', 'Data Scientist', 'IT Consultant', 'Computer Engineer']",PreUG,,,[],0.0956492061595408,0,0,0.0,
8,Bachelor of Science (Maths),UG,Science,Candidates must have passed the Senior Secondary Examination (10+2) with Mathematics as a subject and at least 50% marks.,"This program focuses on the study of mathematical principles, theoretical foundations, and quantitative methods. It develops analytical skills necessary for understanding complex mathematical concepts and problem-solving in various fields.",Regular,4 year,"['Mathematical reasoning', 'Quantitative analysis', 'Problem-solving', 'Abstract thinking']","['Mathematics teacher', 'Data analyst', 'Actuarial science', 'Research assistant']",PreUG,50.0,,"['Mathematics', 'Science']",0.0826665274298287,0,0,41.400000000000006,
9,M.TECH (ARTIFICIAL INTELLIGENCE AND DATA SCIENCE),PG,Science,No specific eligibility requirements were provided.,"This program focuses on the theoretical foundations and practical applications of Artificial Intelligence and Data Science. It involves studying algorithms, statistical methods, and machine learning techniques to analyze complex data and develop intelligent systems.",Regular,2 year,"['Machine learning', 'Data analysis', 'Algorithm design', 'Statistical modeling']","['Data Scientist', 'AI Engineer', 'Machine Learning Specialist', 'Data Analyst']",UG,,,[],0.1798608605362865,1,0,0.0,
9,M.TECH. COMPUTER SCIENCE AND ENGINEERING (ARTIFICIAL INTELLIGENCE AND MACHINE LEARNING),PG,Engineering,No specific eligibility requirements were provided.,"This program focuses on the theoretical foundations and practical applications of Artificial Intelligence and Machine Learning within the field of Computer Science and Engineering. It covers advanced mathematical, computational, and algorithmic concepts necessary for developing intelligent systems. The curriculum emphasizes the design, implementation, and evaluation of complex ML models.",Regular,2 year,"['Machine learning', 'Algorithm design', 'Programming', 'Data analysis']","['AI Developer', 'Machine Learning Engineer', 'Data Scientist', 'Software Architect']",UG,,,[],0.1527851895618761,0,0,0.0,
9,PG Diploma in Data Analytics,PG,Science,Requires a Bachelor's Degree with at least 50% marks in aggregate or equivalent examination recognized by M.D. University Rohtak.,"This program focuses on the principles and techniques of data analysis. It covers methods for collecting, processing, and interpreting large datasets to derive meaningful insights. The curriculum emphasizes statistical foundations and analytical tools relevant to data-driven decision-making.",Regular,1 year,"['Data analysis', 'Statistical methods', 'Data interpretation']","['Data analyst', 'Business intelligence specialist', 'Data visualization expert']",UG,50.0,,"['Data Analytics', 'Mathematics']",0.1046349162059344,1,0,17.5,
9,Master of Science (Mathematics),PG,Science,Requires a Bachelor's degree in Mathematics or a related subject with at least 50% marks.,"This program focuses on advanced mathematical concepts and theoretical foundations. It involves in-depth study of mathematical theories, problem-solving techniques, and advanced analytical methods.",Open and Distance Learning Mode,2 year,"['Mathematical reasoning', 'Advanced problem-solving', 'Theoretical analysis']","['Mathematical analyst', 'Quantitative researcher', 'Data scientist']",UG,50.0,,"['Mathematics', 'Science']",0.090741457870317,1,0,17.5,
9,Certificate Course in AI and ML in Pharmaceutical Sciences,PG,Science,Candidates must have passed the Senior Secondary Examination (10+2) with at least 50% marks.,"This program focuses on applying Artificial Intelligence and Machine Learning techniques within the context of pharmaceutical sciences. It covers the integration of computational methods to solve complex problems in drug discovery, development, and pharmaceutical research. The curriculum emphasizes the intersection of data science and pharmaceutical knowledge.",Regular,6 Months,"['AI application', 'ML modeling', 'Pharmaceutical data analysis', 'Computational methods']","['AI pharmaceutical analyst', 'ML drug discovery specialist', 'Pharmaceutical data scientist', 'Bioinformatics researcher']",UG,50.0,,[],0.0901507797793252,1,0,17.5,
9,Master of Science (Mathematics),PG,Science,Requires a Bachelor's degree in Mathematics or a related subject with at least 50% marks.,"This program focuses on advanced mathematical concepts and theoretical foundations. It involves in-depth study of mathematical theories, problem-solving techniques, and advanced analytical methods.",Open and Distance Learning Mode,2 year,"['Mathematical reasoning', 'Abstract problem-solving', 'Advanced analysis']","['Mathematical analyst', 'Quantitative researcher', 'Data scientist']",UG,50.0,,"['Mathematics', 'Mathematics', 'Mathematics', 'Mathematics', 'Mathematics', 'Mathematics', 'Mathematics']",0.0895794845355356,1,0,17.5,
9,PG Diploma in Computational Biology,PG,Science,"Requires a Bachelor's Degree in Biological Sciences, Computer Science, or allied biological sciences, or equivalent examination recognized by State Universities of Haryana.","This program focuses on the intersection of biology and computation. It involves studying the mathematical and computational methods applied to biological systems and data. The curriculum covers bioinformatics, computational modeling, and biological data analysis.",Regular,1 year,"['Data analysis', 'Computational modeling', 'Bioinformatics', 'Statistical methods']","['Bioinformatics analyst', 'Computational biologist', 'Biomedical data scientist', 'Research assistant']",UG,,,"['Biological Sciences', 'Computer Science', 'Biology', 'Science']",0.0859930325320973,1,0,0.0,
10,Ph.D (POLITICAL SCIENCE),PhD,Humanities,No specific eligibility requirements are provided.,"This program focuses on advanced theoretical and empirical research within the field of political science. It involves in-depth study of political systems, governance, and social behavior.",Regular,,"['Research skills', 'Critical thinking', 'Theoretical analysis']","['Academic researcher', 'Policy analyst', 'Political consultant']",PG,,,[],0.1272039583926006,1,0,0.0,
10,Ph.D (STATISTICS),PhD,Science,No specific eligibility requirements were provided.,"This program focuses on advanced theoretical and applied statistical methods. It involves in-depth study of probability theory, statistical inference, and data modeling techniques. The curriculum emphasizes rigorous mathematical foundations and analytical problem-solving.",Regular,,"['Statistical modeling', 'Data analysis', 'Mathematical reasoning', 'Inferential statistics']","['Research scientist', 'Data analyst', 'Statistician', 'Machine learning specialist']",PG,,,[],0.0883252903874447,0,0,0.0,
10,Ph.D (Public Administration),PhD,Management,No specific eligibility requirements were provided.,"This program focuses on the theoretical and empirical study of public administration. It involves in-depth research into the policies, organizations, and processes of governance.",Regular,,"['Research skills', 'Policy analysis', 'Critical thinking']","['Public sector management', 'Policy analyst', 'Government administrator']",PG,,,[],0.0833263599291354,0,0,0.0,
10,Ph.D (C.S.E)-UIET,PhD,Engineering,No specific eligibility requirements are provided.,"This program focuses on advanced research and scholarly investigation within the field of Computer Science and Engineering. It involves in-depth study of theoretical concepts, advanced algorithms, and novel problem-solving techniques.",Regular,,"['Research skills', 'Algorithm design', 'Problem solving', 'Theoretical analysis']","['Research scholar', 'Senior engineer', 'Academic researcher', 'Consultant']",PG,,,[],0.0796010190659342,0,0,0.0,
10,Ph.D (E.C.E)-UIET,PhD,Engineering,No specific eligibility requirements are provided.,"This program focuses on advanced research within the field of Electrical and Computer Engineering. It involves in-depth study of theoretical concepts, advanced problem-solving, and original research methodologies.",Regular,,"['Research skills', 'Problem solving', 'Theoretical analysis']","['Research scholar', 'Senior engineer', 'Academic researcher']",PG,,,[],0.0792610053923201,0,0,0.0,
10,Ph.D (MECHANICAL ENGG.)-UIET,PhD,Engineering,No specific eligibility requirements are provided.,"This program focuses on advanced theoretical knowledge, research methodologies, and specialized problem-solving within the field of mechanical engineering. It involves in-depth study of complex systems, material science, and design principles.",Regular,,"['Research skills', 'Problem solving', 'Theoretical analysis']","['Research scientist', 'Senior engineer', 'Academic researcher']",PG,,,[],0.076750671144791,0,0,0.0,
10,Ph.D (Mathematics),PhD,Science,No specific eligibility requirements were provided.,"This program focuses on advanced theoretical and applied mathematical concepts. It involves in-depth study of mathematical theory, proofs, and problem-solving techniques. The curriculum emphasizes abstract reasoning and mathematical innovation.",Regular,,"['Mathematical reasoning', 'Abstract thinking', 'Proof construction', 'Problem-solving']","['Research mathematician', 'Mathematical analyst', 'Academic researcher', 'Quantitative analyst']",PG,,,[],0.0683649510694726,0,0,0.0,
11,Master of Commerce (M.Com.),PG,Commerce,Requires a Bachelor's degree in relevant subjects with a minimum of 45% aggregate marks.,"This program focuses on advanced study in commerce, encompassing financial accounting, taxation, economics, and business management principles. It develops analytical skills necessary for understanding complex business environments and economic systems.",Open and Distance Learning Mode,2 year,"['Financial accounting', 'Economic analysis', 'Business management', 'Data interpretation']","['Accountant', 'Financial analyst', 'Business administrator', 'Management consultant']",UG,45.0,,"['Commerce', 'subjects']",0.1761964281909347,1,0,5.200000000000003,
11,MBA for Working Professional,PG,Management,No specific eligibility requirements were provided.,"This program focuses on applying management principles to the context of working professionals. It covers core business functions, strategic decision-making, and leadership skills relevant to the contemporary business environment.",Part Time,2 year,"['Business strategy', 'Financial analysis', 'Leadership skills', 'Project management']","['Business manager', 'Consultant', 'Operations executive', 'Marketing specialist']",UG,,,[],0.1072257731524345,0,0,0.0,
11,M.TECH (ARTIFICIAL INTELLIGENCE AND DATA SCIENCE),PG,Science,No specific eligibility requirements were provided.,"This program focuses on the theoretical foundations and practical applications of Artificial Intelligence and Data Science. It involves studying algorithms, statistical methods, and machine learning techniques to analyze complex data and develop intelligent systems.",Regular,2 year,"['Machine learning', 'Data analysis', 'Algorithm design', 'Statistical modeling']","['Data Scientist', 'AI Engineer', 'Machine Learning Specialist', 'Data Analyst']",UG,,,[],0.0978020610733923,0,0,0.0,
11,M.TECH. COMPUTER SCIENCE AND ENGINEERING (ARTIFICIAL INTELLIGENCE AND MACHINE LEARNING),PG,Engineering,No specific eligibility requirements were provided.,"This program focuses on the theoretical foundations and practical applications of Artificial Intelligence and Machine Learning within the field of Computer Science and Engineering. It covers advanced mathematical, computational, and algorithmic concepts necessary for developing intelligent systems. The curriculum emphasizes the design, implementation, and evaluation of complex ML models.",Regular,2 year,"['Machine learning', 'Algorithm design', 'Programming', 'Data analysis']","['AI Developer', 'Machine Learning Engineer', 'Data Scientist', 'Software Architect']",UG,,,[],0.0899859044069845,0,0,0.0,
11,Master of Arts Economics,PG,Commerce,"Requires a Bachelor's Degree in any discipline with at least 45% aggregate marks or equivalent examination recognized by M.D. University, Rohtak.","This program focuses on the theoretical and applied aspects of economic principles. It involves in-depth study of economic theories, policies, and analytical methods.",Open and Distance Learning Mode,2 year,"['Economic theory', 'Data analysis', 'Policy evaluation', 'Analytical thinking']","['Economic analyst', 'Policy researcher', 'Financial consultant', 'Economist']",UG,45.0,,[],0.0791078365930452,1,0,5.200000000000003,
11,Certificate Course in Research Methods in Social Sciences,PG,Humanities,Requires a Bachelor's Degree in any discipline with at least 45% aggregate marks.,"This course focuses on the methodologies and techniques essential for conducting research within the social sciences. It provides students with the foundational knowledge necessary to design, execute, and analyze social science research projects effectively.",Regular,6 Months,"['Research methodology', 'Data collection', 'Statistical analysis', 'Research design']","['Social science researcher', 'Research assistant', 'Data analyst', 'Research practitioner']",UG,45.0,,[],0.0674661897933807,0,0,5.200000000000003,
11,MCA for Working Professional,PG,Management,No specific eligibility requirements were provided.,This program focuses on advanced management principles and analytical skills applicable to working professionals. It aims to equip participants with the knowledge necessary to apply business concepts in a professional setting.,Part Time,2 year,"['Business analysis', 'Project management', 'Data interpretation']","['Business analyst', 'Management consultant', 'Project manager']",UG,,,[],0.0580108882110531,0,0,0.0,
12,M.TECH. COMPUTER SCIENCE AND ENGINEERING (ARTIFICIAL INTELLIGENCE AND MACHINE LEARNING),PG,Engineering,No specific eligibility requirements were provided.,"This program focuses on the theoretical foundations and practical applications of Artificial Intelligence and Machine Learning within the field of Computer Science and Engineering. It covers advanced mathematical, computational, and algorithmic concepts necessary for developing intelligent systems. The curriculum emphasizes the design, implementation, and evaluation of complex ML models.",Regular,2 year,"['Machine learning', 'Algorithm design', 'Programming', 'Data analysis']","['AI Developer', 'Machine Learning Engineer', 'Data Scientist', 'Software Architect']",UG,,,[],0.1933672040193007,1,0,0.0,
12,M.TECH (ARTIFICIAL INTELLIGENCE AND DATA SCIENCE),PG,Science,No specific eligibility requirements were provided.,"This program focuses on the theoretical foundations and practical applications of Artificial Intelligence and Data Science. It involves studying algorithms, statistical methods, and machine learning techniques to analyze complex data and develop intelligent systems.",Regular,2 year,"['Machine learning', 'Data analysis', 'Algorithm design', 'Statistical modeling']","['Data Scientist', 'AI Engineer', 'Machine Learning Specialist', 'Data Analyst']",UG,,,[],0.1757429907310966,0,0,0.0,
12,M.TECH (COMPUTER SCIENCE),PG,Science,No specific eligibility requirements were provided.,This program focuses on advanced study in computer science principles and methodologies. It involves in-depth exploration of theoretical foundations and practical applications within the field of computing.,Regular,2 year,"['Programming skills', 'Algorithm design', 'Data structures', 'Software development']","['Software developer', 'Systems analyst', 'Data scientist', 'AI engineer']",UG,,,[],0.100307457962836,0,0,0.0,
12,M.TECH (COMPUTER SCIENCE & TECHNOLOGY),PG,Engineering,No specific eligibility requirements were provided.,"This program focuses on advanced study in the principles and applications of computer science and technology. It involves in-depth exploration of computational theory, algorithms, and system design. The curriculum aims to develop expertise in modern computing systems and software development.",Regular,2 year,"['Algorithm design', 'System architecture', 'Programming proficiency', 'Data structures']","['Software developer', 'Systems analyst', 'AI researcher', 'Technology consultant']",UG,,,[],0.0989587768445737,1,0,0.0,
12,M.TECH (COMPUTER ENGINEERING),PG,Engineering,No specific eligibility requirements were provided.,"This program focuses on advanced study in the principles and applications of computer engineering. It involves in-depth exploration of complex systems, algorithms, and hardware design.",Regular,2 year,"['Algorithm design', 'System architecture', 'Programming proficiency', 'Hardware design']","['Software developer', 'Systems architect', 'Machine learning engineer', 'Embedded systems designer']",UG,,,[],0.0984577347656448,1,0,0.0,
12,M.Sc. (ENV. BIOTECHNOLOGY),PG,Science,Requires a Bachelor's degree in any discipline of Science or a B.Tech. in Biotechnology/Environment Engineering with 50% aggregate marks.,This program focuses on the intersection of environmental science and biotechnology. It involves studying the biological and chemical processes related to environmental systems and applying biotechnological principles to solve environmental challenges.,Regular,2 year,"['Environmental analysis', 'Biotechnology principles', 'Scientific research', 'Data interpretation']","['Environmental consultant', 'Bioprocess development', 'Research analyst', 'Environmental scientist']",UG,50.0,,"['Biotechnology', 'Environment Engineering', 'Science']",0.0890544604664598,0,0,7.0,
12,M.TECH (MECHANICAL ENGG. - MACHINE DESIGN),PG,Engineering,No specific eligibility requirements are stated.,"This program focuses on the principles and applications of machine design within the field of mechanical engineering. It involves studying the design, analysis, and optimization of mechanical systems and components.",Regular,2 year,"['Machine design', 'System analysis', 'Mechanical principles']","['Machine designer', 'Design engineer', 'Mechanical analyst']",UG,,,[],0.0864915815133837,1,0,0.0,
13,Bachelor of Science (Statistics),UG,Science,Requires Senior Secondary Examination (10+2) with Mathematics as a subject and at least 50% aggregate marks.,This program focuses on the principles and methods of statistical theory and application. It involves studying mathematical foundations necessary for data analysis and inference. The curriculum covers the theoretical and practical aspects of statistical modeling and data interpretation.,Regular,4 year,"['Mathematical reasoning', 'Data interpretation', 'Statistical modeling', 'Quantitative analysis']","['Data analyst', 'Statistician', 'Research assistant', 'Data scientist']",PreUG,50.0,,"['Mathematics', 'Statistics', 'Science']",0.1471785566620108,0,0,23.200000000000003,
13,B.TECH -ARTIFICIAL INTELLIGENCE & DATA SCIENCE,UG,Science,No specific eligibility requirements were provided.,"This program focuses on the theoretical foundations and practical applications of Artificial Intelligence and Data Science. It covers the mathematical, statistical, and computational methods required to analyze complex data and develop intelligent systems. The curriculum emphasizes machine learning, algorithms, and data-driven decision making.",Regular,4 year,"['Data analysis', 'Machine learning', 'Programming skills', 'Statistical modeling']","['Data Scientist', 'AI Engineer', 'Machine Learning Specialist', 'Data Analyst']",PreUG,,,[],0.1397963817704066,0,0,0.0,
13,B.Tech (CSE- Data Science),UG,Science,No specific eligibility requirements were provided.,"This program focuses on the intersection of Computer Science and Data Science principles. It involves training in computational methods, statistical analysis, and the application of algorithms to large datasets. The curriculum covers theoretical foundations and practical applications in data-driven problem-solving.",Regular,4 year,"['Programming skills', 'Statistical analysis', 'Algorithm design', 'Data manipulation']","['Data Scientist', 'Machine Learning Engineer', 'Software Developer', 'Data Analyst']",PreUG,,,[],0.1178409026815607,0,0,0.0,
13,B.TECH (ARTIFICIAL INTELLIGENCE AND MACHINE LEARNING),UG,Engineering,No specific eligibility requirements are stated.,"This program focuses on the theoretical foundations and practical applications of Artificial Intelligence and Machine Learning. It covers algorithms, data structures, and computational methods essential for developing intelligent systems. The curriculum emphasizes problem-solving and model development in the field of computer science.",Regular,4 year,"['Algorithm design', 'Data analysis', 'Programming proficiency', 'Model development']","['Machine Learning Engineer', 'AI Developer', 'Data Scientist', 'Software Developer']",PreUG,,,[],0.1073220949421713,0,0,0.0,
13,B.TECH. (ARTIFICIAL INTELLIGENCE),UG,Engineering,No specific eligibility requirements were provided.,"This program focuses on the theoretical foundations and practical applications of Artificial Intelligence. It covers algorithms, data structures, and computational methods essential for developing intelligent systems. The curriculum emphasizes problem-solving and the development of intelligent software solutions.",Regular,4 year,"['Algorithm design', 'Programming proficiency', 'Data structures', 'Machine learning', 'Computational thinking']","['AI Developer', 'Machine Learning Engineer', 'Data Scientist', 'Software Developer', 'AI Researcher']",PreUG,,,[],0.0956167798832794,0,0,0.0,
13,B.TECH (CSE-ARTIFI. INTELLIGEN. & MACHINE LEARNING ENGINEERING),UG,Engineering,No specific eligibility requirements are stated.,"This program focuses on the principles of computer science, artificial intelligence, and machine learning. It involves studying algorithms, data structures, and the application of computational methods to solve complex problems. The curriculum emphasizes theoretical foundations and practical implementation in these advanced fields.",Regular,4 year,"['Programming skills', 'Algorithm design', 'Machine learning', 'Data analysis', 'Software development']","['Machine learning engineer', 'AI developer', 'Software architect', 'Data scientist', 'Algorithm designer']",PreUG,,,[],0.0841036576278681,0,0,0.0,
13,B.TECH - ROBOTICS & ARTIFICIAL INTELLIGENCE,UG,Engineering,No specific eligibility requirements were provided.,"This program focuses on the principles and applications of robotics and artificial intelligence. It involves studying the mathematical, computational, and engineering foundations required to design and develop intelligent systems.",Regular,4 year,"['Programming skills', 'Algorithm design', 'System modeling', 'Machine learning', 'Robotics operation']","['AI Developer', 'Robotics Engineer', 'Machine Learning Specialist', 'Software Developer']",PreUG,,,[],0.0826734235626343,0,0,0.0,
14,Bachelor of Commerce 4-Year,UG,Commerce,Requires Senior Secondary Examination (10+2) with at least 50% aggregate marks.,"This program focuses on the foundational principles of commerce, including accounting, finance, economics, and business management. It provides students with a comprehensive understanding of the operational and theoretical aspects of business activities.",Regular,4 year,"['Accounting principles', 'Financial analysis', 'Business management', 'Economic theory']","['Accountant', 'Financial analyst', 'Business administrator', 'Auditor']",PreUG,50.0,,[],0.1617666177591767,0,0,21.200000000000003,
14,Bachelor of Commerce,UG,Commerce,Requires Senior Secondary Examination (10+2) with at least 45% aggregate marks.,"This program focuses on the foundational principles of business, economics, and finance. It covers core concepts necessary for understanding commercial operations and market dynamics.",Regular,4 year,"['Business fundamentals', 'Financial accounting', 'Economic principles']","['Accountant', 'Financial analyst', 'Business administrator']",PreUG,45.0,45.0,[],0.1524253153528203,0,0,26.200000000000003,
14,B.TECH (CSE-ARTIFI. INTELLIGEN. & MACHINE LEARNING ENGINEERING),UG,Engineering,No specific eligibility requirements are stated.,"This program focuses on the principles of computer science, artificial intelligence, and machine learning. It involves studying algorithms, data structures, and the application of computational methods to solve complex problems. The curriculum emphasizes theoretical foundations and practical implementation in these advanced fields.",Regular,4 year,"['Programming skills', 'Algorithm design', 'Machine learning', 'Data analysis', 'Software development']","['Machine learning engineer', 'AI developer', 'Software architect', 'Data scientist', 'Algorithm designer']",PreUG,,,[],0.1450840532435072,0,0,0.0,
14,B.TECH -ARTIFICIAL INTELLIGENCE & DATA SCIENCE,UG,Science,No specific eligibility requirements were provided.,"This program focuses on the theoretical foundations and practical applications of Artificial Intelligence and Data Science. It covers the mathematical, statistical, and computational methods required to analyze complex data and develop intelligent systems. The curriculum emphasizes machine learning, algorithms, and data-driven decision making.",Regular,4 year,"['Data analysis', 'Machine learning', 'Programming skills', 'Statistical modeling']","['Data Scientist', 'AI Engineer', 'Machine Learning Specialist', 'Data Analyst']",PreUG,,,[],0.1301722409764375,0,0,0.0,
14,BACHELOR OF BUSINESS ADMINISTRATION (CAM),UG,Management,Requires Senior Secondary Examination (10+2) with at least 50% aggregate marks.,"This program focuses on the fundamental principles and practices of business administration. It covers core concepts in organizational management, finance, marketing, and economics.",Regular,4 year,"['Business principles', 'Financial literacy', 'Organizational management', 'Market analysis']","['Business administrator', 'Management trainee', 'Marketing executive', 'Financial analyst']",PreUG,50.0,,[],0.1225663019793812,1,0,21.200000000000003,
14,B.TECH (ARTIFICIAL INTELLIGENCE AND MACHINE LEARNING),UG,Engineering,No specific eligibility requirements are stated.,"This program focuses on the theoretical foundations and practical applications of Artificial Intelligence and Machine Learning. It covers algorithms, data structures, and computational methods essential for developing intelligent systems. The curriculum emphasizes problem-solving and model development in the field of computer science.",Regular,4 year,"['Algorithm design', 'Data analysis', 'Programming proficiency', 'Model development']","['Machine Learning Engineer', 'AI Developer', 'Data Scientist', 'Software Developer']",PreUG,,,[],0.1219150588711289,0,0,0.0,
14,Bachelor of Business Administration,UG,Management,Requires Senior Secondary Examination (10+2) with at least 50% aggregate marks.,"This program focuses on the principles and practices of business administration. It covers core concepts in management, finance, marketing, and organizational behavior. The curriculum aims to develop comprehensive business acumen for professional roles.",Regular,4 year,"['Business principles', 'Financial literacy', 'Organizational skills', 'Communication skills']","['Business administrator', 'Management consultant', 'Marketing executive', 'Financial analyst']",PreUG,50.0,,[],0.1172143883646243,1,0,21.200000000000003,
15,Ph.D (VISUAL ARTS),PhD,Humanities,No specific eligibility requirements are provided.,"This program focuses on advanced theoretical and practical investigation within the field of Visual Arts. It involves in-depth study of artistic theory, history, and creative practice. The curriculum emphasizes critical analysis and original artistic creation.",Regular,,"['Art theory', 'Critical analysis', 'Creative practice']","['Art historian', 'Curator', 'Art critic']",PG,,,[],0.1615591294029378,0,0,0.0,
15,Ph.D (CIVIL)-UIET,PhD,Engineering,No specific eligibility requirements are provided.,"This program focuses on advanced research and theoretical study within the field of Civil Engineering. It involves in-depth investigation into complex structural, material, and infrastructure problems.",Regular,,"['Research skills', 'Theoretical analysis', 'Problem-solving']","['Research scholar', 'Senior engineer', 'Academic researcher']",PG,,,[],0.0870523547706074,0,0,0.0,
15,Ph.D (Public Administration),PhD,Management,No specific eligibility requirements were provided.,"This program focuses on the theoretical and empirical study of public administration. It involves in-depth research into the policies, organizations, and processes of governance.",Regular,,"['Research skills', 'Policy analysis', 'Critical thinking']","['Public sector management', 'Policy analyst', 'Government administrator']",PG,,,[],0.0793080377221012,0,0,0.0,
15,Ph.D (Defence & Strategic Studies),PhD,Humanities,Specific eligibility criteria are not provided.,"This program focuses on the theoretical and practical aspects of defence and strategic studies. It involves in-depth research into geopolitical dynamics, security policy, and strategic decision-making.",Regular,,"['Strategic analysis', 'Policy formulation', 'Critical thinking', 'Research methodology']","['Defence analyst', 'Policy advisor', 'Security consultant', 'Academic researcher']",PG,,,[],0.0723327676338115,0,0,0.0,
15,Ph.D (POLITICAL SCIENCE),PhD,Humanities,No specific eligibility requirements are provided.,"This program focuses on advanced theoretical and empirical research within the field of political science. It involves in-depth study of political systems, governance, and social behavior.",Regular,,"['Research skills', 'Critical thinking', 'Theoretical analysis']","['Academic researcher', 'Policy analyst', 'Political consultant']",PG,,,[],0.0700458907565563,0,0,0.0,
15,Ph.D (E.C.E)-UIET,PhD,Engineering,No specific eligibility requirements are provided.,"This program focuses on advanced research within the field of Electrical and Computer Engineering. It involves in-depth study of theoretical concepts, advanced problem-solving, and original research methodologies.",Regular,,"['Research skills', 'Problem solving', 'Theoretical analysis']","['Research scholar', 'Senior engineer', 'Academic researcher']",PG,,,[],0.0686021609651716,0,0,0.0,
15,Ph.D (ZOOLOGY),PhD,Science,No specific eligibility requirements are provided.,"This program focuses on advanced research and scholarly investigation within the field of Zoology. It involves in-depth study of animal biology, behavior, and evolution.",Regular,,"['Research skills', 'Data analysis', 'Experimental design']","['Research scientist', 'Academic researcher', 'Zoologist']",PG,,,[],0.067568343573836,0,0,0.0,
16,M.TECH. COMPUTER SCIENCE AND ENGINEERING (ARTIFICIAL INTELLIGENCE AND MACHINE LEARNING),PG,Engineering,No specific eligibility requirements were provided.,"This program focuses on the theoretical foundations and practical applications of Artificial Intelligence and Machine Learning within the field of Computer Science and Engineering. It covers advanced mathematical, computational, and algorithmic concepts necessary for developing intelligent systems. The curriculum emphasizes the design, implementation, and evaluation of complex ML models.",Regular,2 year,"['Machine learning', 'Algorithm design', 'Programming', 'Data analysis']","['AI Developer', 'Machine Learning Engineer', 'Data Scientist', 'Software Architect']",UG,,,[],0.096639483771877,0,0,0.0,
16,M.TECH (ARTIFICIAL INTELLIGENCE AND DATA SCIENCE),PG,Science,No specific eligibility requirements were provided.,"This program focuses on the theoretical foundations and practical applications of Artificial Intelligence and Data Science. It involves studying algorithms, statistical methods, and machine learning techniques to analyze complex data and develop intelligent systems.",Regular,2 year,"['Machine learning', 'Data analysis', 'Algorithm design', 'Statistical modeling']","['Data Scientist', 'AI Engineer', 'Machine Learning Specialist', 'Data Analyst']",UG,,,[],0.0944767804117483,0,0,0.0,
16,MBA for Working Professional,PG,Management,No specific eligibility requirements were provided.,"This program focuses on applying management principles to the context of working professionals. It covers core business functions, strategic decision-making, and leadership skills relevant to the contemporary business environment.",Part Time,2 year,"['Business strategy', 'Financial analysis', 'Leadership skills', 'Project management']","['Business manager', 'Consultant', 'Operations executive', 'Marketing specialist']",UG,,,[],0.0805105367587231,1,0,0.0,
16,Master of Commerce (M.Com.),PG,Commerce,Requires a Bachelor's degree in relevant subjects with a minimum of 45% aggregate marks.,"This program focuses on advanced study in commerce, encompassing financial accounting, taxation, economics, and business management principles. It develops analytical skills necessary for understanding complex business environments and economic systems.",Open and Distance Learning Mode,2 year,"['Financial accounting', 'Economic analysis', 'Business management', 'Data interpretation']","['Accountant', 'Financial analyst', 'Business administrator', 'Management consultant']",UG,45.0,,"['Commerce', 'subjects']",0.0695066129012597,0,0,18.0,
16,MCA for Working Professional,PG,Management,No specific eligibility requirements were provided.,This program focuses on advanced management principles and analytical skills applicable to working professionals. It aims to equip participants with the knowledge necessary to apply business concepts in a professional setting.,Part Time,2 year,"['Business analysis', 'Project management', 'Data interpretation']","['Business analyst', 'Management consultant', 'Project manager']",UG,,,[],0.066515130603312,1,0,0.0,
16,MCA,PG,Management,No specific eligibility requirements were provided.,"This program focuses on advanced concepts in management, information systems, and business processes. It provides a comprehensive understanding of organizational behavior, technology application, and strategic decision-making.",Regular,2 year,"['Systems analysis', 'Business strategy', 'Data management', 'Software development']","['Systems analyst', 'Business consultant', 'IT manager', 'Data scientist']",UG,,,[],0.0664226728923591,1,0,0.0,
16,PG Diploma in Data Analytics,PG,Science,Requires a Bachelor's Degree with at least 50% marks in aggregate or equivalent examination recognized by M.D. University Rohtak.,"This program focuses on the principles and techniques of data analysis. It covers methods for collecting, processing, and interpreting large datasets to derive meaningful insights. The curriculum emphasizes statistical foundations and analytical tools relevant to data-driven decision-making.",Regular,1 year,"['Data analysis', 'Statistical methods', 'Data interpretation']","['Data analyst', 'Business intelligence specialist', 'Data visualization expert']",UG,50.0,,"['Data Analytics', 'Mathematics']",0.0632048592858895,0,0,13.0,
17,B.A.(HONS.)POLITICAL SCIENCE,UG,Humanities,Requires Senior Secondary Examination (10+2) with at least 50% marks.,"This program focuses on the study of political theory, governance, public administration, and political systems. It involves analyzing political structures, ideologies, and the dynamics of political behavior.",Regular,4 year,"['Critical thinking', 'Analytical skills', 'Research methods']","['Civil services officer', 'Political analyst', 'Public administrator']",PreUG,50.0,,[],0.122441635197959,1,0,29.90000000000001,
17,Bachelor of Arts (Public Administration),UG,Management,Requires Senior Secondary Examination (10+2) with at least 45% aggregate marks.,"This program focuses on the study of public administration, encompassing the principles, policies, and practices of governance. It involves analyzing the structure, function, and operation of public sector organizations and administrative systems. The curriculum develops critical thinking skills related to public policy and administration.",Regular,4 year,"['Policy analysis', 'Administrative principles', 'Public sector management', 'Critical thinking']","['Public administrator', 'Government official', 'Policy analyst', 'Administrative officer']",PreUG,45.0,45.0,[],0.1128810174321942,0,0,34.900000000000006,
17,Bachelor of Arts (History),UG,Humanities,Requires Senior Secondary Examination (10+2) with at least 50% aggregate marks.,"This program focuses on the study of historical events, societies, and cultures. It involves critical analysis of primary and secondary sources to understand the evolution of human history and social structures. The curriculum emphasizes historical interpretation and contextual understanding.",Regular,4 year,"['Historical analysis', 'Source evaluation', 'Critical thinking', 'Research skills']","['Historian', 'Archivist', 'Curriculum developer', 'Academic researcher']",PreUG,50.0,,[],0.1104322836680779,1,0,29.90000000000001,
17,Bachelor of Arts,UG,Humanities,Must have passed a relevant examination with at least 33% aggregate marks for admission.,"This program focuses on the study of humanities disciplines. It involves exploring various aspects of human culture, society, and thought. The curriculum aims to develop critical thinking and broad knowledge.",Open and Distance Learning Mode,3 year,"['Critical thinking', 'Communication skills', 'Research skills']","['Academic researcher', 'Content writer', 'Administrative assistant', 'Public relations specialist']",PreUG,33.0,,[],0.1028507151404703,1,0,46.900000000000006,
17,B.TECH -ARTIFICIAL INTELLIGENCE & DATA SCIENCE,UG,Science,No specific eligibility requirements were provided.,"This program focuses on the theoretical foundations and practical applications of Artificial Intelligence and Data Science. It covers the mathematical, statistical, and computational methods required to analyze complex data and develop intelligent systems. The curriculum emphasizes machine learning, algorithms, and data-driven decision making.",Regular,4 year,"['Data analysis', 'Machine learning', 'Programming skills', 'Statistical modeling']","['Data Scientist', 'AI Engineer', 'Machine Learning Specialist', 'Data Analyst']",PreUG,,,[],0.093889459272084,0,0,0.0,
17,Bachelor of Arts (Economics),UG,Commerce,Requires Senior Secondary Examination (10+2) with at least 45% aggregate marks.,"This program focuses on the study of economic principles, theories, and methods. It involves analyzing economic systems, markets, and policy implications across various sectors. The curriculum develops critical thinking and analytical skills related to economic phenomena.",Regular,4 year,"['Economic analysis', 'Quantitative reasoning', 'Data interpretation', 'Critical thinking']","['Economist', 'Financial analyst', 'Policy advisor', 'Business consultant']",PreUG,45.0,45.0,[],0.0880527804742976,0,0,34.900000000000006,
17,B.TECH. (ARTIFICIAL INTELLIGENCE),UG,Engineering,No specific eligibility requirements were provided.,"This program focuses on the theoretical foundations and practical applications of Artificial Intelligence. It covers algorithms, data structures, and computational methods essential for developing intelligent systems. The curriculum emphasizes problem-solving and the development of intelligent software solutions.",Regular,4 year,"['Algorithm design', 'Programming proficiency', 'Data structures', 'Machine learning', 'Computational thinking']","['AI Developer', 'Machine Learning Engineer', 'Data Scientist', 'Software Developer', 'AI Researcher']",PreUG,,,[],0.082804811293434,0,0,0.0,
18,M.TECH. COMPUTER SCIENCE AND ENGINEERING (ARTIFICIAL INTELLIGENCE AND MACHINE LEARNING),PG,Engineering,No specific eligibility requirements were provided.,"This program focuses on the theoretical foundations and practical applications of Artificial Intelligence and Machine Learning within the field of Computer Science and Engineering. It covers advanced mathematical, computational, and algorithmic concepts necessary for developing intelligent systems. The curriculum emphasizes the design, implementation, and evaluation of complex ML models.",Regular,2 year,"['Machine learning', 'Algorithm design', 'Programming', 'Data analysis']","['AI Developer', 'Machine Learning Engineer', 'Data Scientist', 'Software Architect']",UG,,,[],0.1019972897718752,0,0,0.0,
18,Master of Arts Political Science,PG,Humanities,"Requires a Bachelor's Degree in any discipline with at least 45% aggregate marks or equivalent examination recognized by M.D. University, Rohtak.","This program focuses on the theoretical and analytical study of political systems, governance, and public policy. It involves in-depth exploration of political theory, international relations, and comparative politics.",Open and Distance Learning Mode,2 year,"['Political analysis', 'Theoretical understanding', 'Research skills']","['Policy analyst', 'Political researcher', 'Public administration officer']",UG,45.0,,"['Political Science', 'any', 'course']",0.0987365646665587,1,0,32.2,
18,M.TECH (ARTIFICIAL INTELLIGENCE AND DATA SCIENCE),PG,Science,No specific eligibility requirements were provided.,"This program focuses on the theoretical foundations and practical applications of Artificial Intelligence and Data Science. It involves studying algorithms, statistical methods, and machine learning techniques to analyze complex data and develop intelligent systems.",Regular,2 year,"['Machine learning', 'Data analysis', 'Algorithm design', 'Statistical modeling']","['Data Scientist', 'AI Engineer', 'Machine Learning Specialist', 'Data Analyst']",UG,,,[],0.0895025963809069,0,0,0.0,
18,Master of Arts History,PG,Humanities,Requires a Bachelor's Degree in any discipline with at least 45% aggregate marks or an equivalent recognized examination.,"This program focuses on the study of historical subjects, critical analysis of past events, and the interpretation of historical sources. It involves developing advanced knowledge in historical methodologies and contextual understanding.",Open and Distance Learning Mode,2 year,"['Historical analysis', 'Source interpretation', 'Critical thinking', 'Research skills']","['Historian', 'Archivist', 'Academic researcher', 'Curator']",UG,45.0,45.0,[],0.0886399729595346,1,0,32.2,
18,Master of Arts Journalism & Mass Communication,PG,Humanities,Requires a Bachelor's Degree in any discipline with at least 45% aggregate marks.,This program focuses on the study of journalism and mass communication principles. It covers the theoretical foundations and practical applications of media and communication practices. The curriculum aims to develop critical understanding of communication processes and media functions.,Open and Distance Learning Mode,2 year,"['Media analysis', 'Communication theory', 'Content creation', 'Research skills']","['Journalist', 'Media producer', 'Communication specialist', 'Content writer']",UG,45.0,,[],0.0827949494341711,1,0,32.2,
18,Certificate Course in Phiolosphy of Dayanand,PG,Humanities,Candidates must have passed the Senior Secondary Examination (10+2) with at least 50% marks.,This program focuses on the study of the philosophy of Dayanand. It involves exploring fundamental philosophical concepts and theories within the specified discipline. The course aims to develop critical thinking and understanding of philosophical thought.,Regular,6 Months,"['Philosophical reasoning', 'Critical thinking', 'Textual analysis']","['Philosophical studies', 'Academic research', 'Content development']",UG,50.0,,[],0.0796194530775576,1,0,27.200000000000003,
18,Certificate Course in Research Methods in Social Sciences,PG,Humanities,Requires a Bachelor's Degree in any discipline with at least 45% aggregate marks.,"This course focuses on the methodologies and techniques essential for conducting research within the social sciences. It provides students with the foundational knowledge necessary to design, execute, and analyze social science research projects effectively.",Regular,6 Months,"['Research methodology', 'Data collection', 'Statistical analysis', 'Research design']","['Social science researcher', 'Research assistant', 'Data analyst', 'Research practitioner']",UG,45.0,,[],0.0623440222104028,1,0,32.2,
19,B.TECH -ARTIFICIAL INTELLIGENCE & DATA SCIENCE,UG,Science,No specific eligibility requirements were provided.,"This program focuses on the theoretical foundations and practical applications of Artificial Intelligence and Data Science. It covers the mathematical, statistical, and computational methods required to analyze complex data and develop intelligent systems. The curriculum emphasizes machine learning, algorithms, and data-driven decision making.",Regular,4 year,"['Data analysis', 'Machine learning', 'Programming skills', 'Statistical modeling']","['Data Scientist', 'AI Engineer', 'Machine Learning Specialist', 'Data Analyst']",PreUG,,,[],0.1176493267960094,0,0,0.0,
19,B.TECH (CSE-ARTIFI. INTELLIGEN. & MACHINE LEARNING ENGINEERING),UG,Engineering,No specific eligibility requirements are stated.,"This program focuses on the principles of computer science, artificial intelligence, and machine learning. It involves studying algorithms, data structures, and the application of computational methods to solve complex problems. The curriculum emphasizes theoretical foundations and practical implementation in these advanced fields.",Regular,4 year,"['Programming skills', 'Algorithm design', 'Machine learning', 'Data analysis', 'Software development']","['Machine learning engineer', 'AI developer', 'Software architect', 'Data scientist', 'Algorithm designer']",PreUG,,,[],0.115871468168403,0,0,0.0,
19,B.TECH (ARTIFICIAL INTELLIGENCE AND MACHINE LEARNING),UG,Engineering,No specific eligibility requirements are stated.,"This program focuses on the theoretical foundations and practical applications of Artificial Intelligence and Machine Learning. It covers algorithms, data structures, and computational methods essential for developing intelligent systems. The curriculum emphasizes problem-solving and model development in the field of computer science.",Regular,4 year,"['Algorithm design', 'Data analysis', 'Programming proficiency', 'Model development']","['Machine Learning Engineer', 'AI Developer', 'Data Scientist', 'Software Developer']",PreUG,,,[],0.1015676059208115,0,0,0.0,
19,Bachelor of Commerce 4-Year,UG,Commerce,Requires Senior Secondary Examination (10+2) with at least 50% aggregate marks.,"This program focuses on the foundational principles of commerce, including accounting, finance, economics, and business management. It provides students with a comprehensive understanding of the operational and theoretical aspects of business activities.",Regular,4 year,"['Accounting principles', 'Financial analysis', 'Business management', 'Economic theory']","['Accountant', 'Financial analyst', 'Business administrator', 'Auditor']",PreUG,50.0,,[],0.1006570166594915,1,0,27.200000000000003,
19,Bachelor of Commerce,UG,Commerce,Requires Senior Secondary Examination (10+2) with at least 45% aggregate marks.,"This program focuses on the foundational principles of business, economics, and finance. It covers core concepts necessary for understanding commercial operations and market dynamics.",Regular,4 year,"['Business fundamentals', 'Financial accounting', 'Economic principles']","['Accountant', 'Financial analyst', 'Business administrator']",PreUG,45.0,45.0,[],0.0907781902641286,1,0,32.2,
19,B.TECH. (ARTIFICIAL INTELLIGENCE),UG,Engineering,No specific eligibility requirements were provided.,"This program focuses on the theoretical foundations and practical applications of Artificial Intelligence. It covers algorithms, data structures, and computational methods essential for developing intelligent systems. The curriculum emphasizes problem-solving and the development of intelligent software solutions.",Regular,4 year,"['Algorithm design', 'Programming proficiency', 'Data structures', 'Machine learning', 'Computational thinking']","['AI Developer', 'Machine Learning Engineer', 'Data Scientist', 'Software Developer', 'AI Researcher']",PreUG,,,[],0.0818375787922565,0,0,0.0,
19,Bachelor of Arts (Public Administration),UG,Management,Requires Senior Secondary Examination (10+2) with at least 45% aggregate marks.,"This program focuses on the study of public administration, encompassing the principles, policies, and practices of governance. It involves analyzing the structure, function, and operation of public sector organizations and administrative systems. The curriculum develops critical thinking skills related to public policy and administration.",Regular,4 year,"['Policy analysis', 'Administrative principles', 'Public sector management', 'Critical thinking']","['Public administrator', 'Government official', 'Policy analyst', 'Administrative officer']",PreUG,45.0,45.0,[],0.0816874595617609,0,0,32.2,
20,Master of Commerce (M.Com.),PG,Commerce,Requires a Bachelor's degree in relevant subjects with a minimum of 45% aggregate marks.,"This program focuses on advanced study in commerce, encompassing financial accounting, taxation, economics, and business management principles. It develops analytical skills necessary for understanding complex business environments and economic systems.",Open and Distance Learning Mode,2 year,"['Financial accounting', 'Economic analysis', 'Business management', 'Data interpretation']","['Accountant', 'Financial analyst', 'Business administrator', 'Management consultant']",UG,45.0,,"['Commerce', 'subjects']",0.1515926851714636,1,0,16.1,
20,MBA for Working Professional,PG,Management,No specific eligibility requirements were provided.,"This program focuses on applying management principles to the context of working professionals. It covers core business functions, strategic decision-making, and leadership skills relevant to the contemporary business environment.",Part Time,2 year,"['Business strategy', 'Financial analysis', 'Leadership skills', 'Project management']","['Business manager', 'Consultant', 'Operations executive', 'Marketing specialist']",UG,,,[],0.1102400589569095,0,0,0.0,
20,PG Diploma in Data Analytics,PG,Science,Requires a Bachelor's Degree with at least 50% marks in aggregate or equivalent examination recognized by M.D. University Rohtak.,"This program focuses on the principles and techniques of data analysis. It covers methods for collecting, processing, and interpreting large datasets to derive meaningful insights. The curriculum emphasizes statistical foundations and analytical tools relevant to data-driven decision-making.",Regular,1 year,"['Data analysis', 'Statistical methods', 'Data interpretation']","['Data analyst', 'Business intelligence specialist', 'Data visualization expert']",UG,50.0,,"['Data Analytics', 'Mathematics']",0.10474299954916,0,0,11.1,
20,M.TECH (ARTIFICIAL INTELLIGENCE AND DATA SCIENCE),PG,Science,No specific eligibility requirements were provided.,"This program focuses on the theoretical foundations and practical applications of Artificial Intelligence and Data Science. It involves studying algorithms, statistical methods, and machine learning techniques to analyze complex data and develop intelligent systems.",Regular,2 year,"['Machine learning', 'Data analysis', 'Algorithm design', 'Statistical modeling']","['Data Scientist', 'AI Engineer', 'Machine Learning Specialist', 'Data Analyst']",UG,,,[],0.0966935960317175,0,0,0.0,
20,Master of Arts Economics,PG,Commerce,"Requires a Bachelor's Degree in any discipline with at least 45% aggregate marks or equivalent examination recognized by M.D. University, Rohtak.","This program focuses on the theoretical and applied aspects of economic principles. It involves in-depth study of economic theories, policies, and analytical methods.",Open and Distance Learning Mode,2 year,"['Economic theory', 'Data analysis', 'Policy evaluation', 'Analytical thinking']","['Economic analyst', 'Policy researcher', 'Financial consultant', 'Economist']",UG,45.0,,[],0.0939888154657939,1,0,16.1,
20,PG Diploma in Computational Biology,PG,Science,"Requires a Bachelor's Degree in Biological Sciences, Computer Science, or allied biological sciences, or equivalent examination recognized by State Universities of Haryana.","This program focuses on the intersection of biology and computation. It involves studying the mathematical and computational methods applied to biological systems and data. The curriculum covers bioinformatics, computational modeling, and biological data analysis.",Regular,1 year,"['Data analysis', 'Computational modeling', 'Bioinformatics', 'Statistical methods']","['Bioinformatics analyst', 'Computational biologist', 'Biomedical data scientist', 'Research assistant']",UG,,,"['Biological Sciences', 'Computer Science', 'Biology', 'Science']",0.0936353729690834,0,0,0.0,
20,M.Sc. (BIOINFORMATICS),PG,Science,Bachelor's degree in Biological Sciences or related fields is required.,"This program focuses on the intersection of biology and information technology. It involves studying computational methods and data analysis applied to biological systems. The curriculum covers bioinformatics principles, algorithms, and data interpretation in life sciences.",Regular,2 year,"['Data analysis', 'Bioinformatics tools', 'Computational modeling', 'Biological data interpretation']","['Bioinformatics analyst', 'Computational biologist', 'Biomedical informatics specialist', 'Data scientist in life sciences']",UG,,,"['Biological Sciences', 'BIOINFORMATICS', 'Science']",0.0834932506365413,0,0,0.0,
21,M.TECH (ARTIFICIAL INTELLIGENCE AND DATA SCIENCE),PG,Science,No specific eligibility requirements were provided.,"This program focuses on the theoretical foundations and practical applications of Artificial Intelligence and Data Science. It involves studying algorithms, statistical methods, and machine learning techniques to analyze complex data and develop intelligent systems.",Regular,2 year,"['Machine learning', 'Data analysis', 'Algorithm design', 'Statistical modeling']","['Data Scientist', 'AI Engineer', 'Machine Learning Specialist', 'Data Analyst']",UG,,,[],0.1294010495009102,0,0,0.0,
21,Master of Commerce (M.Com.),PG,Commerce,Requires a Bachelor's degree in relevant subjects with a minimum of 45% aggregate marks.,"This program focuses on advanced study in commerce, encompassing financial accounting, taxation, economics, and business management principles. It develops analytical skills necessary for understanding complex business environments and economic systems.",Open and Distance Learning Mode,2 year,"['Financial accounting', 'Economic analysis', 'Business management', 'Data interpretation']","['Accountant', 'Financial analyst', 'Business administrator', 'Management consultant']",UG,45.0,,"['Commerce', 'subjects']",0.1149339256292079,0,0,31.09999999999999,
21,M.TECH. COMPUTER SCIENCE AND ENGINEERING (ARTIFICIAL INTELLIGENCE AND MACHINE LEARNING),PG,Engineering,No specific eligibility requirements were provided.,"This program focuses on the theoretical foundations and practical applications of Artificial Intelligence and Machine Learning within the field of Computer Science and Engineering. It covers advanced mathematical, computational, and algorithmic concepts necessary for developing intelligent systems. The curriculum emphasizes the design, implementation, and evaluation of complex ML models.",Regular,2 year,"['Machine learning', 'Algorithm design', 'Programming', 'Data analysis']","['AI Developer', 'Machine Learning Engineer', 'Data Scientist', 'Software Architect']",UG,,,[],0.0937488169152229,0,0,0.0,
21,PG Diploma in Data Analytics,PG,Science,Requires a Bachelor's Degree with at least 50% marks in aggregate or equivalent examination recognized by M.D. University Rohtak.,"This program focuses on the principles and techniques of data analysis. It covers methods for collecting, processing, and interpreting large datasets to derive meaningful insights. The curriculum emphasizes statistical foundations and analytical tools relevant to data-driven decision-making.",Regular,1 year,"['Data analysis', 'Statistical methods', 'Data interpretation']","['Data analyst', 'Business intelligence specialist', 'Data visualization expert']",UG,50.0,,"['Data Analytics', 'Mathematics']",0.0810397251421182,0,0,26.09999999999999,
21,Master of Science (Mathematics),PG,Science,Requires a Bachelor's degree in Mathematics or a related subject with at least 50% marks.,"This program focuses on advanced mathematical concepts and theoretical foundations. It involves in-depth study of mathematical theories, problem-solving techniques, and advanced analytical methods.",Open and Distance Learning Mode,2 year,"['Mathematical reasoning', 'Advanced problem-solving', 'Theoretical analysis']","['Mathematical analyst', 'Quantitative researcher', 'Data scientist']",UG,50.0,,"['Mathematics', 'Science']",0.0784486401355504,0,0,26.09999999999999,
21,Master of Science (Mathematics),PG,Science,Requires a Bachelor's degree in Mathematics or a related subject with at least 50% marks.,"This program focuses on advanced mathematical concepts and theoretical foundations. It involves in-depth study of mathematical theories, problem-solving techniques, and advanced analytical methods.",Open and Distance Learning Mode,2 year,"['Mathematical reasoning', 'Abstract problem-solving', 'Advanced analysis']","['Mathematical analyst', 'Quantitative researcher', 'Data scientist']",UG,50.0,,"['Mathematics', 'Mathematics', 'Mathematics', 'Mathematics', 'Mathematics', 'Mathematics', 'Mathematics']",0.0775521080677663,0,0,26.09999999999999,
21,PG Diploma in Computational Biology,PG,Science,"Requires a Bachelor's Degree in Biological Sciences, Computer Science, or allied biological sciences, or equivalent examination recognized by State Universities of Haryana.","This program focuses on the intersection of biology and computation. It involves studying the mathematical and computational methods applied to biological systems and data. The curriculum covers bioinformatics, computational modeling, and biological data analysis.",Regular,1 year,"['Data analysis', 'Computational modeling', 'Bioinformatics', 'Statistical methods']","['Bioinformatics analyst', 'Computational biologist', 'Biomedical data scientist', 'Research assistant']",UG,,,"['Biological Sciences', 'Computer Science', 'Biology', 'Science']",0.0768599881360042,0,0,0.0,
22,Bachelor of Arts (Public Administration),UG,Management,Requires Senior Secondary Examination (10+2) with at least 45% aggregate marks.,"This program focuses on the study of public administration, encompassing the principles, policies, and practices of governance. It involves analyzing the structure, function, and operation of public sector organizations and administrative systems. The curriculum develops critical thinking skills related to public policy and administration.",Regular,4 year,"['Policy analysis', 'Administrative principles', 'Public sector management', 'Critical thinking']","['Public administrator', 'Government official', 'Policy analyst', 'Administrative officer']",PreUG,45.0,45.0,[],0.0923252694202479,0,0,31.200000000000003,
22,B.Tech (CSE- Data Science),UG,Science,No specific eligibility requirements were provided.,"This program focuses on the intersection of Computer Science and Data Science principles. It involves training in computational methods, statistical analysis, and the application of algorithms to large datasets. The curriculum covers theoretical foundations and practical applications in data-driven problem-solving.",Regular,4 year,"['Programming skills', 'Statistical analysis', 'Algorithm design', 'Data manipulation']","['Data Scientist', 'Machine Learning Engineer', 'Software Developer', 'Data Analyst']",PreUG,,,[],0.0882932526991405,0,0,0.0,
22,B.TECH (CSE-ARTIFI. INTELLIGEN. & MACHINE LEARNING ENGINEERING),UG,Engineering,No specific eligibility requirements are stated.,"This program focuses on the principles of computer science, artificial intelligence, and machine learning. It involves studying algorithms, data structures, and the application of computational methods to solve complex problems. The curriculum emphasizes theoretical foundations and practical implementation in these advanced fields.",Regular,4 year,"['Programming skills', 'Algorithm design', 'Machine learning', 'Data analysis', 'Software development']","['Machine learning engineer', 'AI developer', 'Software architect', 'Data scientist', 'Algorithm designer']",PreUG,,,[],0.0811359234290272,0,0,0.0,
22,B.TECH -ARTIFICIAL INTELLIGENCE & DATA SCIENCE,UG,Science,No specific eligibility requirements were provided.,"This program focuses on the theoretical foundations and practical applications of Artificial Intelligence and Data Science. It covers the mathematical, statistical, and computational methods required to analyze complex data and develop intelligent systems. The curriculum emphasizes machine learning, algorithms, and data-driven decision making.",Regular,4 year,"['Data analysis', 'Machine learning', 'Programming skills', 'Statistical modeling']","['Data Scientist', 'AI Engineer', 'Machine Learning Specialist', 'Data Analyst']",PreUG,,,[],0.0811137737230918,0,0,0.0,
22,B.TECH (ARTIFICIAL INTELLIGENCE AND MACHINE LEARNING),UG,Engineering,No specific eligibility requirements are stated.,"This program focuses on the theoretical foundations and practical applications of Artificial Intelligence and Machine Learning. It covers algorithms, data structures, and computational methods essential for developing intelligent systems. The curriculum emphasizes problem-solving and model development in the field of computer science.",Regular,4 year,"['Algorithm design', 'Data analysis', 'Programming proficiency', 'Model development']","['Machine Learning Engineer', 'AI Developer', 'Data Scientist', 'Software Developer']",PreUG,,,[],0.0792572168269317,0,0,0.0,
22,Bachelor of Arts (Economics),UG,Commerce,Requires Senior Secondary Examination (10+2) with at least 45% aggregate marks.,"This program focuses on the study of economic principles, theories, and methods. It involves analyzing economic systems, markets, and policy implications across various sectors. The curriculum develops critical thinking and analytical skills related to economic phenomena.",Regular,4 year,"['Economic analysis', 'Quantitative reasoning', 'Data interpretation', 'Critical thinking']","['Economist', 'Financial analyst', 'Policy advisor', 'Business consultant']",PreUG,45.0,45.0,[],0.0786034948044168,0,0,31.200000000000003,
22,B.TECH (COMPUTER SCIENCE AND TECHNOLOGY),UG,Engineering,No specific eligibility requirements were provided.,"This program focuses on the principles and practices of computer science and technology. It covers theoretical foundations, algorithms, data structures, and the application of these concepts to solve complex computational problems. The curriculum emphasizes logical thinking and problem-solving skills within the field of computing.",Regular,4 year,"['Programming skills', 'Algorithmic thinking', 'Problem-solving', 'Data structures', 'Computational logic']","['Software Developer', 'Systems Analyst', 'Data Scientist', 'IT Consultant', 'Computer Engineer']",PreUG,,,[],0.0741913303273653,0,0,0.0,
23,M.TECH (ARTIFICIAL INTELLIGENCE AND DATA SCIENCE),PG,Science,No specific eligibility requirements were provided.,"This program focuses on the theoretical foundations and practical applications of Artificial Intelligence and Data Science. It involves studying algorithms, statistical methods, and machine learning techniques to analyze complex data and develop intelligent systems.",Regular,2 year,"['Machine learning', 'Data analysis', 'Algorithm design', 'Statistical modeling']","['Data Scientist', 'AI Engineer', 'Machine Learning Specialist', 'Data Analyst']",UG,,,[],0.1383339183937709,0,0,0.0,
23,M.TECH. COMPUTER SCIENCE AND ENGINEERING (ARTIFICIAL INTELLIGENCE AND MACHINE LEARNING),PG,Engineering,No specific eligibility requirements were provided.,"This program focuses on the theoretical foundations and practical applications of Artificial Intelligence and Machine Learning within the field of Computer Science and Engineering. It covers advanced mathematical, computational, and algorithmic concepts necessary for developing intelligent systems. The curriculum emphasizes the design, implementation, and evaluation of complex ML models.",Regular,2 year,"['Machine learning', 'Algorithm design', 'Programming', 'Data analysis']","['AI Developer', 'Machine Learning Engineer', 'Data Scientist', 'Software Architect']",UG,,,[],0.1113841460169609,0,0,0.0,
23,MBA for Working Professional,PG,Management,No specific eligibility requirements were provided.,"This program focuses on applying management principles to the context of working professionals. It covers core business functions, strategic decision-making, and leadership skills relevant to the contemporary business environment.",Part Time,2 year,"['Business strategy', 'Financial analysis', 'Leadership skills', 'Project management']","['Business manager', 'Consultant', 'Operations executive', 'Marketing specialist']",UG,,,[],0.0922168945438164,0,0,0.0,
23,PG Diploma in Computational Biology,PG,Science,"Requires a Bachelor's Degree in Biological Sciences, Computer Science, or allied biological sciences, or equivalent examination recognized by State Universities of Haryana.","This program focuses on the intersection of biology and computation. It involves studying the mathematical and computational methods applied to biological systems and data. The curriculum covers bioinformatics, computational modeling, and biological data analysis.",Regular,1 year,"['Data analysis', 'Computational modeling', 'Bioinformatics', 'Statistical methods']","['Bioinformatics analyst', 'Computational biologist', 'Biomedical data scientist', 'Research assistant']",UG,,,"['Biological Sciences', 'Computer Science', 'Biology', 'Science']",0.0914326805968205,0,0,0.0,
23,M.Sc. (BIOINFORMATICS),PG,Science,Bachelor's degree in Biological Sciences or related fields is required.,"This program focuses on the intersection of biology and information technology. It involves studying computational methods and data analysis applied to biological systems. The curriculum covers bioinformatics principles, algorithms, and data interpretation in life sciences.",Regular,2 year,"['Data analysis', 'Bioinformatics tools', 'Computational modeling', 'Biological data interpretation']","['Bioinformatics analyst', 'Computational biologist', 'Biomedical informatics specialist', 'Data scientist in life sciences']",UG,,,"['Biological Sciences', 'BIOINFORMATICS', 'Science']",0.0902844483919661,0,0,0.0,
23,MCA,PG,Management,No specific eligibility requirements were provided.,"This program focuses on advanced concepts in management, information systems, and business processes. It provides a comprehensive understanding of organizational behavior, technology application, and strategic decision-making.",Regular,2 year,"['Systems analysis', 'Business strategy', 'Data management', 'Software development']","['Systems analyst', 'Business consultant', 'IT manager', 'Data scientist']",UG,,,[],0.0884253793893214,0,0,0.0,
23,M.TECH (INFORMATION TECHNOLOGY),PG,Engineering,No specific eligibility requirements were provided.,This program focuses on advanced study in Information Technology. It covers theoretical foundations and practical applications of computing systems and software development. The curriculum emphasizes problem-solving and system design in the IT domain.,Regular,2 year,"['System design', 'Programming skills', 'Algorithm development', 'Software architecture']","['Software Developer', 'Systems Analyst', 'IT Consultant', 'Data Scientist']",UG,,,[],0.0734823863804842,0,0,0.0,
24,M.TECH (ARTIFICIAL INTELLIGENCE AND DATA SCIENCE),PG,Science,No specific eligibility requirements were provided.,"This program focuses on the theoretical foundations and practical applications of Artificial Intelligence and Data Science. It involves studying algorithms, statistical methods, and machine learning techniques to analyze complex data and develop intelligent systems.",Regular,2 year,"['Machine learning', 'Data analysis', 'Algorithm design', 'Statistical modeling']","['Data Scientist', 'AI Engineer', 'Machine Learning Specialist', 'Data Analyst']",UG,,,[],0.1483234066212963,1,0,0.0,
24,M.TECH. COMPUTER SCIENCE AND ENGINEERING (ARTIFICIAL INTELLIGENCE AND MACHINE LEARNING),PG,Engineering,No specific eligibility requirements were provided.,"This program focuses on the theoretical foundations and practical applications of Artificial Intelligence and Machine Learning within the field of Computer Science and Engineering. It covers advanced mathematical, computational, and algorithmic concepts necessary for developing intelligent systems. The curriculum emphasizes the design, implementation, and evaluation of complex ML models.",Regular,2 year,"['Machine learning', 'Algorithm design', 'Programming', 'Data analysis']","['AI Developer', 'Machine Learning Engineer', 'Data Scientist', 'Software Architect']",UG,,,[],0.104003983039514,0,0,0.0,
24,PG Diploma in Data Analytics,PG,Science,Requires a Bachelor's Degree with at least 50% marks in aggregate or equivalent examination recognized by M.D. University Rohtak.,"This program focuses on the principles and techniques of data analysis. It covers methods for collecting, processing, and interpreting large datasets to derive meaningful insights. The curriculum emphasizes statistical foundations and analytical tools relevant to data-driven decision-making.",Regular,1 year,"['Data analysis', 'Statistical methods', 'Data interpretation']","['Data analyst', 'Business intelligence specialist', 'Data visualization expert']",UG,50.0,,"['Data Analytics', 'Mathematics']",0.095568688113655,1,0,42.8,
24,PG Diploma in Computational Biology,PG,Science,"Requires a Bachelor's Degree in Biological Sciences, Computer Science, or allied biological sciences, or equivalent examination recognized by State Universities of Haryana.","This program focuses on the intersection of biology and computation. It involves studying the mathematical and computational methods applied to biological systems and data. The curriculum covers bioinformatics, computational modeling, and biological data analysis.",Regular,1 year,"['Data analysis', 'Computational modeling', 'Bioinformatics', 'Statistical methods']","['Bioinformatics analyst', 'Computational biologist', 'Biomedical data scientist', 'Research assistant']",UG,,,"['Biological Sciences', 'Computer Science', 'Biology', 'Science']",0.0942392553106232,1,0,0.0,
24,Master of Commerce (M.Com.),PG,Commerce,Requires a Bachelor's degree in relevant subjects with a minimum of 45% aggregate marks.,"This program focuses on advanced study in commerce, encompassing financial accounting, taxation, economics, and business management principles. It develops analytical skills necessary for understanding complex business environments and economic systems.",Open and Distance Learning Mode,2 year,"['Financial accounting', 'Economic analysis', 'Business management', 'Data interpretation']","['Accountant', 'Financial analyst', 'Business administrator', 'Management consultant']",UG,45.0,,"['Commerce', 'subjects']",0.0877047276535835,0,0,47.8,
24,Certificate Course in AI and ML in Pharmaceutical Sciences,PG,Science,Candidates must have passed the Senior Secondary Examination (10+2) with at least 50% marks.,"This program focuses on applying Artificial Intelligence and Machine Learning techniques within the context of pharmaceutical sciences. It covers the integration of computational methods to solve complex problems in drug discovery, development, and pharmaceutical research. The curriculum emphasizes the intersection of data science and pharmaceutical knowledge.",Regular,6 Months,"['AI application', 'ML modeling', 'Pharmaceutical data analysis', 'Computational methods']","['AI pharmaceutical analyst', 'ML drug discovery specialist', 'Pharmaceutical data scientist', 'Bioinformatics researcher']",UG,50.0,,[],0.0758858782666527,1,0,42.8,
24,Certificate Course in Research Methods in Social Sciences,PG,Humanities,Requires a Bachelor's Degree in any discipline with at least 45% aggregate marks.,"This course focuses on the methodologies and techniques essential for conducting research within the social sciences. It provides students with the foundational knowledge necessary to design, execute, and analyze social science research projects effectively.",Regular,6 Months,"['Research methodology', 'Data collection', 'Statistical analysis', 'Research design']","['Social science researcher', 'Research assistant', 'Data analyst', 'Research practitioner']",UG,45.0,,[],0.0734187381866969,0,0,47.8,
25,B.TECH (COMPUTER SCIENCE & INFORMATION TECHNOLOGY),UG,Engineering,No specific eligibility requirements were provided.,"This program focuses on the theoretical foundations and practical applications of computer science and information technology. It covers algorithms, data structures, programming, and the management of information systems.",Regular,4 year,"['Programming skills', 'Data structures', 'Algorithm design', 'Information systems']","['Software developer', 'Systems analyst', 'Data scientist', 'IT consultant']",PreUG,,,[],0.1463419040001848,1,0,0.0,
25,B.TECH (CSE-ARTIFI. INTELLIGEN. & MACHINE LEARNING ENGINEERING),UG,Engineering,No specific eligibility requirements are stated.,"This program focuses on the principles of computer science, artificial intelligence, and machine learning. It involves studying algorithms, data structures, and the application of computational methods to solve complex problems. The curriculum emphasizes theoretical foundations and practical implementation in these advanced fields.",Regular,4 year,"['Programming skills', 'Algorithm design', 'Machine learning', 'Data analysis', 'Software development']","['Machine learning engineer', 'AI developer', 'Software architect', 'Data scientist', 'Algorithm designer']",PreUG,,,[],0.1266706051541319,1,0,0.0,
25,B.TECH (INFORMATION TECHNOLOGY),UG,Engineering,No specific eligibility requirements are stated.,"This program focuses on the principles and practices of information technology. It covers the theoretical foundations and practical applications of computing systems, software development, and data management. The curriculum aims to develop students with strong analytical and problem-solving skills in the IT domain.",Regular,4 year,"['Programming skills', 'System design', 'Software development', 'Data management']","['Software Developer', 'Systems Analyst', 'IT Consultant', 'Data Scientist']",PreUG,,,[],0.1141307336502754,1,0,0.0,
25,B.TECH (ARTIFICIAL INTELLIGENCE AND MACHINE LEARNING),UG,Engineering,No specific eligibility requirements are stated.,"This program focuses on the theoretical foundations and practical applications of Artificial Intelligence and Machine Learning. It covers algorithms, data structures, and computational methods essential for developing intelligent systems. The curriculum emphasizes problem-solving and model development in the field of computer science.",Regular,4 year,"['Algorithm design', 'Data analysis', 'Programming proficiency', 'Model development']","['Machine Learning Engineer', 'AI Developer', 'Data Scientist', 'Software Developer']",PreUG,,,[],0.1084213500552051,1,0,0.0,
25,B.TECH -ARTIFICIAL INTELLIGENCE & DATA SCIENCE,UG,Science,No specific eligibility requirements were provided.,"This program focuses on the theoretical foundations and practical applications of Artificial Intelligence and Data Science. It covers the mathematical, statistical, and computational methods required to analyze complex data and develop intelligent systems. The curriculum emphasizes machine learning, algorithms, and data-driven decision making.",Regular,4 year,"['Data analysis', 'Machine learning', 'Programming skills', 'Statistical modeling']","['Data Scientist', 'AI Engineer', 'Machine Learning Specialist', 'Data Analyst']",PreUG,,,[],0.1017752412695331,0,0,0.0,
25,B.TECH. (ARTIFICIAL INTELLIGENCE),UG,Engineering,No specific eligibility requirements were provided.,"This program focuses on the theoretical foundations and practical applications of Artificial Intelligence. It covers algorithms, data structures, and computational methods essential for developing intelligent systems. The curriculum emphasizes problem-solving and the development of intelligent software solutions.",Regular,4 year,"['Algorithm design', 'Programming proficiency', 'Data structures', 'Machine learning', 'Computational thinking']","['AI Developer', 'Machine Learning Engineer', 'Data Scientist', 'Software Developer', 'AI Researcher']",PreUG,,,[],0.0928625112354955,1,0,0.0,
25,B.TECH - ROBOTICS & ARTIFICIAL INTELLIGENCE,UG,Engineering,No specific eligibility requirements were provided.,"This program focuses on the principles and applications of robotics and artificial intelligence. It involves studying the mathematical, computational, and engineering foundations required to design and develop intelligent systems.",Regular,4 year,"['Programming skills', 'Algorithm design', 'System modeling', 'Machine learning', 'Robotics operation']","['AI Developer', 'Robotics Engineer', 'Machine Learning Specialist', 'Software Developer']",PreUG,,,[],0.0858396787768101,1,0,0.0,
26,MBA for Working Professional,PG,Management,No specific eligibility requirements were provided.,"This program focuses on applying management principles to the context of working professionals. It covers core business functions, strategic decision-making, and leadership skills relevant to the contemporary business environment.",Part Time,2 year,"['Business strategy', 'Financial analysis', 'Leadership skills', 'Project management']","['Business manager', 'Consultant', 'Operations executive', 'Marketing specialist']",UG,,,[],0.1287155769120005,1,0,0.0,
26,M.TECH. COMPUTER SCIENCE AND ENGINEERING (ARTIFICIAL INTELLIGENCE AND MACHINE LEARNING),PG,Engineering,No specific eligibility requirements were provided.,"This program focuses on the theoretical foundations and practical applications of Artificial Intelligence and Machine Learning within the field of Computer Science and Engineering. It covers advanced mathematical, computational, and algorithmic concepts necessary for developing intelligent systems. The curriculum emphasizes the design, implementation, and evaluation of complex ML models.",Regular,2 year,"['Machine learning', 'Algorithm design', 'Programming', 'Data analysis']","['AI Developer', 'Machine Learning Engineer', 'Data Scientist', 'Software Architect']",UG,,,[],0.1264854341981336,0,0,0.0,
26,M.TECH (ARTIFICIAL INTELLIGENCE AND DATA SCIENCE),PG,Science,No specific eligibility requirements were provided.,"This program focuses on the theoretical foundations and practical applications of Artificial Intelligence and Data Science. It involves studying algorithms, statistical methods, and machine learning techniques to analyze complex data and develop intelligent systems.",Regular,2 year,"['Machine learning', 'Data analysis', 'Algorithm design', 'Statistical modeling']","['Data Scientist', 'AI Engineer', 'Machine Learning Specialist', 'Data Analyst']",UG,,,[],0.1234071148324432,0,0,0.0,
26,M.Sc. (ENVIRONMENTAL SCIENCES),PG,Science,Requires a Bachelor's degree in any discipline of Science or a B.Tech. in Biotechnology/Environment Engineering with 50% aggregate marks.,"This program focuses on the study of environmental systems, processes, and the management of environmental issues. It involves in-depth exploration of ecological principles, pollution control, and sustainable resource management. The curriculum develops analytical and problem-solving skills related to environmental challenges.",Regular,2 year,"['Environmental analysis', 'Systems thinking', 'Pollution control', 'Resource management']","['Environmental consultant', 'Pollution control officer', 'Environmental analyst', 'Sustainability manager']",UG,50.0,,"['Science', 'Biotechnology', 'Environment Engineering', 'Environment Sciences']",0.0994248568905359,0,0,0.6000000000000014,
26,Master of Commerce (M.Com.),PG,Commerce,Requires a Bachelor's degree in relevant subjects with a minimum of 45% aggregate marks.,"This program focuses on advanced study in commerce, encompassing financial accounting, taxation, economics, and business management principles. It develops analytical skills necessary for understanding complex business environments and economic systems.",Open and Distance Learning Mode,2 year,"['Financial accounting', 'Economic analysis', 'Business management', 'Data interpretation']","['Accountant', 'Financial analyst', 'Business administrator', 'Management consultant']",UG,45.0,,"['Commerce', 'subjects']",0.0849994521725667,0,0,5.600000000000001,
26,MCA,PG,Management,No specific eligibility requirements were provided.,"This program focuses on advanced concepts in management, information systems, and business processes. It provides a comprehensive understanding of organizational behavior, technology application, and strategic decision-making.",Regular,2 year,"['Systems analysis', 'Business strategy', 'Data management', 'Software development']","['Systems analyst', 'Business consultant', 'IT manager', 'Data scientist']",UG,,,[],0.0847055055263648,1,0,0.0,
26,M.Sc. (ENV. BIOTECHNOLOGY),PG,Science,Requires a Bachelor's degree in any discipline of Science or a B.Tech. in Biotechnology/Environment Engineering with 50% aggregate marks.,This program focuses on the intersection of environmental science and biotechnology. It involves studying the biological and chemical processes related to environmental systems and applying biotechnological principles to solve environmental challenges.,Regular,2 year,"['Environmental analysis', 'Biotechnology principles', 'Scientific research', 'Data interpretation']","['Environmental consultant', 'Bioprocess development', 'Research analyst', 'Environmental scientist']",UG,50.0,,"['Biotechnology', 'Environment Engineering', 'Science']",0.0837161488435201,0,0,0.6000000000000014,
27,Ph.D (STATISTICS),PhD,Science,No specific eligibility requirements were provided.,"This program focuses on advanced theoretical and applied statistical methods. It involves in-depth study of probability theory, statistical inference, and data modeling techniques. The curriculum emphasizes rigorous mathematical foundations and analytical problem-solving.",Regular,,"['Statistical modeling', 'Data analysis', 'Mathematical reasoning', 'Inferential statistics']","['Research scientist', 'Data analyst', 'Statistician', 'Machine learning specialist']",PG,,,[],0.0952388981216917,0,0,0.0,
27,Ph.D (Public Administration),PhD,Management,No specific eligibility requirements were provided.,"This program focuses on the theoretical and empirical study of public administration. It involves in-depth research into the policies, organizations, and processes of governance.",Regular,,"['Research skills', 'Policy analysis', 'Critical thinking']","['Public sector management', 'Policy analyst', 'Government administrator']",PG,,,[],0.0951047851646454,1,0,0.0,
27,Ph.D (ZOOLOGY),PhD,Science,No specific eligibility requirements are provided.,"This program focuses on advanced research and scholarly investigation within the field of Zoology. It involves in-depth study of animal biology, behavior, and evolution.",Regular,,"['Research skills', 'Data analysis', 'Experimental design']","['Research scientist', 'Academic researcher', 'Zoologist']",PG,,,[],0.0855834653469165,0,0,0.0,
27,Ph.D (GENETICS),PhD,Science,No specific eligibility requirements were provided.,"This program focuses on advanced theoretical and empirical research within the field of genetics. It involves in-depth study of molecular mechanisms, heredity, and the biological basis of variation.",Regular,,"['Research methodology', 'Molecular biology', 'Statistical analysis']","['Research scientist', 'Geneticist', 'Academic researcher']",PG,,,[],0.0826911105063579,0,0,0.0,
27,Ph.D (ECONOMICS),PhD,Commerce,Specific eligibility requirements are not provided.,"This program focuses on advanced theoretical and empirical research within the field of Economics. It involves in-depth study of economic theories, methodologies, and analytical techniques.",Regular,,"['Advanced research', 'Economic modeling', 'Quantitative analysis']","['Academic researcher', 'Economic consultant', 'Policy analyst']",PG,,,[],0.0768960821743837,0,0,0.0,
27,Ph.D (MEDICAL BIO-TECHNOLOGY),PhD,Science,No specific eligibility requirements were provided.,"This program focuses on the integration of medical and biological sciences to develop new technologies. It involves advanced study in molecular biology, genetics, and biotechnological applications.",Regular,,"['Research skills', 'Biotechnology knowledge', 'Data analysis']","['Research scientist', 'Biotechnology consultant', 'Medical researcher']",PG,,,[],0.0764356712736256,0,0,0.0,
27,Ph.D (Hotel Management),PhD,Management,No specific eligibility requirements were provided.,"This program focuses on advanced research and scholarly inquiry within the field of Hotel Management. It involves in-depth study of theoretical frameworks, operational practices, and strategic management principles applied to the hospitality sector. The goal is to develop expertise through original research and critical analysis.",Regular,,"['Research skills', 'Critical thinking', 'Strategic planning']","['Academic researcher', 'Hospitality consultant', 'Hotel management specialist']",PG,,,[],0.0743002570613134,1,0,0.0,
28,M.TECH. COMPUTER SCIENCE AND ENGINEERING (ARTIFICIAL INTELLIGENCE AND MACHINE LEARNING),PG,Engineering,No specific eligibility requirements were provided.,"This program focuses on the theoretical foundations and practical applications of Artificial Intelligence and Machine Learning within the field of Computer Science and Engineering. It covers advanced mathematical, computational, and algorithmic concepts necessary for developing intelligent systems. The curriculum emphasizes the design, implementation, and evaluation of complex ML models.",Regular,2 year,"['Machine learning', 'Algorithm design', 'Programming', 'Data analysis']","['AI Developer', 'Machine Learning Engineer', 'Data Scientist', 'Software Architect']",UG,,,[],0.1414324999848389,0,0,0.0,
28,M.TECH (ARTIFICIAL INTELLIGENCE AND DATA SCIENCE),PG,Science,No specific eligibility requirements were provided.,"This program focuses on the theoretical foundations and practical applications of Artificial Intelligence and Data Science. It involves studying algorithms, statistical methods, and machine learning techniques to analyze complex data and develop intelligent systems.",Regular,2 year,"['Machine learning', 'Data analysis', 'Algorithm design', 'Statistical modeling']","['Data Scientist', 'AI Engineer', 'Machine Learning Specialist', 'Data Analyst']",UG,,,[],0.1260508050177021,0,0,0.0,
28,Master of Commerce (M.Com.),PG,Commerce,Requires a Bachelor's degree in relevant subjects with a minimum of 45% aggregate marks.,"This program focuses on advanced study in commerce, encompassing financial accounting, taxation, economics, and business management principles. It develops analytical skills necessary for understanding complex business environments and economic systems.",Open and Distance Learning Mode,2 year,"['Financial accounting', 'Economic analysis', 'Business management', 'Data interpretation']","['Accountant', 'Financial analyst', 'Business administrator', 'Management consultant']",UG,45.0,,"['Commerce', 'subjects']",0.086111250537304,0,0,-1.3999999999999986,
28,M.TECH (MECHANICAL ENGG. - MACHINE DESIGN),PG,Engineering,No specific eligibility requirements are stated.,"This program focuses on the principles and applications of machine design within the field of mechanical engineering. It involves studying the design, analysis, and optimization of mechanical systems and components.",Regular,2 year,"['Machine design', 'System analysis', 'Mechanical principles']","['Machine designer', 'Design engineer', 'Mechanical analyst']",UG,,,[],0.0755944648214392,0,0,0.0,
28,Master of Arts Journalism & Mass Communication,PG,Humanities,Requires a Bachelor's Degree in any discipline with at least 45% aggregate marks.,This program focuses on the study of journalism and mass communication principles. It covers the theoretical foundations and practical applications of media and communication practices. The curriculum aims to develop critical understanding of communication processes and media functions.,Open and Distance Learning Mode,2 year,"['Media analysis', 'Communication theory', 'Content creation', 'Research skills']","['Journalist', 'Media producer', 'Communication specialist', 'Content writer']",UG,45.0,,[],0.0705177331032004,0,0,-1.3999999999999986,
28,Master of Arts Economics,PG,Commerce,"Requires a Bachelor's Degree in any discipline with at least 45% aggregate marks or equivalent examination recognized by M.D. University, Rohtak.","This program focuses on the theoretical and applied aspects of economic principles. It involves in-depth study of economic theories, policies, and analytical methods.",Open and Distance Learning Mode,2 year,"['Economic theory', 'Data analysis', 'Policy evaluation', 'Analytical thinking']","['Economic analyst', 'Policy researcher', 'Financial consultant', 'Economist']",UG,45.0,,[],0.068934919810173,0,0,-1.3999999999999986,
28,M.TECH (COMPUTER ENGINEERING),PG,Engineering,No specific eligibility requirements were provided.,"This program focuses on advanced study in the principles and applications of computer engineering. It involves in-depth exploration of complex systems, algorithms, and hardware design.",Regular,2 year,"['Algorithm design', 'System architecture', 'Programming proficiency', 'Hardware design']","['Software developer', 'Systems architect', 'Machine learning engineer', 'Embedded systems designer']",UG,,,[],0.0648153381546707,0,0,0.0,
29,M.TECH. COMPUTER SCIENCE AND ENGINEERING (ARTIFICIAL INTELLIGENCE AND MACHINE LEARNING),PG,Engineering,No specific eligibility requirements were provided.,"This program focuses on the theoretical foundations and practical applications of Artificial Intelligence and Machine Learning within the field of Computer Science and Engineering. It covers advanced mathematical, computational, and algorithmic concepts necessary for developing intelligent systems. The curriculum emphasizes the design, implementation, and evaluation of complex ML models.",Regular,2 year,"['Machine learning', 'Algorithm design', 'Programming', 'Data analysis']","['AI Developer', 'Machine Learning Engineer', 'Data Scientist', 'Software Architect']",UG,,,[],0.1841825923414303,0,0,0.0,
29,M.TECH (ARTIFICIAL INTELLIGENCE AND DATA SCIENCE),PG,Science,No specific eligibility requirements were provided.,"This program focuses on the theoretical foundations and practical applications of Artificial Intelligence and Data Science. It involves studying algorithms, statistical methods, and machine learning techniques to analyze complex data and develop intelligent systems.",Regular,2 year,"['Machine learning', 'Data analysis', 'Algorithm design', 'Statistical modeling']","['Data Scientist', 'AI Engineer', 'Machine Learning Specialist', 'Data Analyst']",UG,,,[],0.1697673599021966,0,0,0.0,
29,M.Sc. (ENV. BIOTECHNOLOGY),PG,Science,Requires a Bachelor's degree in any discipline of Science or a B.Tech. in Biotechnology/Environment Engineering with 50% aggregate marks.,This program focuses on the intersection of environmental science and biotechnology. It involves studying the biological and chemical processes related to environmental systems and applying biotechnological principles to solve environmental challenges.,Regular,2 year,"['Environmental analysis', 'Biotechnology principles', 'Scientific research', 'Data interpretation']","['Environmental consultant', 'Bioprocess development', 'Research analyst', 'Environmental scientist']",UG,50.0,,"['Biotechnology', 'Environment Engineering', 'Science']",0.0937087270323504,0,0,33.099999999999994,
29,M.TECH (MECHANICAL ENGG. - MACHINE DESIGN),PG,Engineering,No specific eligibility requirements are stated.,"This program focuses on the principles and applications of machine design within the field of mechanical engineering. It involves studying the design, analysis, and optimization of mechanical systems and components.",Regular,2 year,"['Machine design', 'System analysis', 'Mechanical principles']","['Machine designer', 'Design engineer', 'Mechanical analyst']",UG,,,[],0.0900950788877982,0,0,0.0,
29,M.TECH (COMPUTER ENGINEERING),PG,Engineering,No specific eligibility requirements were provided.,"This program focuses on advanced study in the principles and applications of computer engineering. It involves in-depth exploration of complex systems, algorithms, and hardware design.",Regular,2 year,"['Algorithm design', 'System architecture', 'Programming proficiency', 'Hardware design']","['Software developer', 'Systems architect', 'Machine learning engineer', 'Embedded systems designer']",UG,,,[],0.0846580880045519,0,0,0.0,
29,Certificate Course in AI and ML in Pharmaceutical Sciences,PG,Science,Candidates must have passed the Senior Secondary Examination (10+2) with at least 50% marks.,"This program focuses on applying Artificial Intelligence and Machine Learning techniques within the context of pharmaceutical sciences. It covers the integration of computational methods to solve complex problems in drug discovery, development, and pharmaceutical research. The curriculum emphasizes the intersection of data science and pharmaceutical knowledge.",Regular,6 Months,"['AI application', 'ML modeling', 'Pharmaceutical data analysis', 'Computational methods']","['AI pharmaceutical analyst', 'ML drug discovery specialist', 'Pharmaceutical data scientist', 'Bioinformatics researcher']",UG,50.0,,[],0.0825989404716926,0,0,33.099999999999994,
29,M.Sc. (ENVIRONMENTAL SCIENCES),PG,Science,Requires a Bachelor's degree in any discipline of Science or a B.Tech. in Biotechnology/Environment Engineering with 50% aggregate marks.,"This program focuses on the study of environmental systems, processes, and the management of environmental issues. It involves in-depth exploration of ecological principles, pollution control, and sustainable resource management. The curriculum develops analytical and problem-solving skills related to environmental challenges.",Regular,2 year,"['Environmental analysis', 'Systems thinking', 'Pollution control', 'Resource management']","['Environmental consultant', 'Pollution control officer', 'Environmental analyst', 'Sustainability manager']",UG,50.0,,"['Science', 'Biotechnology', 'Environment Engineering', 'Environment Sciences']",0.0802510738903704,0,0,33.099999999999994,
30,Bachelor of Arts (Public Administration),UG,Management,Requires Senior Secondary Examination (10+2) with at least 45% aggregate marks.,"This program focuses on the study of public administration, encompassing the principles, policies, and practices of governance. It involves analyzing the structure, function, and operation of public sector organizations and administrative systems. The curriculum develops critical thinking skills related to public policy and administration.",Regular,4 year,"['Policy analysis', 'Administrative principles', 'Public sector management', 'Critical thinking']","['Public administrator', 'Government official', 'Policy analyst', 'Administrative officer']",PreUG,45.0,45.0,[],0.1120305247525199,0,0,21.700000000000003,
30,B.A.(HONS.)POLITICAL SCIENCE,UG,Humanities,Requires Senior Secondary Examination (10+2) with at least 50% marks.,"This program focuses on the study of political theory, governance, public administration, and political systems. It involves analyzing political structures, ideologies, and the dynamics of political behavior.",Regular,4 year,"['Critical thinking', 'Analytical skills', 'Research methods']","['Civil services officer', 'Political analyst', 'Public administrator']",PreUG,50.0,,[],0.1086883182908203,1,0,16.700000000000003,
30,B.TECH (CSE-ARTIFI. INTELLIGEN. & MACHINE LEARNING ENGINEERING),UG,Engineering,No specific eligibility requirements are stated.,"This program focuses on the principles of computer science, artificial intelligence, and machine learning. It involves studying algorithms, data structures, and the application of computational methods to solve complex problems. The curriculum emphasizes theoretical foundations and practical implementation in these advanced fields.",Regular,4 year,"['Programming skills', 'Algorithm design', 'Machine learning', 'Data analysis', 'Software development']","['Machine learning engineer', 'AI developer', 'Software architect', 'Data scientist', 'Algorithm designer']",PreUG,,,[],0.1029724783259952,0,0,0.0,
30,Certificate Course in Leadership and Management Skills,UG,Management,Candidates must have passed the Senior Secondary Examination (10+2) with at least 50% marks.,This program focuses on developing essential leadership and management competencies. It covers the foundational principles required for effective organizational leadership and administrative skills.,Regular,6 Months,"['Leadership skills', 'Management principles', 'Organizational skills']","['Team leader', 'Supervisor', 'Administrative assistant']",PreUG,50.0,,[],0.1017760099045085,0,0,16.700000000000003,
30,B.TECH -ARTIFICIAL INTELLIGENCE & DATA SCIENCE,UG,Science,No specific eligibility requirements were provided.,"This program focuses on the theoretical foundations and practical applications of Artificial Intelligence and Data Science. It covers the mathematical, statistical, and computational methods required to analyze complex data and develop intelligent systems. The curriculum emphasizes machine learning, algorithms, and data-driven decision making.",Regular,4 year,"['Data analysis', 'Machine learning', 'Programming skills', 'Statistical modeling']","['Data Scientist', 'AI Engineer', 'Machine Learning Specialist', 'Data Analyst']",PreUG,,,[],0.0971080578535567,0,0,0.0,
30,Bachelor of Arts (History),UG,Humanities,Requires Senior Secondary Examination (10+2) with at least 50% aggregate marks.,"This program focuses on the study of historical events, societies, and cultures. It involves critical analysis of primary and secondary sources to understand the evolution of human history and social structures. The curriculum emphasizes historical interpretation and contextual understanding.",Regular,4 year,"['Historical analysis', 'Source evaluation', 'Critical thinking', 'Research skills']","['Historian', 'Archivist', 'Curriculum developer', 'Academic researcher']",PreUG,50.0,,[],0.0955437907317678,1,0,16.700000000000003,
30,B.TECH (ARTIFICIAL INTELLIGENCE AND MACHINE LEARNING),UG,Engineering,No specific eligibility requirements are stated.,"This program focuses on the theoretical foundations and practical applications of Artificial Intelligence and Machine Learning. It covers algorithms, data structures, and computational methods essential for developing intelligent systems. The curriculum emphasizes problem-solving and model development in the field of computer science.",Regular,4 year,"['Algorithm design', 'Data analysis', 'Programming proficiency', 'Model development']","['Machine Learning Engineer', 'AI Developer', 'Data Scientist', 'Software Developer']",PreUG,,,[],0.0896158970378905,0,0,0.0,
31,M.TECH. COMPUTER SCIENCE AND ENGINEERING (ARTIFICIAL INTELLIGENCE AND MACHINE LEARNING),PG,Engineering,No specific eligibility requirements were provided.,"This program focuses on the theoretical foundations and practical applications of Artificial Intelligence and Machine Learning within the field of Computer Science and Engineering. It covers advanced mathematical, computational, and algorithmic concepts necessary for developing intelligent systems. The curriculum emphasizes the design, implementation, and evaluation of complex ML models.",Regular,2 year,"['Machine learning', 'Algorithm design', 'Programming', 'Data analysis']","['AI Developer', 'Machine Learning Engineer', 'Data Scientist', 'Software Architect']",UG,,,[],0.1825595905564095,1,0,0.0,
31,M.TECH (ARTIFICIAL INTELLIGENCE AND DATA SCIENCE),PG,Science,No specific eligibility requirements were provided.,"This program focuses on the theoretical foundations and practical applications of Artificial Intelligence and Data Science. It involves studying algorithms, statistical methods, and machine learning techniques to analyze complex data and develop intelligent systems.",Regular,2 year,"['Machine learning', 'Data analysis', 'Algorithm design', 'Statistical modeling']","['Data Scientist', 'AI Engineer', 'Machine Learning Specialist', 'Data Analyst']",UG,,,[],0.1499859292642922,0,0,0.0,
31,M.TECH (COMPUTER ENGINEERING),PG,Engineering,No specific eligibility requirements were provided.,"This program focuses on advanced study in the principles and applications of computer engineering. It involves in-depth exploration of complex systems, algorithms, and hardware design.",Regular,2 year,"['Algorithm design', 'System architecture', 'Programming proficiency', 'Hardware design']","['Software developer', 'Systems architect', 'Machine learning engineer', 'Embedded systems designer']",UG,,,[],0.1016185904822802,1,0,0.0,
31,M.TECH(COMPUTER SCIENCE&ENGINEERING),PG,Engineering,No specific eligibility requirements were provided.,"This program focuses on advanced study in the core principles of computer science and engineering. It involves in-depth exploration of computational theory, algorithms, and system design. The curriculum aims to develop expertise in complex problem-solving within the field of technology.",Regular,2 year,"['Algorithm design', 'System architecture', 'Programming proficiency', 'Computational theory']","['Software developer', 'Systems architect', 'Data scientist', 'Research engineer']",UG,,,[],0.090902417473882,1,0,0.0,
31,Master of Arts Journalism & Mass Communication,PG,Humanities,Requires a Bachelor's Degree in any discipline with at least 45% aggregate marks.,This program focuses on the study of journalism and mass communication principles. It covers the theoretical foundations and practical applications of media and communication practices. The curriculum aims to develop critical understanding of communication processes and media functions.,Open and Distance Learning Mode,2 year,"['Media analysis', 'Communication theory', 'Content creation', 'Research skills']","['Journalist', 'Media producer', 'Communication specialist', 'Content writer']",UG,45.0,,[],0.0896462979979541,0,0,3.5,
31,M.TECH (MECHANICAL ENGG. - MACHINE DESIGN),PG,Engineering,No specific eligibility requirements are stated.,"This program focuses on the principles and applications of machine design within the field of mechanical engineering. It involves studying the design, analysis, and optimization of mechanical systems and components.",Regular,2 year,"['Machine design', 'System analysis', 'Mechanical principles']","['Machine designer', 'Design engineer', 'Mechanical analyst']",UG,,,[],0.0895781027205991,1,0,0.0,
31,M.TECH (COMPUTER SCIENCE & TECHNOLOGY),PG,Engineering,No specific eligibility requirements were provided.,"This program focuses on advanced study in the principles and applications of computer science and technology. It involves in-depth exploration of computational theory, algorithms, and system design. The curriculum aims to develop expertise in modern computing systems and software development.",Regular,2 year,"['Algorithm design', 'System architecture', 'Programming proficiency', 'Data structures']","['Software developer', 'Systems analyst', 'AI researcher', 'Technology consultant']",UG,,,[],0.0840838860873853,1,0,0.0,
32,B.TECH (ARTIFICIAL INTELLIGENCE AND MACHINE LEARNING),UG,Engineering,No specific eligibility requirements are stated.,"This program focuses on the theoretical foundations and practical applications of Artificial Intelligence and Machine Learning. It covers algorithms, data structures, and computational methods essential for developing intelligent systems. The curriculum emphasizes problem-solving and model development in the field of computer science.",Regular,4 year,"['Algorithm design', 'Data analysis', 'Programming proficiency', 'Model development']","['Machine Learning Engineer', 'AI Developer', 'Data Scientist', 'Software Developer']",PreUG,,,[],0.1279973648967731,0,0,0.0,
32,Bachelor of Fine Arts (Painting),UG,Humanities,Requires Senior Secondary Examination (10+2) with at least 50% aggregate marks.,"This program focuses on the artistic principles, techniques, and history of visual arts, with a specific emphasis on painting. Students develop critical thinking and creative expression through various artistic disciplines.",Regular,4 year,"['Artistic expression', 'Visual analysis', 'Creative design']","['Fine artist', 'Art educator', 'Visual communicator']",PreUG,50.0,,[],0.1275694392353555,0,0,19.09999999999999,
32,B.TECH. (ARTIFICIAL INTELLIGENCE),UG,Engineering,No specific eligibility requirements were provided.,"This program focuses on the theoretical foundations and practical applications of Artificial Intelligence. It covers algorithms, data structures, and computational methods essential for developing intelligent systems. The curriculum emphasizes problem-solving and the development of intelligent software solutions.",Regular,4 year,"['Algorithm design', 'Programming proficiency', 'Data structures', 'Machine learning', 'Computational thinking']","['AI Developer', 'Machine Learning Engineer', 'Data Scientist', 'Software Developer', 'AI Researcher']",PreUG,,,[],0.1217596771252823,0,0,0.0,
32,B.TECH -ARTIFICIAL INTELLIGENCE & DATA SCIENCE,UG,Science,No specific eligibility requirements were provided.,"This program focuses on the theoretical foundations and practical applications of Artificial Intelligence and Data Science. It covers the mathematical, statistical, and computational methods required to analyze complex data and develop intelligent systems. The curriculum emphasizes machine learning, algorithms, and data-driven decision making.",Regular,4 year,"['Data analysis', 'Machine learning', 'Programming skills', 'Statistical modeling']","['Data Scientist', 'AI Engineer', 'Machine Learning Specialist', 'Data Analyst']",PreUG,,,[],0.1184495085518782,0,0,0.0,
32,B.TECH (CSE-ARTIFI. INTELLIGEN. & MACHINE LEARNING ENGINEERING),UG,Engineering,No specific eligibility requirements are stated.,"This program focuses on the principles of computer science, artificial intelligence, and machine learning. It involves studying algorithms, data structures, and the application of computational methods to solve complex problems. The curriculum emphasizes theoretical foundations and practical implementation in these advanced fields.",Regular,4 year,"['Programming skills', 'Algorithm design', 'Machine learning', 'Data analysis', 'Software development']","['Machine learning engineer', 'AI developer', 'Software architect', 'Data scientist', 'Algorithm designer']",PreUG,,,[],0.1099398916628477,0,0,0.0,
32,B.TECH - ROBOTICS & ARTIFICIAL INTELLIGENCE,UG,Engineering,No specific eligibility requirements were provided.,"This program focuses on the principles and applications of robotics and artificial intelligence. It involves studying the mathematical, computational, and engineering foundations required to design and develop intelligent systems.",Regular,4 year,"['Programming skills', 'Algorithm design', 'System modeling', 'Machine learning', 'Robotics operation']","['AI Developer', 'Robotics Engineer', 'Machine Learning Specialist', 'Software Developer']",PreUG,,,[],0.1090699691750473,0,0,0.0,
32,Bachelor of Fine Arts (Painting),UG,Humanities,Requires Senior Secondary Examination (10+2) with at least 45% aggregate marks.,"This program focuses on the artistic principles, techniques, and history of painting. It develops creative expression and visual literacy through various artistic disciplines. The curriculum emphasizes aesthetic understanding and creative practice.",Regular,4 year,"['Artistic expression', 'Visual literacy', 'Creative practice']","['Fine artist', 'Art educator', 'Art therapist']",PreUG,45.0,45.0,[],0.085740564552192,0,0,24.09999999999999,
33,Master of Commerce (M.Com.),PG,Commerce,Requires a Bachelor's degree in relevant subjects with a minimum of 45% aggregate marks.,"This program focuses on advanced study in commerce, encompassing financial accounting, taxation, economics, and business management principles. It develops analytical skills necessary for understanding complex business environments and economic systems.",Open and Distance Learning Mode,2 year,"['Financial accounting', 'Economic analysis', 'Business management', 'Data interpretation']","['Accountant', 'Financial analyst', 'Business administrator', 'Management consultant']",UG,45.0,,"['Commerce', 'subjects']",0.0853628787543335,0,0,9.200000000000005,
33,MBA for Working Professional,PG,Management,No specific eligibility requirements were provided.,"This program focuses on applying management principles to the context of working professionals. It covers core business functions, strategic decision-making, and leadership skills relevant to the contemporary business environment.",Part Time,2 year,"['Business strategy', 'Financial analysis', 'Leadership skills', 'Project management']","['Business manager', 'Consultant', 'Operations executive', 'Marketing specialist']",UG,,,[],0.0826039163195477,0,0,0.0,
33,M.TECH (INFORMATION TECHNOLOGY),PG,Engineering,No specific eligibility requirements were provided.,This program focuses on advanced study in Information Technology. It covers theoretical foundations and practical applications of computing systems and software development. The curriculum emphasizes problem-solving and system design in the IT domain.,Regular,2 year,"['System design', 'Programming skills', 'Algorithm development', 'Software architecture']","['Software Developer', 'Systems Analyst', 'IT Consultant', 'Data Scientist']",UG,,,[],0.0802124825719868,0,0,0.0,
33,Certificate Course in Research Methods in Social Sciences,PG,Humanities,Requires a Bachelor's Degree in any discipline with at least 45% aggregate marks.,"This course focuses on the methodologies and techniques essential for conducting research within the social sciences. It provides students with the foundational knowledge necessary to design, execute, and analyze social science research projects effectively.",Regular,6 Months,"['Research methodology', 'Data collection', 'Statistical analysis', 'Research design']","['Social science researcher', 'Research assistant', 'Data analyst', 'Research practitioner']",UG,45.0,,[],0.0794059833596811,0,0,9.200000000000005,
33,M.TECH (MACHINE DESIGN),PG,Engineering,No specific eligibility requirements were provided.,"This program focuses on the theoretical and practical aspects of machine design. It involves the study of principles related to the design, analysis, and optimization of mechanical systems and components.",Regular,2 year,"['Design principles', 'System analysis', 'Mechanical modeling', 'Optimization techniques']","['Design engineer', 'Mechanical designer', 'R&D specialist', 'Product development lead']",UG,,,[],0.0711976442834373,0,0,0.0,
33,M.TECH (PRINT & GRAPHIC COMMUNICATIONS),PG,Engineering,No specific eligibility requirements were provided.,"This program focuses on the theoretical and practical aspects of print and graphic communications. It covers the principles of visual communication, design, and the technical aspects of media production.",Regular,2 year,"['Visual design', 'Media production', 'Typography', 'Layout design']","['Graphic designer', 'Print manager', 'Media specialist', 'Communications consultant']",UG,,,[],0.0691783976997275,0,0,0.0,
33,M.TECH. (COMP. SCIENCE AND ENGG.),PG,Engineering,No specific eligibility requirements are stated.,This program focuses on advanced study in the intersection of computer science and engineering principles. It involves in-depth exploration of theoretical concepts and practical applications within the field.,Regular,2 year,"['Problem-solving', 'Algorithm design', 'Systems analysis', 'Programming proficiency']","['Software developer', 'Systems architect', 'Research engineer', 'IT consultant']",UG,,,[],0.0663714999381344,0,0,0.0,
34,M.Sc. (ENV. BIOTECHNOLOGY),PG,Science,Requires a Bachelor's degree in any discipline of Science or a B.Tech. in Biotechnology/Environment Engineering with 50% aggregate marks.,This program focuses on the intersection of environmental science and biotechnology. It involves studying the biological and chemical processes related to environmental systems and applying biotechnological principles to solve environmental challenges.,Regular,2 year,"['Environmental analysis', 'Biotechnology principles', 'Scientific research', 'Data interpretation']","['Environmental consultant', 'Bioprocess development', 'Research analyst', 'Environmental scientist']",UG,50.0,,"['Biotechnology', 'Environment Engineering', 'Science']",0.1420045822539477,0,0,18.299999999999997,
34,M.TECH (ARTIFICIAL INTELLIGENCE AND DATA SCIENCE),PG,Science,No specific eligibility requirements were provided.,"This program focuses on the theoretical foundations and practical applications of Artificial Intelligence and Data Science. It involves studying algorithms, statistical methods, and machine learning techniques to analyze complex data and develop intelligent systems.",Regular,2 year,"['Machine learning', 'Data analysis', 'Algorithm design', 'Statistical modeling']","['Data Scientist', 'AI Engineer', 'Machine Learning Specialist', 'Data Analyst']",UG,,,[],0.1282572973511641,0,0,0.0,
34,M.Sc. (ENVIRONMENTAL SCIENCES),PG,Science,Requires a Bachelor's degree in any discipline of Science or a B.Tech. in Biotechnology/Environment Engineering with 50% aggregate marks.,"This program focuses on the study of environmental systems, processes, and the management of environmental issues. It involves in-depth exploration of ecological principles, pollution control, and sustainable resource management. The curriculum develops analytical and problem-solving skills related to environmental challenges.",Regular,2 year,"['Environmental analysis', 'Systems thinking', 'Pollution control', 'Resource management']","['Environmental consultant', 'Pollution control officer', 'Environmental analyst', 'Sustainability manager']",UG,50.0,,"['Science', 'Biotechnology', 'Environment Engineering', 'Environment Sciences']",0.1236961680625946,0,0,18.299999999999997,
34,M.TECH. COMPUTER SCIENCE AND ENGINEERING (ARTIFICIAL INTELLIGENCE AND MACHINE LEARNING),PG,Engineering,No specific eligibility requirements were provided.,"This program focuses on the theoretical foundations and practical applications of Artificial Intelligence and Machine Learning within the field of Computer Science and Engineering. It covers advanced mathematical, computational, and algorithmic concepts necessary for developing intelligent systems. The curriculum emphasizes the design, implementation, and evaluation of complex ML models.",Regular,2 year,"['Machine learning', 'Algorithm design', 'Programming', 'Data analysis']","['AI Developer', 'Machine Learning Engineer', 'Data Scientist', 'Software Architect']",UG,,,[],0.1125696829895147,0,0,0.0,
34,PG Diploma in Data Analytics,PG,Science,Requires a Bachelor's Degree with at least 50% marks in aggregate or equivalent examination recognized by M.D. University Rohtak.,"This program focuses on the principles and techniques of data analysis. It covers methods for collecting, processing, and interpreting large datasets to derive meaningful insights. The curriculum emphasizes statistical foundations and analytical tools relevant to data-driven decision-making.",Regular,1 year,"['Data analysis', 'Statistical methods', 'Data interpretation']","['Data analyst', 'Business intelligence specialist', 'Data visualization expert']",UG,50.0,,"['Data Analytics', 'Mathematics']",0.0848905926458154,0,0,18.299999999999997,
34,M.SC.(BOTANY),PG,Science,Requires a Bachelor's degree in Botany or equivalent with specified subject combinations and minimum marks.,"This program focuses on advanced study in the field of Botany, encompassing theoretical knowledge and practical applications in plant sciences. It involves in-depth exploration of plant biology, ecology, and related biological processes.",Regular,2 year,"['Biological analysis', 'Plant physiology', 'Ecology principles', 'Biological research']","['Botanical researcher', 'Horticultural specialist', 'Environmental consultant', 'Agricultural scientist']",UG,,,"['Botany', 'Science']",0.0749763764048694,0,0,0.0,
34,MBA for Working Professional,PG,Management,No specific eligibility requirements were provided.,"This program focuses on applying management principles to the context of working professionals. It covers core business functions, strategic decision-making, and leadership skills relevant to the contemporary business environment.",Part Time,2 year,"['Business strategy', 'Financial analysis', 'Leadership skills', 'Project management']","['Business manager', 'Consultant', 'Operations executive', 'Marketing specialist']",UG,,,[],0.0746203827708426,0,0,0.0,
35,M.TECH (ARTIFICIAL INTELLIGENCE AND DATA SCIENCE),PG,Science,No specific eligibility requirements were provided.,"This program focuses on the theoretical foundations and practical applications of Artificial Intelligence and Data Science. It involves studying algorithms, statistical methods, and machine learning techniques to analyze complex data and develop intelligent systems.",Regular,2 year,"['Machine learning', 'Data analysis', 'Algorithm design', 'Statistical modeling']","['Data Scientist', 'AI Engineer', 'Machine Learning Specialist', 'Data Analyst']",UG,,,[],0.1756111793429647,0,0,0.0,
35,M.TECH. COMPUTER SCIENCE AND ENGINEERING (ARTIFICIAL INTELLIGENCE AND MACHINE LEARNING),PG,Engineering,No specific eligibility requirements were provided.,"This program focuses on the theoretical foundations and practical applications of Artificial Intelligence and Machine Learning within the field of Computer Science and Engineering. It covers advanced mathematical, computational, and algorithmic concepts necessary for developing intelligent systems. The curriculum emphasizes the design, implementation, and evaluation of complex ML models.",Regular,2 year,"['Machine learning', 'Algorithm design', 'Programming', 'Data analysis']","['AI Developer', 'Machine Learning Engineer', 'Data Scientist', 'Software Architect']",UG,,,[],0.1723781987566445,0,0,0.0,
35,M.TECH (MECHANICAL ENGG. - MACHINE DESIGN),PG,Engineering,No specific eligibility requirements are stated.,"This program focuses on the principles and applications of machine design within the field of mechanical engineering. It involves studying the design, analysis, and optimization of mechanical systems and components.",Regular,2 year,"['Machine design', 'System analysis', 'Mechanical principles']","['Machine designer', 'Design engineer', 'Mechanical analyst']",UG,,,[],0.0813927351923573,0,0,0.0,
35,Certificate Course in AI and ML in Pharmaceutical Sciences,PG,Science,Candidates must have passed the Senior Secondary Examination (10+2) with at least 50% marks.,"This program focuses on applying Artificial Intelligence and Machine Learning techniques within the context of pharmaceutical sciences. It covers the integration of computational methods to solve complex problems in drug discovery, development, and pharmaceutical research. The curriculum emphasizes the intersection of data science and pharmaceutical knowledge.",Regular,6 Months,"['AI application', 'ML modeling', 'Pharmaceutical data analysis', 'Computational methods']","['AI pharmaceutical analyst', 'ML drug discovery specialist', 'Pharmaceutical data scientist', 'Bioinformatics researcher']",UG,50.0,,[],0.0765887200898137,0,0,1.7000000000000028,
35,PG Diploma in Data Analytics,PG,Science,Requires a Bachelor's Degree with at least 50% marks in aggregate or equivalent examination recognized by M.D. University Rohtak.,"This program focuses on the principles and techniques of data analysis. It covers methods for collecting, processing, and interpreting large datasets to derive meaningful insights. The curriculum emphasizes statistical foundations and analytical tools relevant to data-driven decision-making.",Regular,1 year,"['Data analysis', 'Statistical methods', 'Data interpretation']","['Data analyst', 'Business intelligence specialist', 'Data visualization expert']",UG,50.0,,"['Data Analytics', 'Mathematics']",0.075709586928216,0,0,1.7000000000000028,
35,Master of Arts Journalism & Mass Communication,PG,Humanities,Requires a Bachelor's Degree in any discipline with at least 45% aggregate marks.,This program focuses on the study of journalism and mass communication principles. It covers the theoretical foundations and practical applications of media and communication practices. The curriculum aims to develop critical understanding of communication processes and media functions.,Open and Distance Learning Mode,2 year,"['Media analysis', 'Communication theory', 'Content creation', 'Research skills']","['Journalist', 'Media producer', 'Communication specialist', 'Content writer']",UG,45.0,,[],0.0754875132039522,0,0,6.700000000000003,
35,M.TECH. (CYBER FORENSICS AND INFORMATION SECURITY),PG,Science,No specific eligibility requirements were provided.,This program focuses on the principles and practices of digital forensics and information security. It involves studying methods for investigating cyber incidents and protecting information systems from threats.,Regular,2 year,"['Digital investigation', 'Security protocols', 'Data analysis', 'Forensic techniques']","['Cyber security analyst', 'Digital forensics investigator', 'Information security specialist', 'Security consultant']",UG,,,[],0.072432465755916,0,0,0.0,
36,M.TECH (ARTIFICIAL INTELLIGENCE AND DATA SCIENCE),PG,Science,No specific eligibility requirements were provided.,"This program focuses on the theoretical foundations and practical applications of Artificial Intelligence and Data Science. It involves studying algorithms, statistical methods, and machine learning techniques to analyze complex data and develop intelligent systems.",Regular,2 year,"['Machine learning', 'Data analysis', 'Algorithm design', 'Statistical modeling']","['Data Scientist', 'AI Engineer', 'Machine Learning Specialist', 'Data Analyst']",UG,,,[],0.1463963340684043,0,0,0.0,
36,M.TECH. COMPUTER SCIENCE AND ENGINEERING (ARTIFICIAL INTELLIGENCE AND MACHINE LEARNING),PG,Engineering,No specific eligibility requirements were provided.,"This program focuses on the theoretical foundations and practical applications of Artificial Intelligence and Machine Learning within the field of Computer Science and Engineering. It covers advanced mathematical, computational, and algorithmic concepts necessary for developing intelligent systems. The curriculum emphasizes the design, implementation, and evaluation of complex ML models.",Regular,2 year,"['Machine learning', 'Algorithm design', 'Programming', 'Data analysis']","['AI Developer', 'Machine Learning Engineer', 'Data Scientist', 'Software Architect']",UG,,,[],0.1285212483997799,0,0,0.0,
36,Master of Arts Political Science,PG,Humanities,"Requires a Bachelor's Degree in any discipline with at least 45% aggregate marks or equivalent examination recognized by M.D. University, Rohtak.","This program focuses on the theoretical and analytical study of political systems, governance, and public policy. It involves in-depth exploration of political theory, international relations, and comparative politics.",Open and Distance Learning Mode,2 year,"['Political analysis', 'Theoretical understanding', 'Research skills']","['Policy analyst', 'Political researcher', 'Public administration officer']",UG,45.0,,"['Political Science', 'any', 'course']",0.1238141898673269,1,0,5.299999999999997,
36,PG Diploma in Data Analytics,PG,Science,Requires a Bachelor's Degree with at least 50% marks in aggregate or equivalent examination recognized by M.D. University Rohtak.,"This program focuses on the principles and techniques of data analysis. It covers methods for collecting, processing, and interpreting large datasets to derive meaningful insights. The curriculum emphasizes statistical foundations and analytical tools relevant to data-driven decision-making.",Regular,1 year,"['Data analysis', 'Statistical methods', 'Data interpretation']","['Data analyst', 'Business intelligence specialist', 'Data visualization expert']",UG,50.0,,"['Data Analytics', 'Mathematics']",0.1121753596092341,0,0,0.2999999999999971,
36,Master of Arts Public Administration,PG,Management,Requires a Bachelor's Degree in any discipline with at least 45% aggregate marks or equivalent examination recognition.,"This program focuses on the administrative principles, policies, and practices related to public administration. It covers the theoretical foundations and practical applications of governance and public service management.",Open and Distance Learning Mode,2 year,"['Policy analysis', 'Administrative theory', 'Public governance', 'Research skills']","['Public administrator', 'Policy analyst', 'Administrative officer', 'Public sector manager']",UG,45.0,45.0,[],0.0874952093891884,0,0,5.299999999999997,
36,Master of Arts Economics,PG,Commerce,"Requires a Bachelor's Degree in any discipline with at least 45% aggregate marks or equivalent examination recognized by M.D. University, Rohtak.","This program focuses on the theoretical and applied aspects of economic principles. It involves in-depth study of economic theories, policies, and analytical methods.",Open and Distance Learning Mode,2 year,"['Economic theory', 'Data analysis', 'Policy evaluation', 'Analytical thinking']","['Economic analyst', 'Policy researcher', 'Financial consultant', 'Economist']",UG,45.0,,[],0.0760686138428163,0,0,5.299999999999997,
36,PG Diploma in Computational Biology,PG,Science,"Requires a Bachelor's Degree in Biological Sciences, Computer Science, or allied biological sciences, or equivalent examination recognized by State Universities of Haryana.","This program focuses on the intersection of biology and computation. It involves studying the mathematical and computational methods applied to biological systems and data. The curriculum covers bioinformatics, computational modeling, and biological data analysis.",Regular,1 year,"['Data analysis', 'Computational modeling', 'Bioinformatics', 'Statistical methods']","['Bioinformatics analyst', 'Computational biologist', 'Biomedical data scientist', 'Research assistant']",UG,,,"['Biological Sciences', 'Computer Science', 'Biology', 'Science']",0.0735147943073967,0,0,0.0,
37,MBA for Working Professional,PG,Management,No specific eligibility requirements were provided.,"This program focuses on applying management principles to the context of working professionals. It covers core business functions, strategic decision-making, and leadership skills relevant to the contemporary business environment.",Part Time,2 year,"['Business strategy', 'Financial analysis', 'Leadership skills', 'Project management']","['Business manager', 'Consultant', 'Operations executive', 'Marketing specialist']",UG,,,[],0.101048832460498,0,0,0.0,
37,M.TECH (ELECTRICAL ENGINEERING),PG,Engineering,No specific eligibility requirements were provided.,"This program focuses on advanced study in electrical engineering principles and applications. It involves in-depth exploration of complex systems, circuit theory, and power management concepts. The curriculum aims to develop advanced analytical and design skills in the field.",Regular,2 year,"['Circuit analysis', 'System design', 'Power management', 'Signal processing']","['Electrical engineer', 'Power system analyst', 'Control systems designer', 'Research and development specialist']",UG,,,[],0.0984413350241735,1,0,0.0,
37,M.TECH (INFORMATION TECHNOLOGY),PG,Engineering,No specific eligibility requirements were provided.,This program focuses on advanced study in Information Technology. It covers theoretical foundations and practical applications of computing systems and software development. The curriculum emphasizes problem-solving and system design in the IT domain.,Regular,2 year,"['System design', 'Programming skills', 'Algorithm development', 'Software architecture']","['Software Developer', 'Systems Analyst', 'IT Consultant', 'Data Scientist']",UG,,,[],0.0864169530768048,1,0,0.0,
37,Master of Commerce (M.Com.),PG,Commerce,Requires a Bachelor's degree in relevant subjects with a minimum of 45% aggregate marks.,"This program focuses on advanced study in commerce, encompassing financial accounting, taxation, economics, and business management principles. It develops analytical skills necessary for understanding complex business environments and economic systems.",Open and Distance Learning Mode,2 year,"['Financial accounting', 'Economic analysis', 'Business management', 'Data interpretation']","['Accountant', 'Financial analyst', 'Business administrator', 'Management consultant']",UG,45.0,,"['Commerce', 'subjects']",0.0830098145451754,0,0,10.6,
37,M.TECH. (COMP. SCIENCE AND ENGG.),PG,Engineering,No specific eligibility requirements are stated.,This program focuses on advanced study in the intersection of computer science and engineering principles. It involves in-depth exploration of theoretical concepts and practical applications within the field.,Regular,2 year,"['Problem-solving', 'Algorithm design', 'Systems analysis', 'Programming proficiency']","['Software developer', 'Systems architect', 'Research engineer', 'IT consultant']",UG,,,[],0.0814407826233457,1,0,0.0,
37,M.TECH(COMPUTER SCIENCE&ENGINEERING),PG,Engineering,No specific eligibility requirements were provided.,"This program focuses on advanced study in the core principles of computer science and engineering. It involves in-depth exploration of computational theory, algorithms, and system design. The curriculum aims to develop expertise in complex problem-solving within the field of technology.",Regular,2 year,"['Algorithm design', 'System architecture', 'Programming proficiency', 'Computational theory']","['Software developer', 'Systems architect', 'Data scientist', 'Research engineer']",UG,,,[],0.0796068673454163,1,0,0.0,
37,M. TECH. (POWER SYSTEMS),PG,Engineering,No specific eligibility requirements were provided.,"This program focuses on the principles and applications related to power systems. It involves in-depth study of electrical systems, energy generation, transmission, and distribution concepts.",Regular,2 year,"['Power system analysis', 'Electrical engineering', 'System modeling', 'Energy management']","['Power system engineer', 'Energy consultant', 'Power plant operator', 'Grid planner']",UG,,,[],0.0787692965350602,1,0,0.0,
38,Ph.D (LAW),PhD,Humanities,No specific eligibility requirements were provided.,"This program focuses on advanced theoretical and empirical research within the field of Law. It involves in-depth study of legal principles, systems, and jurisprudence.",Regular,,"['Legal research', 'Critical analysis', 'Legal reasoning']","['Legal scholar', 'Law professor', 'Legal consultant']",PG,,,[],0.1498363048594208,0,0,0.0,
38,Ph.D (COMMERCE),PhD,Commerce,No specific eligibility requirements were provided.,"This program focuses on advanced research and scholarly inquiry within the field of Commerce. It involves in-depth study of economic theories, business practices, and financial systems. The curriculum emphasizes critical thinking and original research methodologies.",Regular,,"['Research skills', 'Critical thinking', 'Analytical skills']","['Academic researcher', 'Business consultant', 'Financial analyst']",PG,,,[],0.0840599993722135,0,0,0.0,
38,Ph.D (E.C.E)-UIET,PhD,Engineering,No specific eligibility requirements are provided.,"This program focuses on advanced research within the field of Electrical and Computer Engineering. It involves in-depth study of theoretical concepts, advanced problem-solving, and original research methodologies.",Regular,,"['Research skills', 'Problem solving', 'Theoretical analysis']","['Research scholar', 'Senior engineer', 'Academic researcher']",PG,,,[],0.0761915592959971,0,0,0.0,
38,Ph.D (C.S.E)-UIET,PhD,Engineering,No specific eligibility requirements are provided.,"This program focuses on advanced research and scholarly investigation within the field of Computer Science and Engineering. It involves in-depth study of theoretical concepts, advanced algorithms, and novel problem-solving techniques.",Regular,,"['Research skills', 'Algorithm design', 'Problem solving', 'Theoretical analysis']","['Research scholar', 'Senior engineer', 'Academic researcher', 'Consultant']",PG,,,[],0.074818436981129,0,0,0.0,
38,PH.D (PHYSICS)- UIET,PhD,Science,No specific eligibility requirements are provided.,This program focuses on advanced theoretical and experimental physics research. It involves in-depth study of fundamental physical laws and theoretical frameworks. The curriculum emphasizes advanced problem-solving and original scientific inquiry.,Regular,,"['Theoretical physics', 'Experimental methods', 'Advanced problem-solving']","['Research scientist', 'Academic researcher', 'Physics consultant']",PG,,,[],0.0728750352827881,0,0,0.0,
38,Ph.D (MECHANICAL ENGG.)-UIET,PhD,Engineering,No specific eligibility requirements are provided.,"This program focuses on advanced theoretical knowledge, research methodologies, and specialized problem-solving within the field of mechanical engineering. It involves in-depth study of complex systems, material science, and design principles.",Regular,,"['Research skills', 'Problem solving', 'Theoretical analysis']","['Research scientist', 'Senior engineer', 'Academic researcher']",PG,,,[],0.0718333239917629,0,0,0.0,
38,Ph.D (Management),PhD,Management,No specific eligibility requirements were provided.,"This program focuses on advanced research and theoretical exploration within the field of management. It involves in-depth study of complex organizational theories, practices, and contemporary management challenges. The goal is to develop advanced analytical and critical thinking skills for scholarly contribution.",Regular,,"['Research skills', 'Critical thinking', 'Theoretical analysis']","['Academic researcher', 'Management consultant', 'Senior executive']",PG,,,[],0.071050462109243,0,0,0.0,
39,MBA for Working Professional,PG,Management,No specific eligibility requirements were provided.,"This program focuses on applying management principles to the context of working professionals. It covers core business functions, strategic decision-making, and leadership skills relevant to the contemporary business environment.",Part Time,2 year,"['Business strategy', 'Financial analysis', 'Leadership skills', 'Project management']","['Business manager', 'Consultant', 'Operations executive', 'Marketing specialist']",UG,,,[],0.108215904803074,1,0,0.0,
39,M.TECH. COMPUTER SCIENCE AND ENGINEERING (ARTIFICIAL INTELLIGENCE AND MACHINE LEARNING),PG,Engineering,No specific eligibility requirements were provided.,"This program focuses on the theoretical foundations and practical applications of Artificial Intelligence and Machine Learning within the field of Computer Science and Engineering. It covers advanced mathematical, computational, and algorithmic concepts necessary for developing intelligent systems. The curriculum emphasizes the design, implementation, and evaluation of complex ML models.",Regular,2 year,"['Machine learning', 'Algorithm design', 'Programming', 'Data analysis']","['AI Developer', 'Machine Learning Engineer', 'Data Scientist', 'Software Architect']",UG,,,[],0.0999518049172651,0,0,0.0,
39,M.TECH (ARTIFICIAL INTELLIGENCE AND DATA SCIENCE),PG,Science,No specific eligibility requirements were provided.,"This program focuses on the theoretical foundations and practical applications of Artificial Intelligence and Data Science. It involves studying algorithms, statistical methods, and machine learning techniques to analyze complex data and develop intelligent systems.",Regular,2 year,"['Machine learning', 'Data analysis', 'Algorithm design', 'Statistical modeling']","['Data Scientist', 'AI Engineer', 'Machine Learning Specialist', 'Data Analyst']",UG,,,[],0.0965016720592704,0,0,0.0,
39,MCA,PG,Management,No specific eligibility requirements were provided.,"This program focuses on advanced concepts in management, information systems, and business processes. It provides a comprehensive understanding of organizational behavior, technology application, and strategic decision-making.",Regular,2 year,"['Systems analysis', 'Business strategy', 'Data management', 'Software development']","['Systems analyst', 'Business consultant', 'IT manager', 'Data scientist']",UG,,,[],0.0912056941996544,1,0,0.0,
39,Master of Arts Public Administration,PG,Management,Requires a Bachelor's Degree in any discipline with at least 45% aggregate marks or equivalent examination recognition.,"This program focuses on the administrative principles, policies, and practices related to public administration. It covers the theoretical foundations and practical applications of governance and public service management.",Open and Distance Learning Mode,2 year,"['Policy analysis', 'Administrative theory', 'Public governance', 'Research skills']","['Public administrator', 'Policy analyst', 'Administrative officer', 'Public sector manager']",UG,45.0,45.0,[],0.0817850155758662,1,0,32.3,
39,Master of Commerce (M.Com.),PG,Commerce,Requires a Bachelor's degree in relevant subjects with a minimum of 45% aggregate marks.,"This program focuses on advanced study in commerce, encompassing financial accounting, taxation, economics, and business management principles. It develops analytical skills necessary for understanding complex business environments and economic systems.",Open and Distance Learning Mode,2 year,"['Financial accounting', 'Economic analysis', 'Business management', 'Data interpretation']","['Accountant', 'Financial analyst', 'Business administrator', 'Management consultant']",UG,45.0,,"['Commerce', 'subjects']",0.0689306284482677,0,0,32.3,
39,Master of Arts Political Science,PG,Humanities,"Requires a Bachelor's Degree in any discipline with at least 45% aggregate marks or equivalent examination recognized by M.D. University, Rohtak.","This program focuses on the theoretical and analytical study of political systems, governance, and public policy. It involves in-depth exploration of political theory, international relations, and comparative politics.",Open and Distance Learning Mode,2 year,"['Political analysis', 'Theoretical understanding', 'Research skills']","['Policy analyst', 'Political researcher', 'Public administration officer']",UG,45.0,,"['Political Science', 'any', 'course']",0.0662011493711563,0,0,32.3,
40,B.Tech (CSE- Data Science),UG,Science,No specific eligibility requirements were provided.,"This program focuses on the intersection of Computer Science and Data Science principles. It involves training in computational methods, statistical analysis, and the application of algorithms to large datasets. The curriculum covers theoretical foundations and practical applications in data-driven problem-solving.",Regular,4 year,"['Programming skills', 'Statistical analysis', 'Algorithm design', 'Data manipulation']","['Data Scientist', 'Machine Learning Engineer', 'Software Developer', 'Data Analyst']",PreUG,,,[],0.1751371856412687,1,0,0.0,
40,B.TECH -ARTIFICIAL INTELLIGENCE & DATA SCIENCE,UG,Science,No specific eligibility requirements were provided.,"This program focuses on the theoretical foundations and practical applications of Artificial Intelligence and Data Science. It covers the mathematical, statistical, and computational methods required to analyze complex data and develop intelligent systems. The curriculum emphasizes machine learning, algorithms, and data-driven decision making.",Regular,4 year,"['Data analysis', 'Machine learning', 'Programming skills', 'Statistical modeling']","['Data Scientist', 'AI Engineer', 'Machine Learning Specialist', 'Data Analyst']",PreUG,,,[],0.1523608570762909,1,0,0.0,
40,Bachelor of Science (Statistics),UG,Science,Requires Senior Secondary Examination (10+2) with Mathematics as a subject and at least 50% aggregate marks.,This program focuses on the principles and methods of statistical theory and application. It involves studying mathematical foundations necessary for data analysis and inference. The curriculum covers the theoretical and practical aspects of statistical modeling and data interpretation.,Regular,4 year,"['Mathematical reasoning', 'Data interpretation', 'Statistical modeling', 'Quantitative analysis']","['Data analyst', 'Statistician', 'Research assistant', 'Data scientist']",PreUG,50.0,,"['Mathematics', 'Statistics', 'Science']",0.1437921819103387,1,0,2.6000000000000014,
40,B.TECH (CSE-ARTIFI. INTELLIGEN. & MACHINE LEARNING ENGINEERING),UG,Engineering,No specific eligibility requirements are stated.,"This program focuses on the principles of computer science, artificial intelligence, and machine learning. It involves studying algorithms, data structures, and the application of computational methods to solve complex problems. The curriculum emphasizes theoretical foundations and practical implementation in these advanced fields.",Regular,4 year,"['Programming skills', 'Algorithm design', 'Machine learning', 'Data analysis', 'Software development']","['Machine learning engineer', 'AI developer', 'Software architect', 'Data scientist', 'Algorithm designer']",PreUG,,,[],0.1151799358228404,0,0,0.0,
40,B.TECH (ARTIFICIAL INTELLIGENCE AND MACHINE LEARNING),UG,Engineering,No specific eligibility requirements are stated.,"This program focuses on the theoretical foundations and practical applications of Artificial Intelligence and Machine Learning. It covers algorithms, data structures, and computational methods essential for developing intelligent systems. The curriculum emphasizes problem-solving and model development in the field of computer science.",Regular,4 year,"['Algorithm design', 'Data analysis', 'Programming proficiency', 'Model development']","['Machine Learning Engineer', 'AI Developer', 'Data Scientist', 'Software Developer']",PreUG,,,[],0.1115729988686635,0,0,0.0,
40,Bachelor of Science (Maths),UG,Science,Candidates must have passed the Senior Secondary Examination (10+2) with Mathematics as a subject and at least 50% marks.,"This program focuses on the study of mathematical principles, theoretical foundations, and quantitative methods. It develops analytical skills necessary for understanding complex mathematical concepts and problem-solving in various fields.",Regular,4 year,"['Mathematical reasoning', 'Quantitative analysis', 'Problem-solving', 'Abstract thinking']","['Mathematics teacher', 'Data analyst', 'Actuarial science', 'Research assistant']",PreUG,50.0,,"['Mathematics', 'Science']",0.1108825673658485,1,0,2.6000000000000014,
40,Bachelor of Science (Physical Sciences),UG,Science,Requires Senior Secondary Examination (10+2) with at least 50% aggregate marks.,"This program focuses on the study of physical sciences, covering fundamental principles of physics, chemistry, and mathematics. It develops analytical and problem-solving skills necessary for understanding the natural world.",Regular,4 year,"['Scientific reasoning', 'Mathematical problem-solving', 'Experimental design', 'Data interpretation']","['Research assistant', 'Laboratory technician', 'Analytical analyst', 'Technical support specialist']",PreUG,50.0,,"['Physical Sciences', 'Science']",0.0963902107015646,1,0,2.6000000000000014,
41,MBA for Working Professional,PG,Management,No specific eligibility requirements were provided.,"This program focuses on applying management principles to the context of working professionals. It covers core business functions, strategic decision-making, and leadership skills relevant to the contemporary business environment.",Part Time,2 year,"['Business strategy', 'Financial analysis', 'Leadership skills', 'Project management']","['Business manager', 'Consultant', 'Operations executive', 'Marketing specialist']",UG,,,[],0.1581793747726469,1,0,0.0,
41,MCA,PG,Management,No specific eligibility requirements were provided.,"This program focuses on advanced concepts in management, information systems, and business processes. It provides a comprehensive understanding of organizational behavior, technology application, and strategic decision-making.",Regular,2 year,"['Systems analysis', 'Business strategy', 'Data management', 'Software development']","['Systems analyst', 'Business consultant', 'IT manager', 'Data scientist']",UG,,,[],0.1264130456873717,1,0,0.0,
41,Master of Commerce (M.Com.),PG,Commerce,Requires a Bachelor's degree in relevant subjects with a minimum of 45% aggregate marks.,"This program focuses on advanced study in commerce, encompassing financial accounting, taxation, economics, and business management principles. It develops analytical skills necessary for understanding complex business environments and economic systems.",Open and Distance Learning Mode,2 year,"['Financial accounting', 'Economic analysis', 'Business management', 'Data interpretation']","['Accountant', 'Financial analyst', 'Business administrator', 'Management consultant']",UG,45.0,,"['Commerce', 'subjects']",0.1028801005561007,0,0,35.599999999999994,
41,MCA for Working Professional,PG,Management,No specific eligibility requirements were provided.,This program focuses on advanced management principles and analytical skills applicable to working professionals. It aims to equip participants with the knowledge necessary to apply business concepts in a professional setting.,Part Time,2 year,"['Business analysis', 'Project management', 'Data interpretation']","['Business analyst', 'Management consultant', 'Project manager']",UG,,,[],0.098650993674851,1,0,0.0,
41,M.TECH. COMPUTER SCIENCE AND ENGINEERING (ARTIFICIAL INTELLIGENCE AND MACHINE LEARNING),PG,Engineering,No specific eligibility requirements were provided.,"This program focuses on the theoretical foundations and practical applications of Artificial Intelligence and Machine Learning within the field of Computer Science and Engineering. It covers advanced mathematical, computational, and algorithmic concepts necessary for developing intelligent systems. The curriculum emphasizes the design, implementation, and evaluation of complex ML models.",Regular,2 year,"['Machine learning', 'Algorithm design', 'Programming', 'Data analysis']","['AI Developer', 'Machine Learning Engineer', 'Data Scientist', 'Software Architect']",UG,,,[],0.0959266431131075,0,0,0.0,
41,Master of Arts Public Administration,PG,Management,Requires a Bachelor's Degree in any discipline with at least 45% aggregate marks or equivalent examination recognition.,"This program focuses on the administrative principles, policies, and practices related to public administration. It covers the theoretical foundations and practical applications of governance and public service management.",Open and Distance Learning Mode,2 year,"['Policy analysis', 'Administrative theory', 'Public governance', 'Research skills']","['Public administrator', 'Policy analyst', 'Administrative officer', 'Public sector manager']",UG,45.0,45.0,[],0.0917409461119959,1,0,35.599999999999994,
41,M.TECH (ARTIFICIAL INTELLIGENCE AND DATA SCIENCE),PG,Science,No specific eligibility requirements were provided.,"This program focuses on the theoretical foundations and practical applications of Artificial Intelligence and Data Science. It involves studying algorithms, statistical methods, and machine learning techniques to analyze complex data and develop intelligent systems.",Regular,2 year,"['Machine learning', 'Data analysis', 'Algorithm design', 'Statistical modeling']","['Data Scientist', 'AI Engineer', 'Machine Learning Specialist', 'Data Analyst']",UG,,,[],0.0817436731887166,0,0,0.0,
42,M.TECH. COMPUTER SCIENCE AND ENGINEERING (ARTIFICIAL INTELLIGENCE AND MACHINE LEARNING),PG,Engineering,No specific eligibility requirements were provided.,"This program focuses on the theoretical foundations and practical applications of Artificial Intelligence and Machine Learning within the field of Computer Science and Engineering. It covers advanced mathematical, computational, and algorithmic concepts necessary for developing intelligent systems. The curriculum emphasizes the design, implementation, and evaluation of complex ML models.",Regular,2 year,"['Machine learning', 'Algorithm design', 'Programming', 'Data analysis']","['AI Developer', 'Machine Learning Engineer', 'Data Scientist', 'Software Architect']",UG,,,[],0.1912918264215733,1,0,0.0,
42,M.TECH (ARTIFICIAL INTELLIGENCE AND DATA SCIENCE),PG,Science,No specific eligibility requirements were provided.,"This program focuses on the theoretical foundations and practical applications of Artificial Intelligence and Data Science. It involves studying algorithms, statistical methods, and machine learning techniques to analyze complex data and develop intelligent systems.",Regular,2 year,"['Machine learning', 'Data analysis', 'Algorithm design', 'Statistical modeling']","['Data Scientist', 'AI Engineer', 'Machine Learning Specialist', 'Data Analyst']",UG,,,[],0.1699617481916707,0,0,0.0,
42,M.TECH (COMPUTER SCIENCE & TECHNOLOGY),PG,Engineering,No specific eligibility requirements were provided.,"This program focuses on advanced study in the principles and applications of computer science and technology. It involves in-depth exploration of computational theory, algorithms, and system design. The curriculum aims to develop expertise in modern computing systems and software development.",Regular,2 year,"['Algorithm design', 'System architecture', 'Programming proficiency', 'Data structures']","['Software developer', 'Systems analyst', 'AI researcher', 'Technology consultant']",UG,,,[],0.100145842159145,1,0,0.0,
42,M.TECH (COMPUTER ENGINEERING),PG,Engineering,No specific eligibility requirements were provided.,"This program focuses on advanced study in the principles and applications of computer engineering. It involves in-depth exploration of complex systems, algorithms, and hardware design.",Regular,2 year,"['Algorithm design', 'System architecture', 'Programming proficiency', 'Hardware design']","['Software developer', 'Systems architect', 'Machine learning engineer', 'Embedded systems designer']",UG,,,[],0.0963950151726429,1,0,0.0,
42,M.TECH(COMPUTER SCIENCE&ENGINEERING),PG,Engineering,No specific eligibility requirements were provided.,"This program focuses on advanced study in the core principles of computer science and engineering. It involves in-depth exploration of computational theory, algorithms, and system design. The curriculum aims to develop expertise in complex problem-solving within the field of technology.",Regular,2 year,"['Algorithm design', 'System architecture', 'Programming proficiency', 'Computational theory']","['Software developer', 'Systems architect', 'Data scientist', 'Research engineer']",UG,,,[],0.093273381632102,1,0,0.0,
42,M.TECH (COMPUTER SCIENCE),PG,Science,No specific eligibility requirements were provided.,This program focuses on advanced study in computer science principles and methodologies. It involves in-depth exploration of theoretical foundations and practical applications within the field of computing.,Regular,2 year,"['Programming skills', 'Algorithm design', 'Data structures', 'Software development']","['Software developer', 'Systems analyst', 'Data scientist', 'AI engineer']",UG,,,[],0.0897387774837278,0,0,0.0,
42,MBA for Working Professional,PG,Management,No specific eligibility requirements were provided.,"This program focuses on applying management principles to the context of working professionals. It covers core business functions, strategic decision-making, and leadership skills relevant to the contemporary business environment.",Part Time,2 year,"['Business strategy', 'Financial analysis', 'Leadership skills', 'Project management']","['Business manager', 'Consultant', 'Operations executive', 'Marketing specialist']",UG,,,[],0.0884922267853398,0,0,0.0,
43,Master of Commerce (M.Com.),PG,Commerce,Requires a Bachelor's degree in relevant subjects with a minimum of 45% aggregate marks.,"This program focuses on advanced study in commerce, encompassing financial accounting, taxation, economics, and business management principles. It develops analytical skills necessary for understanding complex business environments and economic systems.",Open and Distance Learning Mode,2 year,"['Financial accounting', 'Economic analysis', 'Business management', 'Data interpretation']","['Accountant', 'Financial analyst', 'Business administrator', 'Management consultant']",UG,45.0,,"['Commerce', 'subjects']",0.1281871151325068,1,0,21.299999999999997,
43,MBA for Working Professional,PG,Management,No specific eligibility requirements were provided.,"This program focuses on applying management principles to the context of working professionals. It covers core business functions, strategic decision-making, and leadership skills relevant to the contemporary business environment.",Part Time,2 year,"['Business strategy', 'Financial analysis', 'Leadership skills', 'Project management']","['Business manager', 'Consultant', 'Operations executive', 'Marketing specialist']",UG,,,[],0.0945105802586699,0,0,0.0,
43,Master of Arts Public Administration,PG,Management,Requires a Bachelor's Degree in any discipline with at least 45% aggregate marks or equivalent examination recognition.,"This program focuses on the administrative principles, policies, and practices related to public administration. It covers the theoretical foundations and practical applications of governance and public service management.",Open and Distance Learning Mode,2 year,"['Policy analysis', 'Administrative theory', 'Public governance', 'Research skills']","['Public administrator', 'Policy analyst', 'Administrative officer', 'Public sector manager']",UG,45.0,45.0,[],0.0854015283900238,0,0,21.299999999999997,
43,Master of Arts Economics,PG,Commerce,"Requires a Bachelor's Degree in any discipline with at least 45% aggregate marks or equivalent examination recognized by M.D. University, Rohtak.","This program focuses on the theoretical and applied aspects of economic principles. It involves in-depth study of economic theories, policies, and analytical methods.",Open and Distance Learning Mode,2 year,"['Economic theory', 'Data analysis', 'Policy evaluation', 'Analytical thinking']","['Economic analyst', 'Policy researcher', 'Financial consultant', 'Economist']",UG,45.0,,[],0.0813532316342691,1,0,21.299999999999997,
43,Master of Arts Political Science,PG,Humanities,"Requires a Bachelor's Degree in any discipline with at least 45% aggregate marks or equivalent examination recognized by M.D. University, Rohtak.","This program focuses on the theoretical and analytical study of political systems, governance, and public policy. It involves in-depth exploration of political theory, international relations, and comparative politics.",Open and Distance Learning Mode,2 year,"['Political analysis', 'Theoretical understanding', 'Research skills']","['Policy analyst', 'Political researcher', 'Public administration officer']",UG,45.0,,"['Political Science', 'any', 'course']",0.073789780154224,0,0,21.299999999999997,
43,PG Diploma in Data Analytics,PG,Science,Requires a Bachelor's Degree with at least 50% marks in aggregate or equivalent examination recognized by M.D. University Rohtak.,"This program focuses on the principles and techniques of data analysis. It covers methods for collecting, processing, and interpreting large datasets to derive meaningful insights. The curriculum emphasizes statistical foundations and analytical tools relevant to data-driven decision-making.",Regular,1 year,"['Data analysis', 'Statistical methods', 'Data interpretation']","['Data analyst', 'Business intelligence specialist', 'Data visualization expert']",UG,50.0,,"['Data Analytics', 'Mathematics']",0.0707753878116084,0,0,16.299999999999997,
43,Certificate Course in Research Methods in Social Sciences,PG,Humanities,Requires a Bachelor's Degree in any discipline with at least 45% aggregate marks.,"This course focuses on the methodologies and techniques essential for conducting research within the social sciences. It provides students with the foundational knowledge necessary to design, execute, and analyze social science research projects effectively.",Regular,6 Months,"['Research methodology', 'Data collection', 'Statistical analysis', 'Research design']","['Social science researcher', 'Research assistant', 'Data analyst', 'Research practitioner']",UG,45.0,,[],0.0621693615454091,0,0,21.299999999999997,
44,B.TECH (COMPUTER SCIENCE & INFORMATION TECHNOLOGY),UG,Engineering,No specific eligibility requirements were provided.,"This program focuses on the theoretical foundations and practical applications of computer science and information technology. It covers algorithms, data structures, programming, and the management of information systems.",Regular,4 year,"['Programming skills', 'Data structures', 'Algorithm design', 'Information systems']","['Software developer', 'Systems analyst', 'Data scientist', 'IT consultant']",PreUG,,,[],0.1501159402863632,1,0,0.0,
44,B.TECH (INFORMATION TECHNOLOGY),UG,Engineering,No specific eligibility requirements are stated.,"This program focuses on the principles and practices of information technology. It covers the theoretical foundations and practical applications of computing systems, software development, and data management. The curriculum aims to develop students with strong analytical and problem-solving skills in the IT domain.",Regular,4 year,"['Programming skills', 'System design', 'Software development', 'Data management']","['Software Developer', 'Systems Analyst', 'IT Consultant', 'Data Scientist']",PreUG,,,[],0.1332739572354617,1,0,0.0,
44,B.TECH (CSE-ARTIFI. INTELLIGEN. & MACHINE LEARNING ENGINEERING),UG,Engineering,No specific eligibility requirements are stated.,"This program focuses on the principles of computer science, artificial intelligence, and machine learning. It involves studying algorithms, data structures, and the application of computational methods to solve complex problems. The curriculum emphasizes theoretical foundations and practical implementation in these advanced fields.",Regular,4 year,"['Programming skills', 'Algorithm design', 'Machine learning', 'Data analysis', 'Software development']","['Machine learning engineer', 'AI developer', 'Software architect', 'Data scientist', 'Algorithm designer']",PreUG,,,[],0.1330069158190134,1,0,0.0,
44,B.TECH (ARTIFICIAL INTELLIGENCE AND MACHINE LEARNING),UG,Engineering,No specific eligibility requirements are stated.,"This program focuses on the theoretical foundations and practical applications of Artificial Intelligence and Machine Learning. It covers algorithms, data structures, and computational methods essential for developing intelligent systems. The curriculum emphasizes problem-solving and model development in the field of computer science.",Regular,4 year,"['Algorithm design', 'Data analysis', 'Programming proficiency', 'Model development']","['Machine Learning Engineer', 'AI Developer', 'Data Scientist', 'Software Developer']",PreUG,,,[],0.1278581271146396,1,0,0.0,
44,B.TECH. (ARTIFICIAL INTELLIGENCE),UG,Engineering,No specific eligibility requirements were provided.,"This program focuses on the theoretical foundations and practical applications of Artificial Intelligence. It covers algorithms, data structures, and computational methods essential for developing intelligent systems. The curriculum emphasizes problem-solving and the development of intelligent software solutions.",Regular,4 year,"['Algorithm design', 'Programming proficiency', 'Data structures', 'Machine learning', 'Computational thinking']","['AI Developer', 'Machine Learning Engineer', 'Data Scientist', 'Software Developer', 'AI Researcher']",PreUG,,,[],0.1256857765394257,1,0,0.0,
44,B.TECH (COMPUTER SCIENCE AND TECHNOLOGY),UG,Engineering,No specific eligibility requirements were provided.,"This program focuses on the principles and practices of computer science and technology. It covers theoretical foundations, algorithms, data structures, and the application of these concepts to solve complex computational problems. The curriculum emphasizes logical thinking and problem-solving skills within the field of computing.",Regular,4 year,"['Programming skills', 'Algorithmic thinking', 'Problem-solving', 'Data structures', 'Computational logic']","['Software Developer', 'Systems Analyst', 'Data Scientist', 'IT Consultant', 'Computer Engineer']",PreUG,,,[],0.1255467343548229,1,0,0.0,
44,B.TECH -ARTIFICIAL INTELLIGENCE & DATA SCIENCE,UG,Science,No specific eligibility requirements were provided.,"This program focuses on the theoretical foundations and practical applications of Artificial Intelligence and Data Science. It covers the mathematical, statistical, and computational methods required to analyze complex data and develop intelligent systems. The curriculum emphasizes machine learning, algorithms, and data-driven decision making.",Regular,4 year,"['Data analysis', 'Machine learning', 'Programming skills', 'Statistical modeling']","['Data Scientist', 'AI Engineer', 'Machine Learning Specialist', 'Data Analyst']",PreUG,,,[],0.1174765596135177,0,0,0.0,
45,M.TECH (ARTIFICIAL INTELLIGENCE AND DATA SCIENCE),PG,Science,No specific eligibility requirements were provided.,"This program focuses on the theoretical foundations and practical applications of Artificial Intelligence and Data Science. It involves studying algorithms, statistical methods, and machine learning techniques to analyze complex data and develop intelligent systems.",Regular,2 year,"['Machine learning', 'Data analysis', 'Algorithm design', 'Statistical modeling']","['Data Scientist', 'AI Engineer', 'Machine Learning Specialist', 'Data Analyst']",UG,,,[],0.1537763823492966,0,0,0.0,
45,M.TECH. COMPUTER SCIENCE AND ENGINEERING (ARTIFICIAL INTELLIGENCE AND MACHINE LEARNING),PG,Engineering,No specific eligibility requirements were provided.,"This program focuses on the theoretical foundations and practical applications of Artificial Intelligence and Machine Learning within the field of Computer Science and Engineering. It covers advanced mathematical, computational, and algorithmic concepts necessary for developing intelligent systems. The curriculum emphasizes the design, implementation, and evaluation of complex ML models.",Regular,2 year,"['Machine learning', 'Algorithm design', 'Programming', 'Data analysis']","['AI Developer', 'Machine Learning Engineer', 'Data Scientist', 'Software Architect']",UG,,,[],0.1373400980212616,0,0,0.0,
45,Master of Arts Journalism & Mass Communication,PG,Humanities,Requires a Bachelor's Degree in any discipline with at least 45% aggregate marks.,This program focuses on the study of journalism and mass communication principles. It covers the theoretical foundations and practical applications of media and communication practices. The curriculum aims to develop critical understanding of communication processes and media functions.,Open and Distance Learning Mode,2 year,"['Media analysis', 'Communication theory', 'Content creation', 'Research skills']","['Journalist', 'Media producer', 'Communication specialist', 'Content writer']",UG,45.0,,[],0.094996076833949,1,0,5.5,
45,Master of Arts Political Science,PG,Humanities,"Requires a Bachelor's Degree in any discipline with at least 45% aggregate marks or equivalent examination recognized by M.D. University, Rohtak.","This program focuses on the theoretical and analytical study of political systems, governance, and public policy. It involves in-depth exploration of political theory, international relations, and comparative politics.",Open and Distance Learning Mode,2 year,"['Political analysis', 'Theoretical understanding', 'Research skills']","['Policy analyst', 'Political researcher', 'Public administration officer']",UG,45.0,,"['Political Science', 'any', 'course']",0.0914955395358739,1,0,5.5,
45,Master of Arts History,PG,Humanities,Requires a Bachelor's Degree in any discipline with at least 45% aggregate marks or an equivalent recognized examination.,"This program focuses on the study of historical subjects, critical analysis of past events, and the interpretation of historical sources. It involves developing advanced knowledge in historical methodologies and contextual understanding.",Open and Distance Learning Mode,2 year,"['Historical analysis', 'Source interpretation', 'Critical thinking', 'Research skills']","['Historian', 'Archivist', 'Academic researcher', 'Curator']",UG,45.0,45.0,[],0.0854707565200678,1,0,5.5,
45,PG Diploma in Data Analytics,PG,Science,Requires a Bachelor's Degree with at least 50% marks in aggregate or equivalent examination recognized by M.D. University Rohtak.,"This program focuses on the principles and techniques of data analysis. It covers methods for collecting, processing, and interpreting large datasets to derive meaningful insights. The curriculum emphasizes statistical foundations and analytical tools relevant to data-driven decision-making.",Regular,1 year,"['Data analysis', 'Statistical methods', 'Data interpretation']","['Data analyst', 'Business intelligence specialist', 'Data visualization expert']",UG,50.0,,"['Data Analytics', 'Mathematics']",0.0845516503090037,0,0,0.5,
45,Certificate Course in AI and ML in Pharmaceutical Sciences,PG,Science,Candidates must have passed the Senior Secondary Examination (10+2) with at least 50% marks.,"This program focuses on applying Artificial Intelligence and Machine Learning techniques within the context of pharmaceutical sciences. It covers the integration of computational methods to solve complex problems in drug discovery, development, and pharmaceutical research. The curriculum emphasizes the intersection of data science and pharmaceutical knowledge.",Regular,6 Months,"['AI application', 'ML modeling', 'Pharmaceutical data analysis', 'Computational methods']","['AI pharmaceutical analyst', 'ML drug discovery specialist', 'Pharmaceutical data scientist', 'Bioinformatics researcher']",UG,50.0,,[],0.0766697529616438,0,0,0.5,
46,Ph.D (LAW),PhD,Humanities,No specific eligibility requirements were provided.,"This program focuses on advanced theoretical and empirical research within the field of Law. It involves in-depth study of legal principles, systems, and jurisprudence.",Regular,,"['Legal research', 'Critical analysis', 'Legal reasoning']","['Legal scholar', 'Law professor', 'Legal consultant']",PG,,,[],0.1580206439278759,0,0,0.0,
46,PH.D (PHYSICS)- UIET,PhD,Science,No specific eligibility requirements are provided.,This program focuses on advanced theoretical and experimental physics research. It involves in-depth study of fundamental physical laws and theoretical frameworks. The curriculum emphasizes advanced problem-solving and original scientific inquiry.,Regular,,"['Theoretical physics', 'Experimental methods', 'Advanced problem-solving']","['Research scientist', 'Academic researcher', 'Physics consultant']",PG,,,[],0.0959599263640368,0,0,0.0,
46,Ph.D (STATISTICS),PhD,Science,No specific eligibility requirements were provided.,"This program focuses on advanced theoretical and applied statistical methods. It involves in-depth study of probability theory, statistical inference, and data modeling techniques. The curriculum emphasizes rigorous mathematical foundations and analytical problem-solving.",Regular,,"['Statistical modeling', 'Data analysis', 'Mathematical reasoning', 'Inferential statistics']","['Research scientist', 'Data analyst', 'Statistician', 'Machine learning specialist']",PG,,,[],0.0948727379737893,0,0,0.0,
46,Ph.D (MECHANICAL ENGG.)-UIET,PhD,Engineering,No specific eligibility requirements are provided.,"This program focuses on advanced theoretical knowledge, research methodologies, and specialized problem-solving within the field of mechanical engineering. It involves in-depth study of complex systems, material science, and design principles.",Regular,,"['Research skills', 'Problem solving', 'Theoretical analysis']","['Research scientist', 'Senior engineer', 'Academic researcher']",PG,,,[],0.0942643757517957,0,0,0.0,
46,Ph.D (E.C.E)-UIET,PhD,Engineering,No specific eligibility requirements are provided.,"This program focuses on advanced research within the field of Electrical and Computer Engineering. It involves in-depth study of theoretical concepts, advanced problem-solving, and original research methodologies.",Regular,,"['Research skills', 'Problem solving', 'Theoretical analysis']","['Research scholar', 'Senior engineer', 'Academic researcher']",PG,,,[],0.0941084205773912,0,0,0.0,
46,Ph.D (C.S.E)-UIET,PhD,Engineering,No specific eligibility requirements are provided.,"This program focuses on advanced research and scholarly investigation within the field of Computer Science and Engineering. It involves in-depth study of theoretical concepts, advanced algorithms, and novel problem-solving techniques.",Regular,,"['Research skills', 'Algorithm design', 'Problem solving', 'Theoretical analysis']","['Research scholar', 'Senior engineer', 'Academic researcher', 'Consultant']",PG,,,[],0.0895034710413778,0,0,0.0,
46,Ph.D (Electrical Engg.)--UIET,PhD,Engineering,No specific eligibility requirements are provided.,This program focuses on advanced research and theoretical study within the field of Electrical Engineering. It involves in-depth investigation into complex electrical systems and theoretical principles.,Regular,,"['Research skills', 'Theoretical analysis', 'Problem-solving']","['Research scientist', 'Senior engineer', 'Academic researcher']",PG,,,[],0.0864927242441135,0,0,0.0,
47,M.TECH (ARTIFICIAL INTELLIGENCE AND DATA SCIENCE),PG,Science,No specific eligibility requirements were provided.,"This program focuses on the theoretical foundations and practical applications of Artificial Intelligence and Data Science. It involves studying algorithms, statistical methods, and machine learning techniques to analyze complex data and develop intelligent systems.",Regular,2 year,"['Machine learning', 'Data analysis', 'Algorithm design', 'Statistical modeling']","['Data Scientist', 'AI Engineer', 'Machine Learning Specialist', 'Data Analyst']",UG,,,[],0.1693917357357139,0,0,0.0,
47,M.TECH. COMPUTER SCIENCE AND ENGINEERING (ARTIFICIAL INTELLIGENCE AND MACHINE LEARNING),PG,Engineering,No specific eligibility requirements were provided.,"This program focuses on the theoretical foundations and practical applications of Artificial Intelligence and Machine Learning within the field of Computer Science and Engineering. It covers advanced mathematical, computational, and algorithmic concepts necessary for developing intelligent systems. The curriculum emphasizes the design, implementation, and evaluation of complex ML models.",Regular,2 year,"['Machine learning', 'Algorithm design', 'Programming', 'Data analysis']","['AI Developer', 'Machine Learning Engineer', 'Data Scientist', 'Software Architect']",UG,,,[],0.1427120221880769,1,0,0.0,
47,M.TECH (INFORMATION TECHNOLOGY),PG,Engineering,No specific eligibility requirements were provided.,This program focuses on advanced study in Information Technology. It covers theoretical foundations and practical applications of computing systems and software development. The curriculum emphasizes problem-solving and system design in the IT domain.,Regular,2 year,"['System design', 'Programming skills', 'Algorithm development', 'Software architecture']","['Software Developer', 'Systems Analyst', 'IT Consultant', 'Data Scientist']",UG,,,[],0.1083215144017567,1,0,0.0,
47,PG Diploma in Data Analytics,PG,Science,Requires a Bachelor's Degree with at least 50% marks in aggregate or equivalent examination recognized by M.D. University Rohtak.,"This program focuses on the principles and techniques of data analysis. It covers methods for collecting, processing, and interpreting large datasets to derive meaningful insights. The curriculum emphasizes statistical foundations and analytical tools relevant to data-driven decision-making.",Regular,1 year,"['Data analysis', 'Statistical methods', 'Data interpretation']","['Data analyst', 'Business intelligence specialist', 'Data visualization expert']",UG,50.0,,"['Data Analytics', 'Mathematics']",0.1014705319729643,0,0,17.5,
47,M.Sc. (BIOINFORMATICS),PG,Science,Bachelor's degree in Biological Sciences or related fields is required.,"This program focuses on the intersection of biology and information technology. It involves studying computational methods and data analysis applied to biological systems. The curriculum covers bioinformatics principles, algorithms, and data interpretation in life sciences.",Regular,2 year,"['Data analysis', 'Bioinformatics tools', 'Computational modeling', 'Biological data interpretation']","['Bioinformatics analyst', 'Computational biologist', 'Biomedical informatics specialist', 'Data scientist in life sciences']",UG,,,"['Biological Sciences', 'BIOINFORMATICS', 'Science']",0.0961381454631498,0,0,0.0,
47,Master of Commerce (M.Com.),PG,Commerce,Requires a Bachelor's degree in relevant subjects with a minimum of 45% aggregate marks.,"This program focuses on advanced study in commerce, encompassing financial accounting, taxation, economics, and business management principles. It develops analytical skills necessary for understanding complex business environments and economic systems.",Open and Distance Learning Mode,2 year,"['Financial accounting', 'Economic analysis', 'Business management', 'Data interpretation']","['Accountant', 'Financial analyst', 'Business administrator', 'Management consultant']",UG,45.0,,"['Commerce', 'subjects']",0.0901066185635571,0,0,22.5,
47,PG Diploma in Computational Biology,PG,Science,"Requires a Bachelor's Degree in Biological Sciences, Computer Science, or allied biological sciences, or equivalent examination recognized by State Universities of Haryana.","This program focuses on the intersection of biology and computation. It involves studying the mathematical and computational methods applied to biological systems and data. The curriculum covers bioinformatics, computational modeling, and biological data analysis.",Regular,1 year,"['Data analysis', 'Computational modeling', 'Bioinformatics', 'Statistical methods']","['Bioinformatics analyst', 'Computational biologist', 'Biomedical data scientist', 'Research assistant']",UG,,,"['Biological Sciences', 'Computer Science', 'Biology', 'Science']",0.0814768591995393,0,0,0.0,
48,Master of Commerce (M.Com.),PG,Commerce,Requires a Bachelor's degree in relevant subjects with a minimum of 45% aggregate marks.,"This program focuses on advanced study in commerce, encompassing financial accounting, taxation, economics, and business management principles. It develops analytical skills necessary for understanding complex business environments and economic systems.",Open and Distance Learning Mode,2 year,"['Financial accounting', 'Economic analysis', 'Business management', 'Data interpretation']","['Accountant', 'Financial analyst', 'Business administrator', 'Management consultant']",UG,45.0,,"['Commerce', 'subjects']",0.1240614080818899,1,0,21.799999999999997,
48,M.TECH. COMPUTER SCIENCE AND ENGINEERING (ARTIFICIAL INTELLIGENCE AND MACHINE LEARNING),PG,Engineering,No specific eligibility requirements were provided.,"This program focuses on the theoretical foundations and practical applications of Artificial Intelligence and Machine Learning within the field of Computer Science and Engineering. It covers advanced mathematical, computational, and algorithmic concepts necessary for developing intelligent systems. The curriculum emphasizes the design, implementation, and evaluation of complex ML models.",Regular,2 year,"['Machine learning', 'Algorithm design', 'Programming', 'Data analysis']","['AI Developer', 'Machine Learning Engineer', 'Data Scientist', 'Software Architect']",UG,,,[],0.0952751022189853,0,0,0.0,
48,M.TECH (ARTIFICIAL INTELLIGENCE AND DATA SCIENCE),PG,Science,No specific eligibility requirements were provided.,"This program focuses on the theoretical foundations and practical applications of Artificial Intelligence and Data Science. It involves studying algorithms, statistical methods, and machine learning techniques to analyze complex data and develop intelligent systems.",Regular,2 year,"['Machine learning', 'Data analysis', 'Algorithm design', 'Statistical modeling']","['Data Scientist', 'AI Engineer', 'Machine Learning Specialist', 'Data Analyst']",UG,,,[],0.093037376231484,0,0,0.0,
48,Master of Arts Public Administration,PG,Management,Requires a Bachelor's Degree in any discipline with at least 45% aggregate marks or equivalent examination recognition.,"This program focuses on the administrative principles, policies, and practices related to public administration. It covers the theoretical foundations and practical applications of governance and public service management.",Open and Distance Learning Mode,2 year,"['Policy analysis', 'Administrative theory', 'Public governance', 'Research skills']","['Public administrator', 'Policy analyst', 'Administrative officer', 'Public sector manager']",UG,45.0,45.0,[],0.0857295210679785,0,0,21.799999999999997,
48,MBA for Working Professional,PG,Management,No specific eligibility requirements were provided.,"This program focuses on applying management principles to the context of working professionals. It covers core business functions, strategic decision-making, and leadership skills relevant to the contemporary business environment.",Part Time,2 year,"['Business strategy', 'Financial analysis', 'Leadership skills', 'Project management']","['Business manager', 'Consultant', 'Operations executive', 'Marketing specialist']",UG,,,[],0.0852246178935924,0,0,0.0,
48,Master of Arts Economics,PG,Commerce,"Requires a Bachelor's Degree in any discipline with at least 45% aggregate marks or equivalent examination recognized by M.D. University, Rohtak.","This program focuses on the theoretical and applied aspects of economic principles. It involves in-depth study of economic theories, policies, and analytical methods.",Open and Distance Learning Mode,2 year,"['Economic theory', 'Data analysis', 'Policy evaluation', 'Analytical thinking']","['Economic analyst', 'Policy researcher', 'Financial consultant', 'Economist']",UG,45.0,,[],0.0804631341432277,1,0,21.799999999999997,
48,Master of Arts Political Science,PG,Humanities,"Requires a Bachelor's Degree in any discipline with at least 45% aggregate marks or equivalent examination recognized by M.D. University, Rohtak.","This program focuses on the theoretical and analytical study of political systems, governance, and public policy. It involves in-depth exploration of political theory, international relations, and comparative politics.",Open and Distance Learning Mode,2 year,"['Political analysis', 'Theoretical understanding', 'Research skills']","['Policy analyst', 'Political researcher', 'Public administration officer']",UG,45.0,,"['Political Science', 'any', 'course']",0.0682915930543202,0,0,21.799999999999997,
49,M.Sc. (ENV. BIOTECHNOLOGY),PG,Science,Requires a Bachelor's degree in any discipline of Science or a B.Tech. in Biotechnology/Environment Engineering with 50% aggregate marks.,This program focuses on the intersection of environmental science and biotechnology. It involves studying the biological and chemical processes related to environmental systems and applying biotechnological principles to solve environmental challenges.,Regular,2 year,"['Environmental analysis', 'Biotechnology principles', 'Scientific research', 'Data interpretation']","['Environmental consultant', 'Bioprocess development', 'Research analyst', 'Environmental scientist']",UG,50.0,,"['Biotechnology', 'Environment Engineering', 'Science']",0.1511035031526555,0,0,16.099999999999994,
49,M.Sc. (ENVIRONMENTAL SCIENCES),PG,Science,Requires a Bachelor's degree in any discipline of Science or a B.Tech. in Biotechnology/Environment Engineering with 50% aggregate marks.,"This program focuses on the study of environmental systems, processes, and the management of environmental issues. It involves in-depth exploration of ecological principles, pollution control, and sustainable resource management. The curriculum develops analytical and problem-solving skills related to environmental challenges.",Regular,2 year,"['Environmental analysis', 'Systems thinking', 'Pollution control', 'Resource management']","['Environmental consultant', 'Pollution control officer', 'Environmental analyst', 'Sustainability manager']",UG,50.0,,"['Science', 'Biotechnology', 'Environment Engineering', 'Environment Sciences']",0.1155454842181319,0,0,16.099999999999994,
49,Master of Arts Journalism & Mass Communication,PG,Humanities,Requires a Bachelor's Degree in any discipline with at least 45% aggregate marks.,This program focuses on the study of journalism and mass communication principles. It covers the theoretical foundations and practical applications of media and communication practices. The curriculum aims to develop critical understanding of communication processes and media functions.,Open and Distance Learning Mode,2 year,"['Media analysis', 'Communication theory', 'Content creation', 'Research skills']","['Journalist', 'Media producer', 'Communication specialist', 'Content writer']",UG,45.0,,[],0.0956510713485412,0,0,21.09999999999999,
49,M.SC.(BOTANY),PG,Science,Requires a Bachelor's degree in Botany or equivalent with specified subject combinations and minimum marks.,"This program focuses on advanced study in the field of Botany, encompassing theoretical knowledge and practical applications in plant sciences. It involves in-depth exploration of plant biology, ecology, and related biological processes.",Regular,2 year,"['Biological analysis', 'Plant physiology', 'Ecology principles', 'Biological research']","['Botanical researcher', 'Horticultural specialist', 'Environmental consultant', 'Agricultural scientist']",UG,,,"['Botany', 'Science']",0.0853479740606499,0,0,0.0,
49,Certificate Course in Phiolosphy of Dayanand,PG,Humanities,Candidates must have passed the Senior Secondary Examination (10+2) with at least 50% marks.,This program focuses on the study of the philosophy of Dayanand. It involves exploring fundamental philosophical concepts and theories within the specified discipline. The course aims to develop critical thinking and understanding of philosophical thought.,Regular,6 Months,"['Philosophical reasoning', 'Critical thinking', 'Textual analysis']","['Philosophical studies', 'Academic research', 'Content development']",UG,50.0,,[],0.084949880764021,0,0,16.099999999999994,
49,Certificate Course in Research Methods in Social Sciences,PG,Humanities,Requires a Bachelor's Degree in any discipline with at least 45% aggregate marks.,"This course focuses on the methodologies and techniques essential for conducting research within the social sciences. It provides students with the foundational knowledge necessary to design, execute, and analyze social science research projects effectively.",Regular,6 Months,"['Research methodology', 'Data collection', 'Statistical analysis', 'Research design']","['Social science researcher', 'Research assistant', 'Data analyst', 'Research practitioner']",UG,45.0,,[],0.0655944580083061,0,0,21.09999999999999,
49,MBA for Working Professional,PG,Management,No specific eligibility requirements were provided.,"This program focuses on applying management principles to the context of working professionals. It covers core business functions, strategic decision-making, and leadership skills relevant to the contemporary business environment.",Part Time,2 year,"['Business strategy', 'Financial analysis', 'Leadership skills', 'Project management']","['Business manager', 'Consultant', 'Operations executive', 'Marketing specialist']",UG,,,[],0.0655098258737549,0,0,0.0,
50,B.TECH -ARTIFICIAL INTELLIGENCE & DATA SCIENCE,UG,Science,No specific eligibility requirements were provided.,"This program focuses on the theoretical foundations and practical applications of Artificial Intelligence and Data Science. It covers the mathematical, statistical, and computational methods required to analyze complex data and develop intelligent systems. The curriculum emphasizes machine learning, algorithms, and data-driven decision making.",Regular,4 year,"['Data analysis', 'Machine learning', 'Programming skills', 'Statistical modeling']","['Data Scientist', 'AI Engineer', 'Machine Learning Specialist', 'Data Analyst']",PreUG,,,[],0.1210681689597606,0,0,0.0,
50,B.TECH. (ARTIFICIAL INTELLIGENCE),UG,Engineering,No specific eligibility requirements were provided.,"This program focuses on the theoretical foundations and practical applications of Artificial Intelligence. It covers algorithms, data structures, and computational methods essential for developing intelligent systems. The curriculum emphasizes problem-solving and the development of intelligent software solutions.",Regular,4 year,"['Algorithm design', 'Programming proficiency', 'Data structures', 'Machine learning', 'Computational thinking']","['AI Developer', 'Machine Learning Engineer', 'Data Scientist', 'Software Developer', 'AI Researcher']",PreUG,,,[],0.106538137715934,0,0,0.0,
50,B.TECH (ARTIFICIAL INTELLIGENCE AND MACHINE LEARNING),UG,Engineering,No specific eligibility requirements are stated.,"This program focuses on the theoretical foundations and practical applications of Artificial Intelligence and Machine Learning. It covers algorithms, data structures, and computational methods essential for developing intelligent systems. The curriculum emphasizes problem-solving and model development in the field of computer science.",Regular,4 year,"['Algorithm design', 'Data analysis', 'Programming proficiency', 'Model development']","['Machine Learning Engineer', 'AI Developer', 'Data Scientist', 'Software Developer']",PreUG,,,[],0.1042567212608771,0,0,0.0,
50,Bachelor of Arts,UG,Humanities,Must have passed a relevant examination with at least 33% aggregate marks for admission.,"This program focuses on the study of humanities disciplines. It involves exploring various aspects of human culture, society, and thought. The curriculum aims to develop critical thinking and broad knowledge.",Open and Distance Learning Mode,3 year,"['Critical thinking', 'Communication skills', 'Research skills']","['Academic researcher', 'Content writer', 'Administrative assistant', 'Public relations specialist']",PreUG,33.0,,[],0.1007050139300129,1,0,47.400000000000006,
50,Bachelor of Arts (Multidisciplinary),UG,Humanities,Requires Senior Secondary Examination (10+2) with at least 50% aggregate marks.,"This program focuses on a multidisciplinary approach, integrating knowledge from various academic disciplines. It aims to develop broad intellectual skills and critical thinking across diverse subject areas.",Regular,4 year,"['Critical thinking', 'Interdisciplinary study', 'Communication skills']","['Generalist roles', 'Educational roles', 'Administrative positions']",PreUG,50.0,,[],0.0898321244431064,1,0,30.40000000000001,
50,Bachelor of Arts (History),UG,Humanities,Requires Senior Secondary Examination (10+2) with at least 50% aggregate marks.,"This program focuses on the study of historical events, societies, and cultures. It involves critical analysis of primary and secondary sources to understand the evolution of human history and social structures. The curriculum emphasizes historical interpretation and contextual understanding.",Regular,4 year,"['Historical analysis', 'Source evaluation', 'Critical thinking', 'Research skills']","['Historian', 'Archivist', 'Curriculum developer', 'Academic researcher']",PreUG,50.0,,[],0.0840118269164739,1,0,30.40000000000001,
50,B.TECH - ROBOTICS & ARTIFICIAL INTELLIGENCE,UG,Engineering,No specific eligibility requirements were provided.,"This program focuses on the principles and applications of robotics and artificial intelligence. It involves studying the mathematical, computational, and engineering foundations required to design and develop intelligent systems.",Regular,4 year,"['Programming skills', 'Algorithm design', 'System modeling', 'Machine learning', 'Robotics operation']","['AI Developer', 'Robotics Engineer', 'Machine Learning Specialist', 'Software Developer']",PreUG,,,[],0.0828136851711829,0,0,0.0,
51,PG Diploma in CyberLaw,PG,Law,"Requires a Bachelor's or Master's degree with at least 45% marks in aggregate or equivalent examination recognized by MDU, Rohtak.",This program focuses on the legal aspects of cyber activities and law. It covers the intersection of technology and legal frameworks relevant to digital environments. The curriculum aims to equip students with knowledge of cyber law principles and regulations.,Regular,1 year,"['Legal analysis', 'Cyber law principles', 'Regulatory compliance']","['Cyber law consultant', 'Legal compliance officer', 'Data privacy lawyer']",UG,45.0,,"['Law', 'CyberLaw']",0.1503085892996108,1,0,38.2,
51,PG Diploma in Cyber Law,PG,Law,"Requires a Bachelor's or Master's degree with at least 45% marks in aggregate or equivalent examination recognized by MDU, Rohtak.","This program focuses on the legal aspects of cyber activities and digital law. It covers the legal frameworks, regulations, and implications related to cyberspace and digital governance. The curriculum aims to equip students with knowledge of cyber law principles and practices.",Regular,1 year,"['Legal analysis', 'Cyber regulation', 'Digital governance']","['Cyber law consultant', 'Legal compliance officer', 'Data privacy lawyer']",UG,45.0,,[],0.1425020835630263,1,0,38.2,
51,PG Diploma in Criminology & Forensic Law,PG,Humanities,"Requires a Bachelor's or Master's degree with at least 45% marks in aggregate or equivalent examination recognized by MDU, Rohtak.","This program focuses on the study of criminal behavior, legal frameworks, and forensic principles. It provides an in-depth understanding of the legal and social aspects related to crime and justice systems.",Regular,1 year,"['Legal analysis', 'Forensic investigation', 'Criminological theory']","['Forensic analyst', 'Legal researcher', 'Law enforcement officer', 'Criminology consultant']",UG,45.0,,"['Criminology', 'Forensic Law', 'Law']",0.1028291512768847,0,0,38.2,
51,Master of Commerce (M.Com.),PG,Commerce,Requires a Bachelor's degree in relevant subjects with a minimum of 45% aggregate marks.,"This program focuses on advanced study in commerce, encompassing financial accounting, taxation, economics, and business management principles. It develops analytical skills necessary for understanding complex business environments and economic systems.",Open and Distance Learning Mode,2 year,"['Financial accounting', 'Economic analysis', 'Business management', 'Data interpretation']","['Accountant', 'Financial analyst', 'Business administrator', 'Management consultant']",UG,45.0,,"['Commerce', 'subjects']",0.0905543637104121,0,0,38.2,
51,PG Diploma in Intellectual Property Rights,PG,Law,Requires a Bachelor's Degree in any discipline with at least 45% aggregate marks.,"This program focuses on the legal and administrative aspects of intellectual property rights. It covers the principles, laws, and procedures related to patents, trademarks, copyrights, and other forms of intellectual property.",Regular,1 year,"['Legal principles', 'IP law', 'Contract drafting', 'Research skills']","['IP legal assistant', 'Patent agent', 'Trademark attorney', 'IP consultant']",UG,45.0,,[],0.0802497662837225,1,0,38.2,
51,PG Diploma in Labour Law & Social Welfare,PG,Management,"Requires a Bachelor's or Master's Degree with at least 45% marks in aggregate or equivalent examination recognized by MDU, Rohtak.",This program focuses on the legal framework governing labour relations and social welfare policies. It covers the legal and administrative aspects of employee rights and social security systems.,Regular,1 year,"['Legal analysis', 'Policy understanding', 'Social welfare management']","['Labour law officer', 'Social welfare administrator', 'HR compliance specialist']",UG,45.0,,"['Law', 'Social Welfare', 'Law and Social Welfare']",0.0713043308752185,0,0,38.2,
51,PG Diploma in Computational Biology,PG,Science,"Requires a Bachelor's Degree in Biological Sciences, Computer Science, or allied biological sciences, or equivalent examination recognized by State Universities of Haryana.","This program focuses on the intersection of biology and computation. It involves studying the mathematical and computational methods applied to biological systems and data. The curriculum covers bioinformatics, computational modeling, and biological data analysis.",Regular,1 year,"['Data analysis', 'Computational modeling', 'Bioinformatics', 'Statistical methods']","['Bioinformatics analyst', 'Computational biologist', 'Biomedical data scientist', 'Research assistant']",UG,,,"['Biological Sciences', 'Computer Science', 'Biology', 'Science']",0.0648045820875868,0,0,0.0,
52,B.TECH -ARTIFICIAL INTELLIGENCE & DATA SCIENCE,UG,Science,No specific eligibility requirements were provided.,"This program focuses on the theoretical foundations and practical applications of Artificial Intelligence and Data Science. It covers the mathematical, statistical, and computational methods required to analyze complex data and develop intelligent systems. The curriculum emphasizes machine learning, algorithms, and data-driven decision making.",Regular,4 year,"['Data analysis', 'Machine learning', 'Programming skills', 'Statistical modeling']","['Data Scientist', 'AI Engineer', 'Machine Learning Specialist', 'Data Analyst']",PreUG,,,[],0.1759910073069235,0,0,0.0,
52,B.TECH (ARTIFICIAL INTELLIGENCE AND MACHINE LEARNING),UG,Engineering,No specific eligibility requirements are stated.,"This program focuses on the theoretical foundations and practical applications of Artificial Intelligence and Machine Learning. It covers algorithms, data structures, and computational methods essential for developing intelligent systems. The curriculum emphasizes problem-solving and model development in the field of computer science.",Regular,4 year,"['Algorithm design', 'Data analysis', 'Programming proficiency', 'Model development']","['Machine Learning Engineer', 'AI Developer', 'Data Scientist', 'Software Developer']",PreUG,,,[],0.1596064350053962,0,0,0.0,
52,B.TECH (CSE-ARTIFI. INTELLIGEN. & MACHINE LEARNING ENGINEERING),UG,Engineering,No specific eligibility requirements are stated.,"This program focuses on the principles of computer science, artificial intelligence, and machine learning. It involves studying algorithms, data structures, and the application of computational methods to solve complex problems. The curriculum emphasizes theoretical foundations and practical implementation in these advanced fields.",Regular,4 year,"['Programming skills', 'Algorithm design', 'Machine learning', 'Data analysis', 'Software development']","['Machine learning engineer', 'AI developer', 'Software architect', 'Data scientist', 'Algorithm designer']",PreUG,,,[],0.1500855492870365,0,0,0.0,
52,B.TECH. (ARTIFICIAL INTELLIGENCE),UG,Engineering,No specific eligibility requirements were provided.,"This program focuses on the theoretical foundations and practical applications of Artificial Intelligence. It covers algorithms, data structures, and computational methods essential for developing intelligent systems. The curriculum emphasizes problem-solving and the development of intelligent software solutions.",Regular,4 year,"['Algorithm design', 'Programming proficiency', 'Data structures', 'Machine learning', 'Computational thinking']","['AI Developer', 'Machine Learning Engineer', 'Data Scientist', 'Software Developer', 'AI Researcher']",PreUG,,,[],0.1433172606486987,0,0,0.0,
52,B.TECH - ROBOTICS & ARTIFICIAL INTELLIGENCE,UG,Engineering,No specific eligibility requirements were provided.,"This program focuses on the principles and applications of robotics and artificial intelligence. It involves studying the mathematical, computational, and engineering foundations required to design and develop intelligent systems.",Regular,4 year,"['Programming skills', 'Algorithm design', 'System modeling', 'Machine learning', 'Robotics operation']","['AI Developer', 'Robotics Engineer', 'Machine Learning Specialist', 'Software Developer']",PreUG,,,[],0.1240970508352784,0,0,0.0,
52,B.Tech (CSE- Data Science),UG,Science,No specific eligibility requirements were provided.,"This program focuses on the intersection of Computer Science and Data Science principles. It involves training in computational methods, statistical analysis, and the application of algorithms to large datasets. The curriculum covers theoretical foundations and practical applications in data-driven problem-solving.",Regular,4 year,"['Programming skills', 'Statistical analysis', 'Algorithm design', 'Data manipulation']","['Data Scientist', 'Machine Learning Engineer', 'Software Developer', 'Data Analyst']",PreUG,,,[],0.1021156484460337,0,0,0.0,
52,B.A.(HONS.)POLITICAL SCIENCE,UG,Humanities,Requires Senior Secondary Examination (10+2) with at least 50% marks.,"This program focuses on the study of political theory, governance, public administration, and political systems. It involves analyzing political structures, ideologies, and the dynamics of political behavior.",Regular,4 year,"['Critical thinking', 'Analytical skills', 'Research methods']","['Civil services officer', 'Political analyst', 'Public administrator']",PreUG,50.0,,[],0.0969559417952866,1,0,4.200000000000003,
53,Ph.D (POLITICAL SCIENCE),PhD,Humanities,No specific eligibility requirements are provided.,"This program focuses on advanced theoretical and empirical research within the field of political science. It involves in-depth study of political systems, governance, and social behavior.",Regular,,"['Research skills', 'Critical thinking', 'Theoretical analysis']","['Academic researcher', 'Policy analyst', 'Political consultant']",PG,,,[],0.1909697619336671,1,0,0.0,
53,Ph.D (STATISTICS),PhD,Science,No specific eligibility requirements were provided.,"This program focuses on advanced theoretical and applied statistical methods. It involves in-depth study of probability theory, statistical inference, and data modeling techniques. The curriculum emphasizes rigorous mathematical foundations and analytical problem-solving.",Regular,,"['Statistical modeling', 'Data analysis', 'Mathematical reasoning', 'Inferential statistics']","['Research scientist', 'Data analyst', 'Statistician', 'Machine learning specialist']",PG,,,[],0.0902393521699363,0,0,0.0,
53,Ph.D (COMPUTER SCIENCE & APPLICATION),PhD,Science,No specific eligibility requirements were provided.,"This program focuses on advanced theoretical and applied research within the field of computer science. It involves in-depth study of algorithms, data structures, and computational theory. The curriculum emphasizes developing novel solutions and advancing knowledge in computing.",Regular,,"['Research skills', 'Problem-solving', 'Algorithm design', 'Computational theory']","['Research scientist', 'AI developer', 'Software architect', 'Data scientist']",PG,,,[],0.0764209458548883,0,0,0.0,
53,Ph.D (BIO-INFORMATICS),PhD,Science,No specific eligibility requirements were provided.,This program focuses on the intersection of biology and information science. It involves developing computational methods and theoretical frameworks to analyze complex biological data. The curriculum emphasizes advanced mathematical and computational techniques applied to biological systems.,Regular,,"['Bioinformatics analysis', 'Computational modeling', 'Statistical inference', 'Algorithm development']","['Bioinformatics researcher', 'Computational biologist', 'Data scientist', 'Biomedical informatics specialist']",PG,,,[],0.075454968188234,0,0,0.0,
53,Ph.D (VISUAL ARTS),PhD,Humanities,No specific eligibility requirements are provided.,"This program focuses on advanced theoretical and practical investigation within the field of Visual Arts. It involves in-depth study of artistic theory, history, and creative practice. The curriculum emphasizes critical analysis and original artistic creation.",Regular,,"['Art theory', 'Critical analysis', 'Creative practice']","['Art historian', 'Curator', 'Art critic']",PG,,,[],0.0707532947029518,1,0,0.0,
53,Ph.D (ENVIRONMENT SC.)- UIET,PhD,Science,No specific eligibility requirements are provided.,"This program focuses on advanced research within the field of environmental science. It involves in-depth study of environmental systems, processes, and sustainability challenges. The curriculum emphasizes theoretical knowledge and original research methodologies.",Regular,,"['Research methodology', 'Environmental modeling', 'Data interpretation']","['Research scientist', 'Environmental consultant', 'Academic researcher']",PG,,,[],0.0661047423399634,0,0,0.0,
53,Ph.D (HISTORY),PhD,Humanities,No specific eligibility requirements are provided.,"This program focuses on advanced scholarly research within the field of History. It involves in-depth study of historical sources, critical analysis of past events, and the development of original historical scholarship.",Regular,,"['Historical research', 'Critical analysis', 'Source evaluation']","['Academic researcher', 'Historian', 'Archivist']",PG,,,[],0.066063367729256,1,0,0.0,
54,M.TECH. COMPUTER SCIENCE AND ENGINEERING (ARTIFICIAL INTELLIGENCE AND MACHINE LEARNING),PG,Engineering,No specific eligibility requirements were provided.,"This program focuses on the theoretical foundations and practical applications of Artificial Intelligence and Machine Learning within the field of Computer Science and Engineering. It covers advanced mathematical, computational, and algorithmic concepts necessary for developing intelligent systems. The curriculum emphasizes the design, implementation, and evaluation of complex ML models.",Regular,2 year,"['Machine learning', 'Algorithm design', 'Programming', 'Data analysis']","['AI Developer', 'Machine Learning Engineer', 'Data Scientist', 'Software Architect']",UG,,,[],0.145104264892378,0,0,0.0,
54,M.TECH (ARTIFICIAL INTELLIGENCE AND DATA SCIENCE),PG,Science,No specific eligibility requirements were provided.,"This program focuses on the theoretical foundations and practical applications of Artificial Intelligence and Data Science. It involves studying algorithms, statistical methods, and machine learning techniques to analyze complex data and develop intelligent systems.",Regular,2 year,"['Machine learning', 'Data analysis', 'Algorithm design', 'Statistical modeling']","['Data Scientist', 'AI Engineer', 'Machine Learning Specialist', 'Data Analyst']",UG,,,[],0.1289340742850327,0,0,0.0,
54,M.Sc. (ENV. BIOTECHNOLOGY),PG,Science,Requires a Bachelor's degree in any discipline of Science or a B.Tech. in Biotechnology/Environment Engineering with 50% aggregate marks.,This program focuses on the intersection of environmental science and biotechnology. It involves studying the biological and chemical processes related to environmental systems and applying biotechnological principles to solve environmental challenges.,Regular,2 year,"['Environmental analysis', 'Biotechnology principles', 'Scientific research', 'Data interpretation']","['Environmental consultant', 'Bioprocess development', 'Research analyst', 'Environmental scientist']",UG,50.0,,"['Biotechnology', 'Environment Engineering', 'Science']",0.1172371882821184,0,0,22.5,
54,M.Sc. (ENVIRONMENTAL SCIENCES),PG,Science,Requires a Bachelor's degree in any discipline of Science or a B.Tech. in Biotechnology/Environment Engineering with 50% aggregate marks.,"This program focuses on the study of environmental systems, processes, and the management of environmental issues. It involves in-depth exploration of ecological principles, pollution control, and sustainable resource management. The curriculum develops analytical and problem-solving skills related to environmental challenges.",Regular,2 year,"['Environmental analysis', 'Systems thinking', 'Pollution control', 'Resource management']","['Environmental consultant', 'Pollution control officer', 'Environmental analyst', 'Sustainability manager']",UG,50.0,,"['Science', 'Biotechnology', 'Environment Engineering', 'Environment Sciences']",0.1062261949667247,0,0,22.5,
54,M.TECH (MECHANICAL ENGG. - MACHINE DESIGN),PG,Engineering,No specific eligibility requirements are stated.,"This program focuses on the principles and applications of machine design within the field of mechanical engineering. It involves studying the design, analysis, and optimization of mechanical systems and components.",Regular,2 year,"['Machine design', 'System analysis', 'Mechanical principles']","['Machine designer', 'Design engineer', 'Mechanical analyst']",UG,,,[],0.0733437279261908,0,0,0.0,
54,M.TECH (COMPUTER ENGINEERING),PG,Engineering,No specific eligibility requirements were provided.,"This program focuses on advanced study in the principles and applications of computer engineering. It involves in-depth exploration of complex systems, algorithms, and hardware design.",Regular,2 year,"['Algorithm design', 'System architecture', 'Programming proficiency', 'Hardware design']","['Software developer', 'Systems architect', 'Machine learning engineer', 'Embedded systems designer']",UG,,,[],0.0687698763552133,0,0,0.0,
54,Master of Arts Economics,PG,Commerce,"Requires a Bachelor's Degree in any discipline with at least 45% aggregate marks or equivalent examination recognized by M.D. University, Rohtak.","This program focuses on the theoretical and applied aspects of economic principles. It involves in-depth study of economic theories, policies, and analytical methods.",Open and Distance Learning Mode,2 year,"['Economic theory', 'Data analysis', 'Policy evaluation', 'Analytical thinking']","['Economic analyst', 'Policy researcher', 'Financial consultant', 'Economist']",UG,45.0,,[],0.0659443324328636,0,0,27.5,
55,M.TECH (ARTIFICIAL INTELLIGENCE AND DATA SCIENCE),PG,Science,No specific eligibility requirements were provided.,"This program focuses on the theoretical foundations and practical applications of Artificial Intelligence and Data Science. It involves studying algorithms, statistical methods, and machine learning techniques to analyze complex data and develop intelligent systems.",Regular,2 year,"['Machine learning', 'Data analysis', 'Algorithm design', 'Statistical modeling']","['Data Scientist', 'AI Engineer', 'Machine Learning Specialist', 'Data Analyst']",UG,,,[],0.1240247634636822,0,0,0.0,
55,M.TECH. COMPUTER SCIENCE AND ENGINEERING (ARTIFICIAL INTELLIGENCE AND MACHINE LEARNING),PG,Engineering,No specific eligibility requirements were provided.,"This program focuses on the theoretical foundations and practical applications of Artificial Intelligence and Machine Learning within the field of Computer Science and Engineering. It covers advanced mathematical, computational, and algorithmic concepts necessary for developing intelligent systems. The curriculum emphasizes the design, implementation, and evaluation of complex ML models.",Regular,2 year,"['Machine learning', 'Algorithm design', 'Programming', 'Data analysis']","['AI Developer', 'Machine Learning Engineer', 'Data Scientist', 'Software Architect']",UG,,,[],0.1088987544086016,1,0,0.0,
55,PG Diploma in Data Analytics,PG,Science,Requires a Bachelor's Degree with at least 50% marks in aggregate or equivalent examination recognized by M.D. University Rohtak.,"This program focuses on the principles and techniques of data analysis. It covers methods for collecting, processing, and interpreting large datasets to derive meaningful insights. The curriculum emphasizes statistical foundations and analytical tools relevant to data-driven decision-making.",Regular,1 year,"['Data analysis', 'Statistical methods', 'Data interpretation']","['Data analyst', 'Business intelligence specialist', 'Data visualization expert']",UG,50.0,,"['Data Analytics', 'Mathematics']",0.1023978149522568,0,0,29.200000000000003,
55,M.TECH (ELECTRICAL ENGINEERING),PG,Engineering,No specific eligibility requirements were provided.,"This program focuses on advanced study in electrical engineering principles and applications. It involves in-depth exploration of complex systems, circuit theory, and power management concepts. The curriculum aims to develop advanced analytical and design skills in the field.",Regular,2 year,"['Circuit analysis', 'System design', 'Power management', 'Signal processing']","['Electrical engineer', 'Power system analyst', 'Control systems designer', 'Research and development specialist']",UG,,,[],0.0993734307037568,1,0,0.0,
55,M.Sc. (ENV. BIOTECHNOLOGY),PG,Science,Requires a Bachelor's degree in any discipline of Science or a B.Tech. in Biotechnology/Environment Engineering with 50% aggregate marks.,This program focuses on the intersection of environmental science and biotechnology. It involves studying the biological and chemical processes related to environmental systems and applying biotechnological principles to solve environmental challenges.,Regular,2 year,"['Environmental analysis', 'Biotechnology principles', 'Scientific research', 'Data interpretation']","['Environmental consultant', 'Bioprocess development', 'Research analyst', 'Environmental scientist']",UG,50.0,,"['Biotechnology', 'Environment Engineering', 'Science']",0.0942392931270865,0,0,29.200000000000003,
55,PG Diploma in Computational Biology,PG,Science,"Requires a Bachelor's Degree in Biological Sciences, Computer Science, or allied biological sciences, or equivalent examination recognized by State Universities of Haryana.","This program focuses on the intersection of biology and computation. It involves studying the mathematical and computational methods applied to biological systems and data. The curriculum covers bioinformatics, computational modeling, and biological data analysis.",Regular,1 year,"['Data analysis', 'Computational modeling', 'Bioinformatics', 'Statistical methods']","['Bioinformatics analyst', 'Computational biologist', 'Biomedical data scientist', 'Research assistant']",UG,,,"['Biological Sciences', 'Computer Science', 'Biology', 'Science']",0.0923202215094485,0,0,0.0,
55,Certificate Course in Research Methods in Social Sciences,PG,Humanities,Requires a Bachelor's Degree in any discipline with at least 45% aggregate marks.,"This course focuses on the methodologies and techniques essential for conducting research within the social sciences. It provides students with the foundational knowledge necessary to design, execute, and analyze social science research projects effectively.",Regular,6 Months,"['Research methodology', 'Data collection', 'Statistical analysis', 'Research design']","['Social science researcher', 'Research assistant', 'Data analyst', 'Research practitioner']",UG,45.0,,[],0.0921244318370624,0,0,34.2,
56,PG Diploma in CyberLaw,PG,Law,"Requires a Bachelor's or Master's degree with at least 45% marks in aggregate or equivalent examination recognized by MDU, Rohtak.",This program focuses on the legal aspects of cyber activities and law. It covers the intersection of technology and legal frameworks relevant to digital environments. The curriculum aims to equip students with knowledge of cyber law principles and regulations.,Regular,1 year,"['Legal analysis', 'Cyber law principles', 'Regulatory compliance']","['Cyber law consultant', 'Legal compliance officer', 'Data privacy lawyer']",UG,45.0,,"['Law', 'CyberLaw']",0.1272402500881551,1,0,3.1000000000000014,
56,PG Diploma in Cyber Law,PG,Law,"Requires a Bachelor's or Master's degree with at least 45% marks in aggregate or equivalent examination recognized by MDU, Rohtak.","This program focuses on the legal aspects of cyber activities and digital law. It covers the legal frameworks, regulations, and implications related to cyberspace and digital governance. The curriculum aims to equip students with knowledge of cyber law principles and practices.",Regular,1 year,"['Legal analysis', 'Cyber regulation', 'Digital governance']","['Cyber law consultant', 'Legal compliance officer', 'Data privacy lawyer']",UG,45.0,,[],0.120686684935802,1,0,3.1000000000000014,
56,M.TECH. COMPUTER SCIENCE AND ENGINEERING (ARTIFICIAL INTELLIGENCE AND MACHINE LEARNING),PG,Engineering,No specific eligibility requirements were provided.,"This program focuses on the theoretical foundations and practical applications of Artificial Intelligence and Machine Learning within the field of Computer Science and Engineering. It covers advanced mathematical, computational, and algorithmic concepts necessary for developing intelligent systems. The curriculum emphasizes the design, implementation, and evaluation of complex ML models.",Regular,2 year,"['Machine learning', 'Algorithm design', 'Programming', 'Data analysis']","['AI Developer', 'Machine Learning Engineer', 'Data Scientist', 'Software Architect']",UG,,,[],0.1017901965548619,0,0,0.0,
56,M.TECH (ARTIFICIAL INTELLIGENCE AND DATA SCIENCE),PG,Science,No specific eligibility requirements were provided.,"This program focuses on the theoretical foundations and practical applications of Artificial Intelligence and Data Science. It involves studying algorithms, statistical methods, and machine learning techniques to analyze complex data and develop intelligent systems.",Regular,2 year,"['Machine learning', 'Data analysis', 'Algorithm design', 'Statistical modeling']","['Data Scientist', 'AI Engineer', 'Machine Learning Specialist', 'Data Analyst']",UG,,,[],0.0874474075367368,0,0,0.0,
56,Master of Arts Public Administration,PG,Management,Requires a Bachelor's Degree in any discipline with at least 45% aggregate marks or equivalent examination recognition.,"This program focuses on the administrative principles, policies, and practices related to public administration. It covers the theoretical foundations and practical applications of governance and public service management.",Open and Distance Learning Mode,2 year,"['Policy analysis', 'Administrative theory', 'Public governance', 'Research skills']","['Public administrator', 'Policy analyst', 'Administrative officer', 'Public sector manager']",UG,45.0,45.0,[],0.0868986161845605,0,0,3.1000000000000014,
56,PG Diploma in Criminology & Forensic Law,PG,Humanities,"Requires a Bachelor's or Master's degree with at least 45% marks in aggregate or equivalent examination recognized by MDU, Rohtak.","This program focuses on the study of criminal behavior, legal frameworks, and forensic principles. It provides an in-depth understanding of the legal and social aspects related to crime and justice systems.",Regular,1 year,"['Legal analysis', 'Forensic investigation', 'Criminological theory']","['Forensic analyst', 'Legal researcher', 'Law enforcement officer', 'Criminology consultant']",UG,45.0,,"['Criminology', 'Forensic Law', 'Law']",0.0809955102585962,0,0,3.1000000000000014,
56,PG Diploma in Intellectual Property Rights,PG,Law,Requires a Bachelor's Degree in any discipline with at least 45% aggregate marks.,"This program focuses on the legal and administrative aspects of intellectual property rights. It covers the principles, laws, and procedures related to patents, trademarks, copyrights, and other forms of intellectual property.",Regular,1 year,"['Legal principles', 'IP law', 'Contract drafting', 'Research skills']","['IP legal assistant', 'Patent agent', 'Trademark attorney', 'IP consultant']",UG,45.0,,[],0.0793203571687487,1,0,3.1000000000000014,
57,PG Diploma in Data Analytics,PG,Science,Requires a Bachelor's Degree with at least 50% marks in aggregate or equivalent examination recognized by M.D. University Rohtak.,"This program focuses on the principles and techniques of data analysis. It covers methods for collecting, processing, and interpreting large datasets to derive meaningful insights. The curriculum emphasizes statistical foundations and analytical tools relevant to data-driven decision-making.",Regular,1 year,"['Data analysis', 'Statistical methods', 'Data interpretation']","['Data analyst', 'Business intelligence specialist', 'Data visualization expert']",UG,50.0,,"['Data Analytics', 'Mathematics']",0.1043296693082415,1,0,19.299999999999997,
57,Master of Science (Mathematics),PG,Science,Requires a Bachelor's degree in Mathematics or a related subject with at least 50% marks.,"This program focuses on advanced mathematical concepts and theoretical foundations. It involves in-depth study of mathematical theories, problem-solving techniques, and advanced analytical methods.",Open and Distance Learning Mode,2 year,"['Mathematical reasoning', 'Advanced problem-solving', 'Theoretical analysis']","['Mathematical analyst', 'Quantitative researcher', 'Data scientist']",UG,50.0,,"['Mathematics', 'Science']",0.1008945506941316,1,0,19.299999999999997,
57,Master of Science (Mathematics),PG,Science,Requires a Bachelor's degree in Mathematics or a related subject with at least 50% marks.,"This program focuses on advanced mathematical concepts and theoretical foundations. It involves in-depth study of mathematical theories, problem-solving techniques, and advanced analytical methods.",Open and Distance Learning Mode,2 year,"['Mathematical reasoning', 'Abstract problem-solving', 'Advanced analysis']","['Mathematical analyst', 'Quantitative researcher', 'Data scientist']",UG,50.0,,"['Mathematics', 'Mathematics', 'Mathematics', 'Mathematics', 'Mathematics', 'Mathematics', 'Mathematics']",0.0994501760608981,1,0,19.299999999999997,
57,PG Diploma in Computational Biology,PG,Science,"Requires a Bachelor's Degree in Biological Sciences, Computer Science, or allied biological sciences, or equivalent examination recognized by State Universities of Haryana.","This program focuses on the intersection of biology and computation. It involves studying the mathematical and computational methods applied to biological systems and data. The curriculum covers bioinformatics, computational modeling, and biological data analysis.",Regular,1 year,"['Data analysis', 'Computational modeling', 'Bioinformatics', 'Statistical methods']","['Bioinformatics analyst', 'Computational biologist', 'Biomedical data scientist', 'Research assistant']",UG,,,"['Biological Sciences', 'Computer Science', 'Biology', 'Science']",0.0952908553006835,1,0,0.0,
57,M.TECH (ARTIFICIAL INTELLIGENCE AND DATA SCIENCE),PG,Science,No specific eligibility requirements were provided.,"This program focuses on the theoretical foundations and practical applications of Artificial Intelligence and Data Science. It involves studying algorithms, statistical methods, and machine learning techniques to analyze complex data and develop intelligent systems.",Regular,2 year,"['Machine learning', 'Data analysis', 'Algorithm design', 'Statistical modeling']","['Data Scientist', 'AI Engineer', 'Machine Learning Specialist', 'Data Analyst']",UG,,,[],0.0887378265254077,1,0,0.0,
57,M.Sc. (BIOINFORMATICS),PG,Science,Bachelor's degree in Biological Sciences or related fields is required.,"This program focuses on the intersection of biology and information technology. It involves studying computational methods and data analysis applied to biological systems. The curriculum covers bioinformatics principles, algorithms, and data interpretation in life sciences.",Regular,2 year,"['Data analysis', 'Bioinformatics tools', 'Computational modeling', 'Biological data interpretation']","['Bioinformatics analyst', 'Computational biologist', 'Biomedical informatics specialist', 'Data scientist in life sciences']",UG,,,"['Biological Sciences', 'BIOINFORMATICS', 'Science']",0.0754279764997042,1,0,0.0,
57,Certificate Course in Research Methods in Social Sciences,PG,Humanities,Requires a Bachelor's Degree in any discipline with at least 45% aggregate marks.,"This course focuses on the methodologies and techniques essential for conducting research within the social sciences. It provides students with the foundational knowledge necessary to design, execute, and analyze social science research projects effectively.",Regular,6 Months,"['Research methodology', 'Data collection', 'Statistical analysis', 'Research design']","['Social science researcher', 'Research assistant', 'Data analyst', 'Research practitioner']",UG,45.0,,[],0.0743265577092983,0,0,24.299999999999997,
58,B.TECH (COMPUTER SCIENCE & INFORMATION TECHNOLOGY),UG,Engineering,No specific eligibility requirements were provided.,"This program focuses on the theoretical foundations and practical applications of computer science and information technology. It covers algorithms, data structures, programming, and the management of information systems.",Regular,4 year,"['Programming skills', 'Data structures', 'Algorithm design', 'Information systems']","['Software developer', 'Systems analyst', 'Data scientist', 'IT consultant']",PreUG,,,[],0.1491980716065569,1,0,0.0,
58,B.TECH (INFORMATION TECHNOLOGY),UG,Engineering,No specific eligibility requirements are stated.,"This program focuses on the principles and practices of information technology. It covers the theoretical foundations and practical applications of computing systems, software development, and data management. The curriculum aims to develop students with strong analytical and problem-solving skills in the IT domain.",Regular,4 year,"['Programming skills', 'System design', 'Software development', 'Data management']","['Software Developer', 'Systems Analyst', 'IT Consultant', 'Data Scientist']",PreUG,,,[],0.1319629807055631,1,0,0.0,
58,B.TECH. (ARTIFICIAL INTELLIGENCE),UG,Engineering,No specific eligibility requirements were provided.,"This program focuses on the theoretical foundations and practical applications of Artificial Intelligence. It covers algorithms, data structures, and computational methods essential for developing intelligent systems. The curriculum emphasizes problem-solving and the development of intelligent software solutions.",Regular,4 year,"['Algorithm design', 'Programming proficiency', 'Data structures', 'Machine learning', 'Computational thinking']","['AI Developer', 'Machine Learning Engineer', 'Data Scientist', 'Software Developer', 'AI Researcher']",PreUG,,,[],0.1277904164693176,1,0,0.0,
58,B.TECH -ARTIFICIAL INTELLIGENCE & DATA SCIENCE,UG,Science,No specific eligibility requirements were provided.,"This program focuses on the theoretical foundations and practical applications of Artificial Intelligence and Data Science. It covers the mathematical, statistical, and computational methods required to analyze complex data and develop intelligent systems. The curriculum emphasizes machine learning, algorithms, and data-driven decision making.",Regular,4 year,"['Data analysis', 'Machine learning', 'Programming skills', 'Statistical modeling']","['Data Scientist', 'AI Engineer', 'Machine Learning Specialist', 'Data Analyst']",PreUG,,,[],0.1189149756771685,0,0,0.0,
58,B.TECH (ARTIFICIAL INTELLIGENCE AND MACHINE LEARNING),UG,Engineering,No specific eligibility requirements are stated.,"This program focuses on the theoretical foundations and practical applications of Artificial Intelligence and Machine Learning. It covers algorithms, data structures, and computational methods essential for developing intelligent systems. The curriculum emphasizes problem-solving and model development in the field of computer science.",Regular,4 year,"['Algorithm design', 'Data analysis', 'Programming proficiency', 'Model development']","['Machine Learning Engineer', 'AI Developer', 'Data Scientist', 'Software Developer']",PreUG,,,[],0.1181453902876857,1,0,0.0,
58,B.TECH (COMPUTER SCIENCE AND TECHNOLOGY),UG,Engineering,No specific eligibility requirements were provided.,"This program focuses on the principles and practices of computer science and technology. It covers theoretical foundations, algorithms, data structures, and the application of these concepts to solve complex computational problems. The curriculum emphasizes logical thinking and problem-solving skills within the field of computing.",Regular,4 year,"['Programming skills', 'Algorithmic thinking', 'Problem-solving', 'Data structures', 'Computational logic']","['Software Developer', 'Systems Analyst', 'Data Scientist', 'IT Consultant', 'Computer Engineer']",PreUG,,,[],0.1110581552035361,1,0,0.0,
58,B.Tech (CSE- Data Science),UG,Science,No specific eligibility requirements were provided.,"This program focuses on the intersection of Computer Science and Data Science principles. It involves training in computational methods, statistical analysis, and the application of algorithms to large datasets. The curriculum covers theoretical foundations and practical applications in data-driven problem-solving.",Regular,4 year,"['Programming skills', 'Statistical analysis', 'Algorithm design', 'Data manipulation']","['Data Scientist', 'Machine Learning Engineer', 'Software Developer', 'Data Analyst']",PreUG,,,[],0.1109418725181971,0,0,0.0,
59,Master of Arts Journalism & Mass Communication,PG,Humanities,Requires a Bachelor's Degree in any discipline with at least 45% aggregate marks.,This program focuses on the study of journalism and mass communication principles. It covers the theoretical foundations and practical applications of media and communication practices. The curriculum aims to develop critical understanding of communication processes and media functions.,Open and Distance Learning Mode,2 year,"['Media analysis', 'Communication theory', 'Content creation', 'Research skills']","['Journalist', 'Media producer', 'Communication specialist', 'Content writer']",UG,45.0,,[],0.093912643807253,0,0,32.599999999999994,
59,M.TECH (TEXTILE CHEMISTRY),PG,Science,No specific eligibility requirements are stated.,"This program focuses on the chemical processes and materials involved in the textile industry. It covers the fundamental science behind fiber formation, processing, and material development. The curriculum emphasizes the application of chemical principles to textile science.",Regular,2 year,"['Chemical analysis', 'Material science', 'Process optimization', 'Textile chemistry']","['Textile R&D Scientist', 'Material development engineer', 'Process chemist', 'Quality control specialist']",UG,,,[],0.0726111138528078,1,0,0.0,
59,MBA for Working Professional,PG,Management,No specific eligibility requirements were provided.,"This program focuses on applying management principles to the context of working professionals. It covers core business functions, strategic decision-making, and leadership skills relevant to the contemporary business environment.",Part Time,2 year,"['Business strategy', 'Financial analysis', 'Leadership skills', 'Project management']","['Business manager', 'Consultant', 'Operations executive', 'Marketing specialist']",UG,,,[],0.0702940942857409,0,0,0.0,
59,M.TECH. (ELECTRONICS & COMMUNICATION ENGINEERING),PG,Engineering,No specific eligibility requirements are stated.,"This program focuses on the theoretical foundations and practical applications of electronics and communication systems. It involves in-depth study of electrical, electronic, and communication principles.",Regular,2 year,"['Circuit design', 'Signal processing', 'Communication theory', 'System analysis']","['Electronics engineer', 'Communication systems analyst', 'RF engineer', 'Embedded systems developer']",UG,,,[],0.0615577130397459,0,0,0.0,
59,M.TECH(ELECTRONIC & COMMUNICATION),PG,Engineering,No specific eligibility requirements are stated.,"This program focuses on the principles and applications of electronics and communication systems. It involves in-depth study of electrical, electronic, and communication theories and technologies.",Regular,2 year,"['Circuit design', 'Signal processing', 'Communication theory', 'System analysis']","['Electronics engineer', 'Communication systems analyst', 'RF engineer', 'Embedded systems developer']",UG,,,[],0.0615055013863242,0,0,0.0,
59,Master of Commerce (M.Com.),PG,Commerce,Requires a Bachelor's degree in relevant subjects with a minimum of 45% aggregate marks.,"This program focuses on advanced study in commerce, encompassing financial accounting, taxation, economics, and business management principles. It develops analytical skills necessary for understanding complex business environments and economic systems.",Open and Distance Learning Mode,2 year,"['Financial accounting', 'Economic analysis', 'Business management', 'Data interpretation']","['Accountant', 'Financial analyst', 'Business administrator', 'Management consultant']",UG,45.0,,"['Commerce', 'subjects']",0.0589705790352556,0,0,32.599999999999994,
59,PG Diploma in Cyber Law,PG,Law,"Requires a Bachelor's or Master's degree with at least 45% marks in aggregate or equivalent examination recognized by MDU, Rohtak.","This program focuses on the legal aspects of cyber activities and digital law. It covers the legal frameworks, regulations, and implications related to cyberspace and digital governance. The curriculum aims to equip students with knowledge of cyber law principles and practices.",Regular,1 year,"['Legal analysis', 'Cyber regulation', 'Digital governance']","['Cyber law consultant', 'Legal compliance officer', 'Data privacy lawyer']",UG,45.0,,[],0.0587594452169204,0,0,32.599999999999994,
60,Ph.D (LAW),PhD,Humanities,No specific eligibility requirements were provided.,"This program focuses on advanced theoretical and empirical research within the field of Law. It involves in-depth study of legal principles, systems, and jurisprudence.",Regular,,"['Legal research', 'Critical analysis', 'Legal reasoning']","['Legal scholar', 'Law professor', 'Legal consultant']",PG,,,[],0.1453086083429267,0,0,0.0,
60,Ph.D (ZOOLOGY),PhD,Science,No specific eligibility requirements are provided.,"This program focuses on advanced research and scholarly investigation within the field of Zoology. It involves in-depth study of animal biology, behavior, and evolution.",Regular,,"['Research skills', 'Data analysis', 'Experimental design']","['Research scientist', 'Academic researcher', 'Zoologist']",PG,,,[],0.0837481834805647,0,0,0.0,
60,Ph.D (MEDICAL BIO-TECHNOLOGY),PhD,Science,No specific eligibility requirements were provided.,"This program focuses on the integration of medical and biological sciences to develop new technologies. It involves advanced study in molecular biology, genetics, and biotechnological applications.",Regular,,"['Research skills', 'Biotechnology knowledge', 'Data analysis']","['Research scientist', 'Biotechnology consultant', 'Medical researcher']",PG,,,[],0.0830665977074713,0,0,0.0,
60,Ph.D (STATISTICS),PhD,Science,No specific eligibility requirements were provided.,"This program focuses on advanced theoretical and applied statistical methods. It involves in-depth study of probability theory, statistical inference, and data modeling techniques. The curriculum emphasizes rigorous mathematical foundations and analytical problem-solving.",Regular,,"['Statistical modeling', 'Data analysis', 'Mathematical reasoning', 'Inferential statistics']","['Research scientist', 'Data analyst', 'Statistician', 'Machine learning specialist']",PG,,,[],0.0810697812131557,0,0,0.0,
60,Ph.D (E.C.E)-UIET,PhD,Engineering,No specific eligibility requirements are provided.,"This program focuses on advanced research within the field of Electrical and Computer Engineering. It involves in-depth study of theoretical concepts, advanced problem-solving, and original research methodologies.",Regular,,"['Research skills', 'Problem solving', 'Theoretical analysis']","['Research scholar', 'Senior engineer', 'Academic researcher']",PG,,,[],0.0737546394793986,0,0,0.0,
60,Ph.D (COMMERCE),PhD,Commerce,No specific eligibility requirements were provided.,"This program focuses on advanced research and scholarly inquiry within the field of Commerce. It involves in-depth study of economic theories, business practices, and financial systems. The curriculum emphasizes critical thinking and original research methodologies.",Regular,,"['Research skills', 'Critical thinking', 'Analytical skills']","['Academic researcher', 'Business consultant', 'Financial analyst']",PG,,,[],0.0733675610817798,0,0,0.0,
60,Ph.D (Tourism Management),PhD,Management,No specific eligibility requirements were provided.,"This program focuses on advanced research and scholarly inquiry within the field of Tourism Management. It involves in-depth study of theoretical frameworks, contemporary issues, and practical applications related to the tourism sector. The goal is to develop advanced research skills and critical analytical capabilities.",Regular,,"['Research methodology', 'Critical thinking', 'Data analysis']","['Academic researcher', 'Tourism consultant', 'Policy analyst']",PG,,,[],0.0730624731846563,0,0,0.0,
61,Ph.D (LAW),PhD,Humanities,No specific eligibility requirements were provided.,"This program focuses on advanced theoretical and empirical research within the field of Law. It involves in-depth study of legal principles, systems, and jurisprudence.",Regular,,"['Legal research', 'Critical analysis', 'Legal reasoning']","['Legal scholar', 'Law professor', 'Legal consultant']",PG,,,[],0.1623518367477002,0,0,0.0,
61,Ph.D (MEDICAL BIO-TECHNOLOGY),PhD,Science,No specific eligibility requirements were provided.,"This program focuses on the integration of medical and biological sciences to develop new technologies. It involves advanced study in molecular biology, genetics, and biotechnological applications.",Regular,,"['Research skills', 'Biotechnology knowledge', 'Data analysis']","['Research scientist', 'Biotechnology consultant', 'Medical researcher']",PG,,,[],0.0888214255109543,0,0,0.0,
61,Ph.D (ZOOLOGY),PhD,Science,No specific eligibility requirements are provided.,"This program focuses on advanced research and scholarly investigation within the field of Zoology. It involves in-depth study of animal biology, behavior, and evolution.",Regular,,"['Research skills', 'Data analysis', 'Experimental design']","['Research scientist', 'Academic researcher', 'Zoologist']",PG,,,[],0.0867056499292578,0,0,0.0,
61,Ph.D (COMPUTER SCIENCE & APPLICATION),PhD,Science,No specific eligibility requirements were provided.,"This program focuses on advanced theoretical and applied research within the field of computer science. It involves in-depth study of algorithms, data structures, and computational theory. The curriculum emphasizes developing novel solutions and advancing knowledge in computing.",Regular,,"['Research skills', 'Problem-solving', 'Algorithm design', 'Computational theory']","['Research scientist', 'AI developer', 'Software architect', 'Data scientist']",PG,,,[],0.0838414992224828,0,0,0.0,
61,Ph.D (E.C.E)-UIET,PhD,Engineering,No specific eligibility requirements are provided.,"This program focuses on advanced research within the field of Electrical and Computer Engineering. It involves in-depth study of theoretical concepts, advanced problem-solving, and original research methodologies.",Regular,,"['Research skills', 'Problem solving', 'Theoretical analysis']","['Research scholar', 'Senior engineer', 'Academic researcher']",PG,,,[],0.0794066046601529,0,0,0.0,
61,Ph.D (STATISTICS),PhD,Science,No specific eligibility requirements were provided.,"This program focuses on advanced theoretical and applied statistical methods. It involves in-depth study of probability theory, statistical inference, and data modeling techniques. The curriculum emphasizes rigorous mathematical foundations and analytical problem-solving.",Regular,,"['Statistical modeling', 'Data analysis', 'Mathematical reasoning', 'Inferential statistics']","['Research scientist', 'Data analyst', 'Statistician', 'Machine learning specialist']",PG,,,[],0.0779001563326112,0,0,0.0,
61,Ph.D (Microbiology),PhD,Science,No specific eligibility requirements are stated.,"This program focuses on advanced research and theoretical study within the field of Microbiology. It involves in-depth investigation of microbial life, processes, and interactions. The curriculum emphasizes advanced scientific methodologies and critical analysis.",Regular,,"['Research skills', 'Microbial analysis', 'Experimental design']","['Research scientist', 'Microbiologist', 'Academic researcher']",PG,,,[],0.0776483460864808,0,0,0.0,
62,M.TECH (ARTIFICIAL INTELLIGENCE AND DATA SCIENCE),PG,Science,No specific eligibility requirements were provided.,"This program focuses on the theoretical foundations and practical applications of Artificial Intelligence and Data Science. It involves studying algorithms, statistical methods, and machine learning techniques to analyze complex data and develop intelligent systems.",Regular,2 year,"['Machine learning', 'Data analysis', 'Algorithm design', 'Statistical modeling']","['Data Scientist', 'AI Engineer', 'Machine Learning Specialist', 'Data Analyst']",UG,,,[],0.1407135126577888,1,0,0.0,
62,M.TECH. COMPUTER SCIENCE AND ENGINEERING (ARTIFICIAL INTELLIGENCE AND MACHINE LEARNING),PG,Engineering,No specific eligibility requirements were provided.,"This program focuses on the theoretical foundations and practical applications of Artificial Intelligence and Machine Learning within the field of Computer Science and Engineering. It covers advanced mathematical, computational, and algorithmic concepts necessary for developing intelligent systems. The curriculum emphasizes the design, implementation, and evaluation of complex ML models.",Regular,2 year,"['Machine learning', 'Algorithm design', 'Programming', 'Data analysis']","['AI Developer', 'Machine Learning Engineer', 'Data Scientist', 'Software Architect']",UG,,,[],0.1070054738768686,0,0,0.0,
62,Master of Commerce (M.Com.),PG,Commerce,Requires a Bachelor's degree in relevant subjects with a minimum of 45% aggregate marks.,"This program focuses on advanced study in commerce, encompassing financial accounting, taxation, economics, and business management principles. It develops analytical skills necessary for understanding complex business environments and economic systems.",Open and Distance Learning Mode,2 year,"['Financial accounting', 'Economic analysis', 'Business management', 'Data interpretation']","['Accountant', 'Financial analyst', 'Business administrator', 'Management consultant']",UG,45.0,,"['Commerce', 'subjects']",0.0909905936854149,0,0,23.5,
62,PG Diploma in Data Analytics,PG,Science,Requires a Bachelor's Degree with at least 50% marks in aggregate or equivalent examination recognized by M.D. University Rohtak.,"This program focuses on the principles and techniques of data analysis. It covers methods for collecting, processing, and interpreting large datasets to derive meaningful insights. The curriculum emphasizes statistical foundations and analytical tools relevant to data-driven decision-making.",Regular,1 year,"['Data analysis', 'Statistical methods', 'Data interpretation']","['Data analyst', 'Business intelligence specialist', 'Data visualization expert']",UG,50.0,,"['Data Analytics', 'Mathematics']",0.083034195067729,1,0,18.5,
62,PG Diploma in Computational Biology,PG,Science,"Requires a Bachelor's Degree in Biological Sciences, Computer Science, or allied biological sciences, or equivalent examination recognized by State Universities of Haryana.","This program focuses on the intersection of biology and computation. It involves studying the mathematical and computational methods applied to biological systems and data. The curriculum covers bioinformatics, computational modeling, and biological data analysis.",Regular,1 year,"['Data analysis', 'Computational modeling', 'Bioinformatics', 'Statistical methods']","['Bioinformatics analyst', 'Computational biologist', 'Biomedical data scientist', 'Research assistant']",UG,,,"['Biological Sciences', 'Computer Science', 'Biology', 'Science']",0.0781796857611356,1,0,0.0,
62,Master of Arts Public Administration,PG,Management,Requires a Bachelor's Degree in any discipline with at least 45% aggregate marks or equivalent examination recognition.,"This program focuses on the administrative principles, policies, and practices related to public administration. It covers the theoretical foundations and practical applications of governance and public service management.",Open and Distance Learning Mode,2 year,"['Policy analysis', 'Administrative theory', 'Public governance', 'Research skills']","['Public administrator', 'Policy analyst', 'Administrative officer', 'Public sector manager']",UG,45.0,45.0,[],0.0781644539360631,0,0,23.5,
62,Certificate Course in AI and ML in Pharmaceutical Sciences,PG,Science,Candidates must have passed the Senior Secondary Examination (10+2) with at least 50% marks.,"This program focuses on applying Artificial Intelligence and Machine Learning techniques within the context of pharmaceutical sciences. It covers the integration of computational methods to solve complex problems in drug discovery, development, and pharmaceutical research. The curriculum emphasizes the intersection of data science and pharmaceutical knowledge.",Regular,6 Months,"['AI application', 'ML modeling', 'Pharmaceutical data analysis', 'Computational methods']","['AI pharmaceutical analyst', 'ML drug discovery specialist', 'Pharmaceutical data scientist', 'Bioinformatics researcher']",UG,50.0,,[],0.0775932409548021,1,0,18.5,
63,M.TECH. COMPUTER SCIENCE AND ENGINEERING (ARTIFICIAL INTELLIGENCE AND MACHINE LEARNING),PG,Engineering,No specific eligibility requirements were provided.,"This program focuses on the theoretical foundations and practical applications of Artificial Intelligence and Machine Learning within the field of Computer Science and Engineering. It covers advanced mathematical, computational, and algorithmic concepts necessary for developing intelligent systems. The curriculum emphasizes the design, implementation, and evaluation of complex ML models.",Regular,2 year,"['Machine learning', 'Algorithm design', 'Programming', 'Data analysis']","['AI Developer', 'Machine Learning Engineer', 'Data Scientist', 'Software Architect']",UG,,,[],0.2179152631714228,0,0,0.0,
63,M.TECH (ARTIFICIAL INTELLIGENCE AND DATA SCIENCE),PG,Science,No specific eligibility requirements were provided.,"This program focuses on the theoretical foundations and practical applications of Artificial Intelligence and Data Science. It involves studying algorithms, statistical methods, and machine learning techniques to analyze complex data and develop intelligent systems.",Regular,2 year,"['Machine learning', 'Data analysis', 'Algorithm design', 'Statistical modeling']","['Data Scientist', 'AI Engineer', 'Machine Learning Specialist', 'Data Analyst']",UG,,,[],0.1933731499086202,0,0,0.0,
63,Certificate Course in AI and ML in Pharmaceutical Sciences,PG,Science,Candidates must have passed the Senior Secondary Examination (10+2) with at least 50% marks.,"This program focuses on applying Artificial Intelligence and Machine Learning techniques within the context of pharmaceutical sciences. It covers the integration of computational methods to solve complex problems in drug discovery, development, and pharmaceutical research. The curriculum emphasizes the intersection of data science and pharmaceutical knowledge.",Regular,6 Months,"['AI application', 'ML modeling', 'Pharmaceutical data analysis', 'Computational methods']","['AI pharmaceutical analyst', 'ML drug discovery specialist', 'Pharmaceutical data scientist', 'Bioinformatics researcher']",UG,50.0,,[],0.0982910831729642,0,0,18.40000000000001,
63,M.TECH (MECHANICAL ENGG. - MACHINE DESIGN),PG,Engineering,No specific eligibility requirements are stated.,"This program focuses on the principles and applications of machine design within the field of mechanical engineering. It involves studying the design, analysis, and optimization of mechanical systems and components.",Regular,2 year,"['Machine design', 'System analysis', 'Mechanical principles']","['Machine designer', 'Design engineer', 'Mechanical analyst']",UG,,,[],0.0828306459612494,0,0,0.0,
63,M.TECH (COMPUTER ENGINEERING),PG,Engineering,No specific eligibility requirements were provided.,"This program focuses on advanced study in the principles and applications of computer engineering. It involves in-depth exploration of complex systems, algorithms, and hardware design.",Regular,2 year,"['Algorithm design', 'System architecture', 'Programming proficiency', 'Hardware design']","['Software developer', 'Systems architect', 'Machine learning engineer', 'Embedded systems designer']",UG,,,[],0.0735619681473283,0,0,0.0,
63,Certificate Course in Phiolosphy of Dayanand,PG,Humanities,Candidates must have passed the Senior Secondary Examination (10+2) with at least 50% marks.,This program focuses on the study of the philosophy of Dayanand. It involves exploring fundamental philosophical concepts and theories within the specified discipline. The course aims to develop critical thinking and understanding of philosophical thought.,Regular,6 Months,"['Philosophical reasoning', 'Critical thinking', 'Textual analysis']","['Philosophical studies', 'Academic research', 'Content development']",UG,50.0,,[],0.0685185911754561,1,0,18.40000000000001,
63,M.TECH (MACHINE DESIGN),PG,Engineering,No specific eligibility requirements were provided.,"This program focuses on the theoretical and practical aspects of machine design. It involves the study of principles related to the design, analysis, and optimization of mechanical systems and components.",Regular,2 year,"['Design principles', 'System analysis', 'Mechanical modeling', 'Optimization techniques']","['Design engineer', 'Mechanical designer', 'R&D specialist', 'Product development lead']",UG,,,[],0.0642444172736463,0,0,0.0,
64,Ph.D (LAW),PhD,Humanities,No specific eligibility requirements were provided.,"This program focuses on advanced theoretical and empirical research within the field of Law. It involves in-depth study of legal principles, systems, and jurisprudence.",Regular,,"['Legal research', 'Critical analysis', 'Legal reasoning']","['Legal scholar', 'Law professor', 'Legal consultant']",PG,,,[],0.1285569615533649,0,0,0.0,
64,Ph.D (Public Administration),PhD,Management,No specific eligibility requirements were provided.,"This program focuses on the theoretical and empirical study of public administration. It involves in-depth research into the policies, organizations, and processes of governance.",Regular,,"['Research skills', 'Policy analysis', 'Critical thinking']","['Public sector management', 'Policy analyst', 'Government administrator']",PG,,,[],0.0904467724135097,0,0,0.0,
64,Ph.D (COMMERCE),PhD,Commerce,No specific eligibility requirements were provided.,"This program focuses on advanced research and scholarly inquiry within the field of Commerce. It involves in-depth study of economic theories, business practices, and financial systems. The curriculum emphasizes critical thinking and original research methodologies.",Regular,,"['Research skills', 'Critical thinking', 'Analytical skills']","['Academic researcher', 'Business consultant', 'Financial analyst']",PG,,,[],0.0878041419797854,0,0,0.0,
64,Ph.D (STATISTICS),PhD,Science,No specific eligibility requirements were provided.,"This program focuses on advanced theoretical and applied statistical methods. It involves in-depth study of probability theory, statistical inference, and data modeling techniques. The curriculum emphasizes rigorous mathematical foundations and analytical problem-solving.",Regular,,"['Statistical modeling', 'Data analysis', 'Mathematical reasoning', 'Inferential statistics']","['Research scientist', 'Data analyst', 'Statistician', 'Machine learning specialist']",PG,,,[],0.0815485664926018,0,0,0.0,
64,Ph.D (JOURNALISM & MASS COMMUNICATION),PhD,Humanities,Specific eligibility requirements are not provided.,"This program focuses on advanced research and critical analysis within the fields of journalism and mass communication. It involves in-depth study of communication theories, media practices, and societal impact. The curriculum emphasizes theoretical understanding and original scholarly contribution.",Regular,,"['Research skills', 'Critical analysis', 'Media theory', 'Communication strategy']","['Academic researcher', 'Media analyst', 'Communications specialist', 'Journalist']",PG,,,[],0.0745391292825145,0,0,0.0,
64,Ph.D (MEDICAL BIO-TECHNOLOGY),PhD,Science,No specific eligibility requirements were provided.,"This program focuses on the integration of medical and biological sciences to develop new technologies. It involves advanced study in molecular biology, genetics, and biotechnological applications.",Regular,,"['Research skills', 'Biotechnology knowledge', 'Data analysis']","['Research scientist', 'Biotechnology consultant', 'Medical researcher']",PG,,,[],0.0735026727981252,0,0,0.0,
64,Ph.D (E.C.E)-UIET,PhD,Engineering,No specific eligibility requirements are provided.,"This program focuses on advanced research within the field of Electrical and Computer Engineering. It involves in-depth study of theoretical concepts, advanced problem-solving, and original research methodologies.",Regular,,"['Research skills', 'Problem solving', 'Theoretical analysis']","['Research scholar', 'Senior engineer', 'Academic researcher']",PG,,,[],0.0722890093644488,0,0,0.0,
65,Master of Arts Political Science,PG,Humanities,"Requires a Bachelor's Degree in any discipline with at least 45% aggregate marks or equivalent examination recognized by M.D. University, Rohtak.","This program focuses on the theoretical and analytical study of political systems, governance, and public policy. It involves in-depth exploration of political theory, international relations, and comparative politics.",Open and Distance Learning Mode,2 year,"['Political analysis', 'Theoretical understanding', 'Research skills']","['Policy analyst', 'Political researcher', 'Public administration officer']",UG,45.0,,"['Political Science', 'any', 'course']",0.1422979740251437,1,0,22.299999999999997,
65,M.TECH (ARTIFICIAL INTELLIGENCE AND DATA SCIENCE),PG,Science,No specific eligibility requirements were provided.,"This program focuses on the theoretical foundations and practical applications of Artificial Intelligence and Data Science. It involves studying algorithms, statistical methods, and machine learning techniques to analyze complex data and develop intelligent systems.",Regular,2 year,"['Machine learning', 'Data analysis', 'Algorithm design', 'Statistical modeling']","['Data Scientist', 'AI Engineer', 'Machine Learning Specialist', 'Data Analyst']",UG,,,[],0.1080281201781752,0,0,0.0,
65,M.TECH. COMPUTER SCIENCE AND ENGINEERING (ARTIFICIAL INTELLIGENCE AND MACHINE LEARNING),PG,Engineering,No specific eligibility requirements were provided.,"This program focuses on the theoretical foundations and practical applications of Artificial Intelligence and Machine Learning within the field of Computer Science and Engineering. It covers advanced mathematical, computational, and algorithmic concepts necessary for developing intelligent systems. The curriculum emphasizes the design, implementation, and evaluation of complex ML models.",Regular,2 year,"['Machine learning', 'Algorithm design', 'Programming', 'Data analysis']","['AI Developer', 'Machine Learning Engineer', 'Data Scientist', 'Software Architect']",UG,,,[],0.105904618099138,0,0,0.0,
65,Master of Arts Public Administration,PG,Management,Requires a Bachelor's Degree in any discipline with at least 45% aggregate marks or equivalent examination recognition.,"This program focuses on the administrative principles, policies, and practices related to public administration. It covers the theoretical foundations and practical applications of governance and public service management.",Open and Distance Learning Mode,2 year,"['Policy analysis', 'Administrative theory', 'Public governance', 'Research skills']","['Public administrator', 'Policy analyst', 'Administrative officer', 'Public sector manager']",UG,45.0,45.0,[],0.0869331448716635,0,0,22.299999999999997,
65,Master of Commerce (M.Com.),PG,Commerce,Requires a Bachelor's degree in relevant subjects with a minimum of 45% aggregate marks.,"This program focuses on advanced study in commerce, encompassing financial accounting, taxation, economics, and business management principles. It develops analytical skills necessary for understanding complex business environments and economic systems.",Open and Distance Learning Mode,2 year,"['Financial accounting', 'Economic analysis', 'Business management', 'Data interpretation']","['Accountant', 'Financial analyst', 'Business administrator', 'Management consultant']",UG,45.0,,"['Commerce', 'subjects']",0.0717517829647193,0,0,22.299999999999997,
65,Master of Arts Economics,PG,Commerce,"Requires a Bachelor's Degree in any discipline with at least 45% aggregate marks or equivalent examination recognized by M.D. University, Rohtak.","This program focuses on the theoretical and applied aspects of economic principles. It involves in-depth study of economic theories, policies, and analytical methods.",Open and Distance Learning Mode,2 year,"['Economic theory', 'Data analysis', 'Policy evaluation', 'Analytical thinking']","['Economic analyst', 'Policy researcher', 'Financial consultant', 'Economist']",UG,45.0,,[],0.0665491556570051,0,0,22.299999999999997,
65,Master of Arts Journalism & Mass Communication,PG,Humanities,Requires a Bachelor's Degree in any discipline with at least 45% aggregate marks.,This program focuses on the study of journalism and mass communication principles. It covers the theoretical foundations and practical applications of media and communication practices. The curriculum aims to develop critical understanding of communication processes and media functions.,Open and Distance Learning Mode,2 year,"['Media analysis', 'Communication theory', 'Content creation', 'Research skills']","['Journalist', 'Media producer', 'Communication specialist', 'Content writer']",UG,45.0,,[],0.0650647617444918,1,0,22.299999999999997,
66,M.Sc. (ENV. BIOTECHNOLOGY),PG,Science,Requires a Bachelor's degree in any discipline of Science or a B.Tech. in Biotechnology/Environment Engineering with 50% aggregate marks.,This program focuses on the intersection of environmental science and biotechnology. It involves studying the biological and chemical processes related to environmental systems and applying biotechnological principles to solve environmental challenges.,Regular,2 year,"['Environmental analysis', 'Biotechnology principles', 'Scientific research', 'Data interpretation']","['Environmental consultant', 'Bioprocess development', 'Research analyst', 'Environmental scientist']",UG,50.0,,"['Biotechnology', 'Environment Engineering', 'Science']",0.129922699388419,0,0,2.6000000000000014,
66,M.Sc. (ENVIRONMENTAL SCIENCES),PG,Science,Requires a Bachelor's degree in any discipline of Science or a B.Tech. in Biotechnology/Environment Engineering with 50% aggregate marks.,"This program focuses on the study of environmental systems, processes, and the management of environmental issues. It involves in-depth exploration of ecological principles, pollution control, and sustainable resource management. The curriculum develops analytical and problem-solving skills related to environmental challenges.",Regular,2 year,"['Environmental analysis', 'Systems thinking', 'Pollution control', 'Resource management']","['Environmental consultant', 'Pollution control officer', 'Environmental analyst', 'Sustainability manager']",UG,50.0,,"['Science', 'Biotechnology', 'Environment Engineering', 'Environment Sciences']",0.1128413638649153,0,0,2.6000000000000014,
66,M.SC.(BOTANY),PG,Science,Requires a Bachelor's degree in Botany or equivalent with specified subject combinations and minimum marks.,"This program focuses on advanced study in the field of Botany, encompassing theoretical knowledge and practical applications in plant sciences. It involves in-depth exploration of plant biology, ecology, and related biological processes.",Regular,2 year,"['Biological analysis', 'Plant physiology', 'Ecology principles', 'Biological research']","['Botanical researcher', 'Horticultural specialist', 'Environmental consultant', 'Agricultural scientist']",UG,,,"['Botany', 'Science']",0.1007475315129123,0,0,0.0,
66,M.TECH. COMPUTER SCIENCE AND ENGINEERING (ARTIFICIAL INTELLIGENCE AND MACHINE LEARNING),PG,Engineering,No specific eligibility requirements were provided.,"This program focuses on the theoretical foundations and practical applications of Artificial Intelligence and Machine Learning within the field of Computer Science and Engineering. It covers advanced mathematical, computational, and algorithmic concepts necessary for developing intelligent systems. The curriculum emphasizes the design, implementation, and evaluation of complex ML models.",Regular,2 year,"['Machine learning', 'Algorithm design', 'Programming', 'Data analysis']","['AI Developer', 'Machine Learning Engineer', 'Data Scientist', 'Software Architect']",UG,,,[],0.0953541633693768,0,0,0.0,
66,Master of Arts Public Administration,PG,Management,Requires a Bachelor's Degree in any discipline with at least 45% aggregate marks or equivalent examination recognition.,"This program focuses on the administrative principles, policies, and practices related to public administration. It covers the theoretical foundations and practical applications of governance and public service management.",Open and Distance Learning Mode,2 year,"['Policy analysis', 'Administrative theory', 'Public governance', 'Research skills']","['Public administrator', 'Policy analyst', 'Administrative officer', 'Public sector manager']",UG,45.0,45.0,[],0.0917412899675837,0,0,7.600000000000001,
66,Master of Arts Political Science,PG,Humanities,"Requires a Bachelor's Degree in any discipline with at least 45% aggregate marks or equivalent examination recognized by M.D. University, Rohtak.","This program focuses on the theoretical and analytical study of political systems, governance, and public policy. It involves in-depth exploration of political theory, international relations, and comparative politics.",Open and Distance Learning Mode,2 year,"['Political analysis', 'Theoretical understanding', 'Research skills']","['Policy analyst', 'Political researcher', 'Public administration officer']",UG,45.0,,"['Political Science', 'any', 'course']",0.0891109785006045,0,0,7.600000000000001,
66,M.TECH (ARTIFICIAL INTELLIGENCE AND DATA SCIENCE),PG,Science,No specific eligibility requirements were provided.,"This program focuses on the theoretical foundations and practical applications of Artificial Intelligence and Data Science. It involves studying algorithms, statistical methods, and machine learning techniques to analyze complex data and develop intelligent systems.",Regular,2 year,"['Machine learning', 'Data analysis', 'Algorithm design', 'Statistical modeling']","['Data Scientist', 'AI Engineer', 'Machine Learning Specialist', 'Data Analyst']",UG,,,[],0.0856706400505059,0,0,0.0,
67,M.TECH (ARTIFICIAL INTELLIGENCE AND DATA SCIENCE),PG,Science,No specific eligibility requirements were provided.,"This program focuses on the theoretical foundations and practical applications of Artificial Intelligence and Data Science. It involves studying algorithms, statistical methods, and machine learning techniques to analyze complex data and develop intelligent systems.",Regular,2 year,"['Machine learning', 'Data analysis', 'Algorithm design', 'Statistical modeling']","['Data Scientist', 'AI Engineer', 'Machine Learning Specialist', 'Data Analyst']",UG,,,[],0.173615457822635,0,0,0.0,
67,M.TECH. COMPUTER SCIENCE AND ENGINEERING (ARTIFICIAL INTELLIGENCE AND MACHINE LEARNING),PG,Engineering,No specific eligibility requirements were provided.,"This program focuses on the theoretical foundations and practical applications of Artificial Intelligence and Machine Learning within the field of Computer Science and Engineering. It covers advanced mathematical, computational, and algorithmic concepts necessary for developing intelligent systems. The curriculum emphasizes the design, implementation, and evaluation of complex ML models.",Regular,2 year,"['Machine learning', 'Algorithm design', 'Programming', 'Data analysis']","['AI Developer', 'Machine Learning Engineer', 'Data Scientist', 'Software Architect']",UG,,,[],0.1433939959214322,0,0,0.0,
67,PG Diploma in Data Analytics,PG,Science,Requires a Bachelor's Degree with at least 50% marks in aggregate or equivalent examination recognized by M.D. University Rohtak.,"This program focuses on the principles and techniques of data analysis. It covers methods for collecting, processing, and interpreting large datasets to derive meaningful insights. The curriculum emphasizes statistical foundations and analytical tools relevant to data-driven decision-making.",Regular,1 year,"['Data analysis', 'Statistical methods', 'Data interpretation']","['Data analyst', 'Business intelligence specialist', 'Data visualization expert']",UG,50.0,,"['Data Analytics', 'Mathematics']",0.1034674207860596,0,0,28.700000000000003,
67,PG Diploma in Computational Biology,PG,Science,"Requires a Bachelor's Degree in Biological Sciences, Computer Science, or allied biological sciences, or equivalent examination recognized by State Universities of Haryana.","This program focuses on the intersection of biology and computation. It involves studying the mathematical and computational methods applied to biological systems and data. The curriculum covers bioinformatics, computational modeling, and biological data analysis.",Regular,1 year,"['Data analysis', 'Computational modeling', 'Bioinformatics', 'Statistical methods']","['Bioinformatics analyst', 'Computational biologist', 'Biomedical data scientist', 'Research assistant']",UG,,,"['Biological Sciences', 'Computer Science', 'Biology', 'Science']",0.0852679765939755,0,0,0.0,
67,Certificate Course in AI and ML in Pharmaceutical Sciences,PG,Science,Candidates must have passed the Senior Secondary Examination (10+2) with at least 50% marks.,"This program focuses on applying Artificial Intelligence and Machine Learning techniques within the context of pharmaceutical sciences. It covers the integration of computational methods to solve complex problems in drug discovery, development, and pharmaceutical research. The curriculum emphasizes the intersection of data science and pharmaceutical knowledge.",Regular,6 Months,"['AI application', 'ML modeling', 'Pharmaceutical data analysis', 'Computational methods']","['AI pharmaceutical analyst', 'ML drug discovery specialist', 'Pharmaceutical data scientist', 'Bioinformatics researcher']",UG,50.0,,[],0.0794155563228519,0,0,28.700000000000003,
67,M.Sc. (BIOINFORMATICS),PG,Science,Bachelor's degree in Biological Sciences or related fields is required.,"This program focuses on the intersection of biology and information technology. It involves studying computational methods and data analysis applied to biological systems. The curriculum covers bioinformatics principles, algorithms, and data interpretation in life sciences.",Regular,2 year,"['Data analysis', 'Bioinformatics tools', 'Computational modeling', 'Biological data interpretation']","['Bioinformatics analyst', 'Computational biologist', 'Biomedical informatics specialist', 'Data scientist in life sciences']",UG,,,"['Biological Sciences', 'BIOINFORMATICS', 'Science']",0.0782863713386992,0,0,0.0,
67,Certificate Course in Research Methods in Social Sciences,PG,Humanities,Requires a Bachelor's Degree in any discipline with at least 45% aggregate marks.,"This course focuses on the methodologies and techniques essential for conducting research within the social sciences. It provides students with the foundational knowledge necessary to design, execute, and analyze social science research projects effectively.",Regular,6 Months,"['Research methodology', 'Data collection', 'Statistical analysis', 'Research design']","['Social science researcher', 'Research assistant', 'Data analyst', 'Research practitioner']",UG,45.0,,[],0.0709647319366154,0,0,33.7,
68,B.Tech (CSE- Data Science),UG,Science,No specific eligibility requirements were provided.,"This program focuses on the intersection of Computer Science and Data Science principles. It involves training in computational methods, statistical analysis, and the application of algorithms to large datasets. The curriculum covers theoretical foundations and practical applications in data-driven problem-solving.",Regular,4 year,"['Programming skills', 'Statistical analysis', 'Algorithm design', 'Data manipulation']","['Data Scientist', 'Machine Learning Engineer', 'Software Developer', 'Data Analyst']",PreUG,,,[],0.1096951063054791,1,0,0.0,
68,Bachelor of Arts,UG,Humanities,Must have passed a relevant examination with at least 33% aggregate marks for admission.,"This program focuses on the study of humanities disciplines. It involves exploring various aspects of human culture, society, and thought. The curriculum aims to develop critical thinking and broad knowledge.",Open and Distance Learning Mode,3 year,"['Critical thinking', 'Communication skills', 'Research skills']","['Academic researcher', 'Content writer', 'Administrative assistant', 'Public relations specialist']",PreUG,33.0,,[],0.0910912604540785,0,0,30.799999999999997,
68,Bachelor of Science (Statistics),UG,Science,Requires Senior Secondary Examination (10+2) with Mathematics as a subject and at least 50% aggregate marks.,This program focuses on the principles and methods of statistical theory and application. It involves studying mathematical foundations necessary for data analysis and inference. The curriculum covers the theoretical and practical aspects of statistical modeling and data interpretation.,Regular,4 year,"['Mathematical reasoning', 'Data interpretation', 'Statistical modeling', 'Quantitative analysis']","['Data analyst', 'Statistician', 'Research assistant', 'Data scientist']",PreUG,50.0,,"['Mathematics', 'Statistics', 'Science']",0.0904560652303504,1,0,13.799999999999995,
68,Bachelor of Science (Maths),UG,Science,Candidates must have passed the Senior Secondary Examination (10+2) with Mathematics as a subject and at least 50% marks.,"This program focuses on the study of mathematical principles, theoretical foundations, and quantitative methods. It develops analytical skills necessary for understanding complex mathematical concepts and problem-solving in various fields.",Regular,4 year,"['Mathematical reasoning', 'Quantitative analysis', 'Problem-solving', 'Abstract thinking']","['Mathematics teacher', 'Data analyst', 'Actuarial science', 'Research assistant']",PreUG,50.0,,"['Mathematics', 'Science']",0.0884346592548094,1,0,13.799999999999995,
68,Certificate Course in Leadership and Management Skills,UG,Management,Candidates must have passed the Senior Secondary Examination (10+2) with at least 50% marks.,This program focuses on developing essential leadership and management competencies. It covers the foundational principles required for effective organizational leadership and administrative skills.,Regular,6 Months,"['Leadership skills', 'Management principles', 'Organizational skills']","['Team leader', 'Supervisor', 'Administrative assistant']",PreUG,50.0,,[],0.0872232386276661,0,0,13.799999999999995,
68,Bachelor of Science (Life Sciences),UG,Science,Requires Senior Secondary Examination (10+2) with at least 50% aggregate marks.,"This program focuses on the study of biological systems, living organisms, and the fundamental principles governing life sciences. It involves in-depth exploration of various biological disciplines to develop analytical and critical thinking skills.",Regular,4 year,"['Biological analysis', 'Scientific inquiry', 'Data interpretation']","['Research assistant', 'Laboratory technician', 'Biotechnology analyst']",PreUG,50.0,,"['Life Sciences', 'Science']",0.0834678302557618,1,0,13.799999999999995,
68,B.TECH -ARTIFICIAL INTELLIGENCE & DATA SCIENCE,UG,Science,No specific eligibility requirements were provided.,"This program focuses on the theoretical foundations and practical applications of Artificial Intelligence and Data Science. It covers the mathematical, statistical, and computational methods required to analyze complex data and develop intelligent systems. The curriculum emphasizes machine learning, algorithms, and data-driven decision making.",Regular,4 year,"['Data analysis', 'Machine learning', 'Programming skills', 'Statistical modeling']","['Data Scientist', 'AI Engineer', 'Machine Learning Specialist', 'Data Analyst']",PreUG,,,[],0.0831515624136375,1,0,0.0,
69,B.TECH -ARTIFICIAL INTELLIGENCE & DATA SCIENCE,UG,Science,No specific eligibility requirements were provided.,"This program focuses on the theoretical foundations and practical applications of Artificial Intelligence and Data Science. It covers the mathematical, statistical, and computational methods required to analyze complex data and develop intelligent systems. The curriculum emphasizes machine learning, algorithms, and data-driven decision making.",Regular,4 year,"['Data analysis', 'Machine learning', 'Programming skills', 'Statistical modeling']","['Data Scientist', 'AI Engineer', 'Machine Learning Specialist', 'Data Analyst']",PreUG,,,[],0.1995793515920052,0,0,0.0,
69,B.TECH (ARTIFICIAL INTELLIGENCE AND MACHINE LEARNING),UG,Engineering,No specific eligibility requirements are stated.,"This program focuses on the theoretical foundations and practical applications of Artificial Intelligence and Machine Learning. It covers algorithms, data structures, and computational methods essential for developing intelligent systems. The curriculum emphasizes problem-solving and model development in the field of computer science.",Regular,4 year,"['Algorithm design', 'Data analysis', 'Programming proficiency', 'Model development']","['Machine Learning Engineer', 'AI Developer', 'Data Scientist', 'Software Developer']",PreUG,,,[],0.189341724697519,0,0,0.0,
69,B.TECH (CSE-ARTIFI. INTELLIGEN. & MACHINE LEARNING ENGINEERING),UG,Engineering,No specific eligibility requirements are stated.,"This program focuses on the principles of computer science, artificial intelligence, and machine learning. It involves studying algorithms, data structures, and the application of computational methods to solve complex problems. The curriculum emphasizes theoretical foundations and practical implementation in these advanced fields.",Regular,4 year,"['Programming skills', 'Algorithm design', 'Machine learning', 'Data analysis', 'Software development']","['Machine learning engineer', 'AI developer', 'Software architect', 'Data scientist', 'Algorithm designer']",PreUG,,,[],0.1793125953571844,0,0,0.0,
69,B.TECH. (ARTIFICIAL INTELLIGENCE),UG,Engineering,No specific eligibility requirements were provided.,"This program focuses on the theoretical foundations and practical applications of Artificial Intelligence. It covers algorithms, data structures, and computational methods essential for developing intelligent systems. The curriculum emphasizes problem-solving and the development of intelligent software solutions.",Regular,4 year,"['Algorithm design', 'Programming proficiency', 'Data structures', 'Machine learning', 'Computational thinking']","['AI Developer', 'Machine Learning Engineer', 'Data Scientist', 'Software Developer', 'AI Researcher']",PreUG,,,[],0.1704160925416586,0,0,0.0,
69,B.TECH - ROBOTICS & ARTIFICIAL INTELLIGENCE,UG,Engineering,No specific eligibility requirements were provided.,"This program focuses on the principles and applications of robotics and artificial intelligence. It involves studying the mathematical, computational, and engineering foundations required to design and develop intelligent systems.",Regular,4 year,"['Programming skills', 'Algorithm design', 'System modeling', 'Machine learning', 'Robotics operation']","['AI Developer', 'Robotics Engineer', 'Machine Learning Specialist', 'Software Developer']",PreUG,,,[],0.1479183771740803,0,0,0.0,
69,Certificate Course in Leadership and Management Skills,UG,Management,Candidates must have passed the Senior Secondary Examination (10+2) with at least 50% marks.,This program focuses on developing essential leadership and management competencies. It covers the foundational principles required for effective organizational leadership and administrative skills.,Regular,6 Months,"['Leadership skills', 'Management principles', 'Organizational skills']","['Team leader', 'Supervisor', 'Administrative assistant']",PreUG,50.0,,[],0.1185949308915757,0,0,4.899999999999999,
69,B.Tech (CSE- Data Science),UG,Science,No specific eligibility requirements were provided.,"This program focuses on the intersection of Computer Science and Data Science principles. It involves training in computational methods, statistical analysis, and the application of algorithms to large datasets. The curriculum covers theoretical foundations and practical applications in data-driven problem-solving.",Regular,4 year,"['Programming skills', 'Statistical analysis', 'Algorithm design', 'Data manipulation']","['Data Scientist', 'Machine Learning Engineer', 'Software Developer', 'Data Analyst']",PreUG,,,[],0.1143644848656014,0,0,0.0,
70,Ph.D (Electrical Engg.)--UIET,PhD,Engineering,No specific eligibility requirements are provided.,This program focuses on advanced research and theoretical study within the field of Electrical Engineering. It involves in-depth investigation into complex electrical systems and theoretical principles.,Regular,,"['Research skills', 'Theoretical analysis', 'Problem-solving']","['Research scientist', 'Senior engineer', 'Academic researcher']",PG,,,[],0.1299487445912061,1,0,0.0,
70,Ph.D (STATISTICS),PhD,Science,No specific eligibility requirements were provided.,"This program focuses on advanced theoretical and applied statistical methods. It involves in-depth study of probability theory, statistical inference, and data modeling techniques. The curriculum emphasizes rigorous mathematical foundations and analytical problem-solving.",Regular,,"['Statistical modeling', 'Data analysis', 'Mathematical reasoning', 'Inferential statistics']","['Research scientist', 'Data analyst', 'Statistician', 'Machine learning specialist']",PG,,,[],0.08730168811253,0,0,0.0,
70,Ph.D (E.C.E)-UIET,PhD,Engineering,No specific eligibility requirements are provided.,"This program focuses on advanced research within the field of Electrical and Computer Engineering. It involves in-depth study of theoretical concepts, advanced problem-solving, and original research methodologies.",Regular,,"['Research skills', 'Problem solving', 'Theoretical analysis']","['Research scholar', 'Senior engineer', 'Academic researcher']",PG,,,[],0.0872226208936678,1,0,0.0,
70,Ph.D (C.S.E)-UIET,PhD,Engineering,No specific eligibility requirements are provided.,"This program focuses on advanced research and scholarly investigation within the field of Computer Science and Engineering. It involves in-depth study of theoretical concepts, advanced algorithms, and novel problem-solving techniques.",Regular,,"['Research skills', 'Algorithm design', 'Problem solving', 'Theoretical analysis']","['Research scholar', 'Senior engineer', 'Academic researcher', 'Consultant']",PG,,,[],0.0845497367561712,1,0,0.0,
70,Ph.D (COMPUTER SCIENCE & APPLICATION),PhD,Science,No specific eligibility requirements were provided.,"This program focuses on advanced theoretical and applied research within the field of computer science. It involves in-depth study of algorithms, data structures, and computational theory. The curriculum emphasizes developing novel solutions and advancing knowledge in computing.",Regular,,"['Research skills', 'Problem-solving', 'Algorithm design', 'Computational theory']","['Research scientist', 'AI developer', 'Software architect', 'Data scientist']",PG,,,[],0.0802862740290028,0,0,0.0,
70,Ph.D (MECHANICAL ENGG.)-UIET,PhD,Engineering,No specific eligibility requirements are provided.,"This program focuses on advanced theoretical knowledge, research methodologies, and specialized problem-solving within the field of mechanical engineering. It involves in-depth study of complex systems, material science, and design principles.",Regular,,"['Research skills', 'Problem solving', 'Theoretical analysis']","['Research scientist', 'Senior engineer', 'Academic researcher']",PG,,,[],0.0786594531149214,1,0,0.0,
70,Ph.D (CIVIL)-UIET,PhD,Engineering,No specific eligibility requirements are provided.,"This program focuses on advanced research and theoretical study within the field of Civil Engineering. It involves in-depth investigation into complex structural, material, and infrastructure problems.",Regular,,"['Research skills', 'Theoretical analysis', 'Problem-solving']","['Research scholar', 'Senior engineer', 'Academic researcher']",PG,,,[],0.0753295667425231,1,0,0.0,
71,M.TECH. COMPUTER SCIENCE AND ENGINEERING (ARTIFICIAL INTELLIGENCE AND MACHINE LEARNING),PG,Engineering,No specific eligibility requirements were provided.,"This program focuses on the theoretical foundations and practical applications of Artificial Intelligence and Machine Learning within the field of Computer Science and Engineering. It covers advanced mathematical, computational, and algorithmic concepts necessary for developing intelligent systems. The curriculum emphasizes the design, implementation, and evaluation of complex ML models.",Regular,2 year,"['Machine learning', 'Algorithm design', 'Programming', 'Data analysis']","['AI Developer', 'Machine Learning Engineer', 'Data Scientist', 'Software Architect']",UG,,,[],0.12969994570917,0,0,0.0,
71,M.TECH (ARTIFICIAL INTELLIGENCE AND DATA SCIENCE),PG,Science,No specific eligibility requirements were provided.,"This program focuses on the theoretical foundations and practical applications of Artificial Intelligence and Data Science. It involves studying algorithms, statistical methods, and machine learning techniques to analyze complex data and develop intelligent systems.",Regular,2 year,"['Machine learning', 'Data analysis', 'Algorithm design', 'Statistical modeling']","['Data Scientist', 'AI Engineer', 'Machine Learning Specialist', 'Data Analyst']",UG,,,[],0.1244659904611359,0,0,0.0,
71,Master of Arts Political Science,PG,Humanities,"Requires a Bachelor's Degree in any discipline with at least 45% aggregate marks or equivalent examination recognized by M.D. University, Rohtak.","This program focuses on the theoretical and analytical study of political systems, governance, and public policy. It involves in-depth exploration of political theory, international relations, and comparative politics.",Open and Distance Learning Mode,2 year,"['Political analysis', 'Theoretical understanding', 'Research skills']","['Policy analyst', 'Political researcher', 'Public administration officer']",UG,45.0,,"['Political Science', 'any', 'course']",0.1242638053215837,1,0,16.299999999999997,
71,Master of Arts Public Administration,PG,Management,Requires a Bachelor's Degree in any discipline with at least 45% aggregate marks or equivalent examination recognition.,"This program focuses on the administrative principles, policies, and practices related to public administration. It covers the theoretical foundations and practical applications of governance and public service management.",Open and Distance Learning Mode,2 year,"['Policy analysis', 'Administrative theory', 'Public governance', 'Research skills']","['Public administrator', 'Policy analyst', 'Administrative officer', 'Public sector manager']",UG,45.0,45.0,[],0.0866685877543658,0,0,16.299999999999997,
71,Master of Arts Journalism & Mass Communication,PG,Humanities,Requires a Bachelor's Degree in any discipline with at least 45% aggregate marks.,This program focuses on the study of journalism and mass communication principles. It covers the theoretical foundations and practical applications of media and communication practices. The curriculum aims to develop critical understanding of communication processes and media functions.,Open and Distance Learning Mode,2 year,"['Media analysis', 'Communication theory', 'Content creation', 'Research skills']","['Journalist', 'Media producer', 'Communication specialist', 'Content writer']",UG,45.0,,[],0.0735074185977725,1,0,16.299999999999997,
71,M.TECH (MECHANICAL ENGG. - MACHINE DESIGN),PG,Engineering,No specific eligibility requirements are stated.,"This program focuses on the principles and applications of machine design within the field of mechanical engineering. It involves studying the design, analysis, and optimization of mechanical systems and components.",Regular,2 year,"['Machine design', 'System analysis', 'Mechanical principles']","['Machine designer', 'Design engineer', 'Mechanical analyst']",UG,,,[],0.0699824596154326,0,0,0.0,
71,Master of Arts History,PG,Humanities,Requires a Bachelor's Degree in any discipline with at least 45% aggregate marks or an equivalent recognized examination.,"This program focuses on the study of historical subjects, critical analysis of past events, and the interpretation of historical sources. It involves developing advanced knowledge in historical methodologies and contextual understanding.",Open and Distance Learning Mode,2 year,"['Historical analysis', 'Source interpretation', 'Critical thinking', 'Research skills']","['Historian', 'Archivist', 'Academic researcher', 'Curator']",UG,45.0,45.0,[],0.061961399262153,1,0,16.299999999999997,
72,Bachelor of Arts (Public Administration),UG,Management,Requires Senior Secondary Examination (10+2) with at least 45% aggregate marks.,"This program focuses on the study of public administration, encompassing the principles, policies, and practices of governance. It involves analyzing the structure, function, and operation of public sector organizations and administrative systems. The curriculum develops critical thinking skills related to public policy and administration.",Regular,4 year,"['Policy analysis', 'Administrative principles', 'Public sector management', 'Critical thinking']","['Public administrator', 'Government official', 'Policy analyst', 'Administrative officer']",PreUG,45.0,45.0,[],0.1225277687720875,0,0,7.100000000000001,
72,Bachelor of Fine Arts (Painting),UG,Humanities,Requires Senior Secondary Examination (10+2) with at least 50% aggregate marks.,"This program focuses on the artistic principles, techniques, and history of visual arts, with a specific emphasis on painting. Students develop critical thinking and creative expression through various artistic disciplines.",Regular,4 year,"['Artistic expression', 'Visual analysis', 'Creative design']","['Fine artist', 'Art educator', 'Visual communicator']",PreUG,50.0,,[],0.1139686222110428,0,0,2.1000000000000014,
72,B.TECH -ARTIFICIAL INTELLIGENCE & DATA SCIENCE,UG,Science,No specific eligibility requirements were provided.,"This program focuses on the theoretical foundations and practical applications of Artificial Intelligence and Data Science. It covers the mathematical, statistical, and computational methods required to analyze complex data and develop intelligent systems. The curriculum emphasizes machine learning, algorithms, and data-driven decision making.",Regular,4 year,"['Data analysis', 'Machine learning', 'Programming skills', 'Statistical modeling']","['Data Scientist', 'AI Engineer', 'Machine Learning Specialist', 'Data Analyst']",PreUG,,,[],0.0906202789595609,0,0,0.0,
72,Bachelor of Arts (Economics),UG,Commerce,Requires Senior Secondary Examination (10+2) with at least 45% aggregate marks.,"This program focuses on the study of economic principles, theories, and methods. It involves analyzing economic systems, markets, and policy implications across various sectors. The curriculum develops critical thinking and analytical skills related to economic phenomena.",Regular,4 year,"['Economic analysis', 'Quantitative reasoning', 'Data interpretation', 'Critical thinking']","['Economist', 'Financial analyst', 'Policy advisor', 'Business consultant']",PreUG,45.0,45.0,[],0.0897689067703054,0,0,7.100000000000001,
72,B.TECH (CSE-ARTIFI. INTELLIGEN. & MACHINE LEARNING ENGINEERING),UG,Engineering,No specific eligibility requirements are stated.,"This program focuses on the principles of computer science, artificial intelligence, and machine learning. It involves studying algorithms, data structures, and the application of computational methods to solve complex problems. The curriculum emphasizes theoretical foundations and practical implementation in these advanced fields.",Regular,4 year,"['Programming skills', 'Algorithm design', 'Machine learning', 'Data analysis', 'Software development']","['Machine learning engineer', 'AI developer', 'Software architect', 'Data scientist', 'Algorithm designer']",PreUG,,,[],0.0872790962960088,0,0,0.0,
72,B.A.(HONS.)POLITICAL SCIENCE,UG,Humanities,Requires Senior Secondary Examination (10+2) with at least 50% marks.,"This program focuses on the study of political theory, governance, public administration, and political systems. It involves analyzing political structures, ideologies, and the dynamics of political behavior.",Regular,4 year,"['Critical thinking', 'Analytical skills', 'Research methods']","['Civil services officer', 'Political analyst', 'Public administrator']",PreUG,50.0,,[],0.0841570473971621,0,0,2.1000000000000014,
72,B.Tech (CSE- Data Science),UG,Science,No specific eligibility requirements were provided.,"This program focuses on the intersection of Computer Science and Data Science principles. It involves training in computational methods, statistical analysis, and the application of algorithms to large datasets. The curriculum covers theoretical foundations and practical applications in data-driven problem-solving.",Regular,4 year,"['Programming skills', 'Statistical analysis', 'Algorithm design', 'Data manipulation']","['Data Scientist', 'Machine Learning Engineer', 'Software Developer', 'Data Analyst']",PreUG,,,[],0.0832392080167187,0,0,0.0,
73,Bachelor of Arts (Public Administration),UG,Management,Requires Senior Secondary Examination (10+2) with at least 45% aggregate marks.,"This program focuses on the study of public administration, encompassing the principles, policies, and practices of governance. It involves analyzing the structure, function, and operation of public sector organizations and administrative systems. The curriculum develops critical thinking skills related to public policy and administration.",Regular,4 year,"['Policy analysis', 'Administrative principles', 'Public sector management', 'Critical thinking']","['Public administrator', 'Government official', 'Policy analyst', 'Administrative officer']",PreUG,45.0,45.0,[],0.1020340363254716,0,0,28.0,
73,B.TECH -ARTIFICIAL INTELLIGENCE & DATA SCIENCE,UG,Science,No specific eligibility requirements were provided.,"This program focuses on the theoretical foundations and practical applications of Artificial Intelligence and Data Science. It covers the mathematical, statistical, and computational methods required to analyze complex data and develop intelligent systems. The curriculum emphasizes machine learning, algorithms, and data-driven decision making.",Regular,4 year,"['Data analysis', 'Machine learning', 'Programming skills', 'Statistical modeling']","['Data Scientist', 'AI Engineer', 'Machine Learning Specialist', 'Data Analyst']",PreUG,,,[],0.0980554992639447,1,0,0.0,
73,B.Tech (CSE- Data Science),UG,Science,No specific eligibility requirements were provided.,"This program focuses on the intersection of Computer Science and Data Science principles. It involves training in computational methods, statistical analysis, and the application of algorithms to large datasets. The curriculum covers theoretical foundations and practical applications in data-driven problem-solving.",Regular,4 year,"['Programming skills', 'Statistical analysis', 'Algorithm design', 'Data manipulation']","['Data Scientist', 'Machine Learning Engineer', 'Software Developer', 'Data Analyst']",PreUG,,,[],0.0944473438618373,1,0,0.0,
73,B.TECH (CSE-ARTIFI. INTELLIGEN. & MACHINE LEARNING ENGINEERING),UG,Engineering,No specific eligibility requirements are stated.,"This program focuses on the principles of computer science, artificial intelligence, and machine learning. It involves studying algorithms, data structures, and the application of computational methods to solve complex problems. The curriculum emphasizes theoretical foundations and practical implementation in these advanced fields.",Regular,4 year,"['Programming skills', 'Algorithm design', 'Machine learning', 'Data analysis', 'Software development']","['Machine learning engineer', 'AI developer', 'Software architect', 'Data scientist', 'Algorithm designer']",PreUG,,,[],0.0907337983990002,0,0,0.0,
73,Certificate Course in Leadership and Management Skills,UG,Management,Candidates must have passed the Senior Secondary Examination (10+2) with at least 50% marks.,This program focuses on developing essential leadership and management competencies. It covers the foundational principles required for effective organizational leadership and administrative skills.,Regular,6 Months,"['Leadership skills', 'Management principles', 'Organizational skills']","['Team leader', 'Supervisor', 'Administrative assistant']",PreUG,50.0,,[],0.0842802597210991,0,0,23.0,
73,B.A.(HONS.)POLITICAL SCIENCE,UG,Humanities,Requires Senior Secondary Examination (10+2) with at least 50% marks.,"This program focuses on the study of political theory, governance, public administration, and political systems. It involves analyzing political structures, ideologies, and the dynamics of political behavior.",Regular,4 year,"['Critical thinking', 'Analytical skills', 'Research methods']","['Civil services officer', 'Political analyst', 'Public administrator']",PreUG,50.0,,[],0.0830444183984723,0,0,23.0,
73,Bachelor of Science (Physical Sciences),UG,Science,Requires Senior Secondary Examination (10+2) with at least 50% aggregate marks.,"This program focuses on the study of physical sciences, covering fundamental principles of physics, chemistry, and mathematics. It develops analytical and problem-solving skills necessary for understanding the natural world.",Regular,4 year,"['Scientific reasoning', 'Mathematical problem-solving', 'Experimental design', 'Data interpretation']","['Research assistant', 'Laboratory technician', 'Analytical analyst', 'Technical support specialist']",PreUG,50.0,,"['Physical Sciences', 'Science']",0.0795756403746379,1,0,23.0,
74,Bachelor of Science (Maths),UG,Science,Candidates must have passed the Senior Secondary Examination (10+2) with Mathematics as a subject and at least 50% marks.,"This program focuses on the study of mathematical principles, theoretical foundations, and quantitative methods. It develops analytical skills necessary for understanding complex mathematical concepts and problem-solving in various fields.",Regular,4 year,"['Mathematical reasoning', 'Quantitative analysis', 'Problem-solving', 'Abstract thinking']","['Mathematics teacher', 'Data analyst', 'Actuarial science', 'Research assistant']",PreUG,50.0,,"['Mathematics', 'Science']",0.0983509281002606,0,0,34.0,
74,BACHELOR OF BUSINESS ADMINISTRATION (CAM),UG,Management,Requires Senior Secondary Examination (10+2) with at least 50% aggregate marks.,"This program focuses on the fundamental principles and practices of business administration. It covers core concepts in organizational management, finance, marketing, and economics.",Regular,4 year,"['Business principles', 'Financial literacy', 'Organizational management', 'Market analysis']","['Business administrator', 'Management trainee', 'Marketing executive', 'Financial analyst']",PreUG,50.0,,[],0.0862692084581391,0,0,34.0,
74,Bachelor of Science (Statistics),UG,Science,Requires Senior Secondary Examination (10+2) with Mathematics as a subject and at least 50% aggregate marks.,This program focuses on the principles and methods of statistical theory and application. It involves studying mathematical foundations necessary for data analysis and inference. The curriculum covers the theoretical and practical aspects of statistical modeling and data interpretation.,Regular,4 year,"['Mathematical reasoning', 'Data interpretation', 'Statistical modeling', 'Quantitative analysis']","['Data analyst', 'Statistician', 'Research assistant', 'Data scientist']",PreUG,50.0,,"['Mathematics', 'Statistics', 'Science']",0.085365844295337,0,0,34.0,
74,B.SC.(HONS.)ZOOLOGY,UG,Science,Requires Senior Secondary Examination (10+2) with at least 50% aggregate marks.,"The program focuses on the study of zoology, which encompasses the biological sciences of animals. It involves in-depth study of animal physiology, behavior, ecology, and classification.",Regular,4 year,"['Biological classification', 'Animal physiology', 'Ecology principles', 'Data interpretation']","['Zoologist', 'Wildlife researcher', 'Aquaculture specialist', 'Veterinary assistant']",PreUG,50.0,,"['ZOOLOGY', 'Science']",0.0829893871506778,0,0,34.0,
74,Bachelor of Business Administration,UG,Management,Requires Senior Secondary Examination (10+2) with at least 50% aggregate marks.,"This program focuses on the principles and practices of business administration. It covers core concepts in management, finance, marketing, and organizational behavior. The curriculum aims to develop comprehensive business acumen for professional roles.",Regular,4 year,"['Business principles', 'Financial literacy', 'Organizational skills', 'Communication skills']","['Business administrator', 'Management consultant', 'Marketing executive', 'Financial analyst']",PreUG,50.0,,[],0.0816870394556997,0,0,34.0,
74,Bachelor of Science (Physical Sciences),UG,Science,Requires Senior Secondary Examination (10+2) with at least 50% aggregate marks.,"This program focuses on the study of physical sciences, covering fundamental principles of physics, chemistry, and mathematics. It develops analytical and problem-solving skills necessary for understanding the natural world.",Regular,4 year,"['Scientific reasoning', 'Mathematical problem-solving', 'Experimental design', 'Data interpretation']","['Research assistant', 'Laboratory technician', 'Analytical analyst', 'Technical support specialist']",PreUG,50.0,,"['Physical Sciences', 'Science']",0.0773442171524281,0,0,34.0,
74,Bachelor of Commerce,UG,Commerce,Requires Senior Secondary Examination (10+2) with at least 45% aggregate marks.,"This program focuses on the foundational principles of business, economics, and finance. It covers core concepts necessary for understanding commercial operations and market dynamics.",Regular,4 year,"['Business fundamentals', 'Financial accounting', 'Economic principles']","['Accountant', 'Financial analyst', 'Business administrator']",PreUG,45.0,45.0,[],0.0717470817057981,0,0,39.0,
75,Master of Commerce (M.Com.),PG,Commerce,Requires a Bachelor's degree in relevant subjects with a minimum of 45% aggregate marks.,"This program focuses on advanced study in commerce, encompassing financial accounting, taxation, economics, and business management principles. It develops analytical skills necessary for understanding complex business environments and economic systems.",Open and Distance Learning Mode,2 year,"['Financial accounting', 'Economic analysis', 'Business management', 'Data interpretation']","['Accountant', 'Financial analyst', 'Business administrator', 'Management consultant']",UG,45.0,,"['Commerce', 'subjects']",0.164685112127548,1,0,27.90000000000001,
75,M.TECH. COMPUTER SCIENCE AND ENGINEERING (ARTIFICIAL INTELLIGENCE AND MACHINE LEARNING),PG,Engineering,No specific eligibility requirements were provided.,"This program focuses on the theoretical foundations and practical applications of Artificial Intelligence and Machine Learning within the field of Computer Science and Engineering. It covers advanced mathematical, computational, and algorithmic concepts necessary for developing intelligent systems. The curriculum emphasizes the design, implementation, and evaluation of complex ML models.",Regular,2 year,"['Machine learning', 'Algorithm design', 'Programming', 'Data analysis']","['AI Developer', 'Machine Learning Engineer', 'Data Scientist', 'Software Architect']",UG,,,[],0.1084122102316313,0,0,0.0,
75,MBA for Working Professional,PG,Management,No specific eligibility requirements were provided.,"This program focuses on applying management principles to the context of working professionals. It covers core business functions, strategic decision-making, and leadership skills relevant to the contemporary business environment.",Part Time,2 year,"['Business strategy', 'Financial analysis', 'Leadership skills', 'Project management']","['Business manager', 'Consultant', 'Operations executive', 'Marketing specialist']",UG,,,[],0.1067070439503583,0,0,0.0,
75,M.TECH (ARTIFICIAL INTELLIGENCE AND DATA SCIENCE),PG,Science,No specific eligibility requirements were provided.,"This program focuses on the theoretical foundations and practical applications of Artificial Intelligence and Data Science. It involves studying algorithms, statistical methods, and machine learning techniques to analyze complex data and develop intelligent systems.",Regular,2 year,"['Machine learning', 'Data analysis', 'Algorithm design', 'Statistical modeling']","['Data Scientist', 'AI Engineer', 'Machine Learning Specialist', 'Data Analyst']",UG,,,[],0.1040156765204614,0,0,0.0,
75,Master of Arts Economics,PG,Commerce,"Requires a Bachelor's Degree in any discipline with at least 45% aggregate marks or equivalent examination recognized by M.D. University, Rohtak.","This program focuses on the theoretical and applied aspects of economic principles. It involves in-depth study of economic theories, policies, and analytical methods.",Open and Distance Learning Mode,2 year,"['Economic theory', 'Data analysis', 'Policy evaluation', 'Analytical thinking']","['Economic analyst', 'Policy researcher', 'Financial consultant', 'Economist']",UG,45.0,,[],0.0831082075164253,1,0,27.90000000000001,
75,PG Diploma in Data Analytics,PG,Science,Requires a Bachelor's Degree with at least 50% marks in aggregate or equivalent examination recognized by M.D. University Rohtak.,"This program focuses on the principles and techniques of data analysis. It covers methods for collecting, processing, and interpreting large datasets to derive meaningful insights. The curriculum emphasizes statistical foundations and analytical tools relevant to data-driven decision-making.",Regular,1 year,"['Data analysis', 'Statistical methods', 'Data interpretation']","['Data analyst', 'Business intelligence specialist', 'Data visualization expert']",UG,50.0,,"['Data Analytics', 'Mathematics']",0.0740280595688532,0,0,22.90000000000001,
75,MCA for Working Professional,PG,Management,No specific eligibility requirements were provided.,This program focuses on advanced management principles and analytical skills applicable to working professionals. It aims to equip participants with the knowledge necessary to apply business concepts in a professional setting.,Part Time,2 year,"['Business analysis', 'Project management', 'Data interpretation']","['Business analyst', 'Management consultant', 'Project manager']",UG,,,[],0.0625032743576637,0,0,0.0,
76,Master of Commerce (M.Com.),PG,Commerce,Requires a Bachelor's degree in relevant subjects with a minimum of 45% aggregate marks.,"This program focuses on advanced study in commerce, encompassing financial accounting, taxation, economics, and business management principles. It develops analytical skills necessary for understanding complex business environments and economic systems.",Open and Distance Learning Mode,2 year,"['Financial accounting', 'Economic analysis', 'Business management', 'Data interpretation']","['Accountant', 'Financial analyst', 'Business administrator', 'Management consultant']",UG,45.0,,"['Commerce', 'subjects']",0.132727492266965,1,0,30.09999999999999,
76,Master of Arts Public Administration,PG,Management,Requires a Bachelor's Degree in any discipline with at least 45% aggregate marks or equivalent examination recognition.,"This program focuses on the administrative principles, policies, and practices related to public administration. It covers the theoretical foundations and practical applications of governance and public service management.",Open and Distance Learning Mode,2 year,"['Policy analysis', 'Administrative theory', 'Public governance', 'Research skills']","['Public administrator', 'Policy analyst', 'Administrative officer', 'Public sector manager']",UG,45.0,45.0,[],0.0970677609452948,0,0,30.09999999999999,
76,Master of Arts Political Science,PG,Humanities,"Requires a Bachelor's Degree in any discipline with at least 45% aggregate marks or equivalent examination recognized by M.D. University, Rohtak.","This program focuses on the theoretical and analytical study of political systems, governance, and public policy. It involves in-depth exploration of political theory, international relations, and comparative politics.",Open and Distance Learning Mode,2 year,"['Political analysis', 'Theoretical understanding', 'Research skills']","['Policy analyst', 'Political researcher', 'Public administration officer']",UG,45.0,,"['Political Science', 'any', 'course']",0.0860511931883849,0,0,30.09999999999999,
76,MBA for Working Professional,PG,Management,No specific eligibility requirements were provided.,"This program focuses on applying management principles to the context of working professionals. It covers core business functions, strategic decision-making, and leadership skills relevant to the contemporary business environment.",Part Time,2 year,"['Business strategy', 'Financial analysis', 'Leadership skills', 'Project management']","['Business manager', 'Consultant', 'Operations executive', 'Marketing specialist']",UG,,,[],0.0734362101320275,0,0,0.0,
76,Master of Arts Economics,PG,Commerce,"Requires a Bachelor's Degree in any discipline with at least 45% aggregate marks or equivalent examination recognized by M.D. University, Rohtak.","This program focuses on the theoretical and applied aspects of economic principles. It involves in-depth study of economic theories, policies, and analytical methods.",Open and Distance Learning Mode,2 year,"['Economic theory', 'Data analysis', 'Policy evaluation', 'Analytical thinking']","['Economic analyst', 'Policy researcher', 'Financial consultant', 'Economist']",UG,45.0,,[],0.0729232599716323,1,0,30.09999999999999,
76,M.TECH (CIVIL ENGINEERING),PG,Engineering,No specific eligibility requirements were provided.,This program focuses on advanced study in civil engineering principles and design. It covers the theoretical foundations and practical applications necessary for infrastructure development and construction.,Regular,2 year,"['Design principles', 'Structural analysis', 'Material science', 'Project management']","['Structural engineer', 'Infrastructure consultant', 'Civil project manager', 'Design specialist']",UG,,,[],0.0618160958941917,0,0,0.0,
76,Master of Arts Journalism & Mass Communication,PG,Humanities,Requires a Bachelor's Degree in any discipline with at least 45% aggregate marks.,This program focuses on the study of journalism and mass communication principles. It covers the theoretical foundations and practical applications of media and communication practices. The curriculum aims to develop critical understanding of communication processes and media functions.,Open and Distance Learning Mode,2 year,"['Media analysis', 'Communication theory', 'Content creation', 'Research skills']","['Journalist', 'Media producer', 'Communication specialist', 'Content writer']",UG,45.0,,[],0.0596871519395969,0,0,30.09999999999999,
77,M.TECH (ARTIFICIAL INTELLIGENCE AND DATA SCIENCE),PG,Science,No specific eligibility requirements were provided.,"This program focuses on the theoretical foundations and practical applications of Artificial Intelligence and Data Science. It involves studying algorithms, statistical methods, and machine learning techniques to analyze complex data and develop intelligent systems.",Regular,2 year,"['Machine learning', 'Data analysis', 'Algorithm design', 'Statistical modeling']","['Data Scientist', 'AI Engineer', 'Machine Learning Specialist', 'Data Analyst']",UG,,,[],0.142995637134866,0,0,0.0,
77,PG Diploma in Data Analytics,PG,Science,Requires a Bachelor's Degree with at least 50% marks in aggregate or equivalent examination recognized by M.D. University Rohtak.,"This program focuses on the principles and techniques of data analysis. It covers methods for collecting, processing, and interpreting large datasets to derive meaningful insights. The curriculum emphasizes statistical foundations and analytical tools relevant to data-driven decision-making.",Regular,1 year,"['Data analysis', 'Statistical methods', 'Data interpretation']","['Data analyst', 'Business intelligence specialist', 'Data visualization expert']",UG,50.0,,"['Data Analytics', 'Mathematics']",0.123684494324678,0,0,7.700000000000003,
77,M.TECH. COMPUTER SCIENCE AND ENGINEERING (ARTIFICIAL INTELLIGENCE AND MACHINE LEARNING),PG,Engineering,No specific eligibility requirements were provided.,"This program focuses on the theoretical foundations and practical applications of Artificial Intelligence and Machine Learning within the field of Computer Science and Engineering. It covers advanced mathematical, computational, and algorithmic concepts necessary for developing intelligent systems. The curriculum emphasizes the design, implementation, and evaluation of complex ML models.",Regular,2 year,"['Machine learning', 'Algorithm design', 'Programming', 'Data analysis']","['AI Developer', 'Machine Learning Engineer', 'Data Scientist', 'Software Architect']",UG,,,[],0.099862538070184,0,0,0.0,
77,PG Diploma in Computational Biology,PG,Science,"Requires a Bachelor's Degree in Biological Sciences, Computer Science, or allied biological sciences, or equivalent examination recognized by State Universities of Haryana.","This program focuses on the intersection of biology and computation. It involves studying the mathematical and computational methods applied to biological systems and data. The curriculum covers bioinformatics, computational modeling, and biological data analysis.",Regular,1 year,"['Data analysis', 'Computational modeling', 'Bioinformatics', 'Statistical methods']","['Bioinformatics analyst', 'Computational biologist', 'Biomedical data scientist', 'Research assistant']",UG,,,"['Biological Sciences', 'Computer Science', 'Biology', 'Science']",0.0962613652597439,0,0,0.0,
77,M.SC.(BOTANY),PG,Science,Requires a Bachelor's degree in Botany or equivalent with specified subject combinations and minimum marks.,"This program focuses on advanced study in the field of Botany, encompassing theoretical knowledge and practical applications in plant sciences. It involves in-depth exploration of plant biology, ecology, and related biological processes.",Regular,2 year,"['Biological analysis', 'Plant physiology', 'Ecology principles', 'Biological research']","['Botanical researcher', 'Horticultural specialist', 'Environmental consultant', 'Agricultural scientist']",UG,,,"['Botany', 'Science']",0.0890837088780141,0,0,0.0,
77,M.Sc. (ENV. BIOTECHNOLOGY),PG,Science,Requires a Bachelor's degree in any discipline of Science or a B.Tech. in Biotechnology/Environment Engineering with 50% aggregate marks.,This program focuses on the intersection of environmental science and biotechnology. It involves studying the biological and chemical processes related to environmental systems and applying biotechnological principles to solve environmental challenges.,Regular,2 year,"['Environmental analysis', 'Biotechnology principles', 'Scientific research', 'Data interpretation']","['Environmental consultant', 'Bioprocess development', 'Research analyst', 'Environmental scientist']",UG,50.0,,"['Biotechnology', 'Environment Engineering', 'Science']",0.0873597087610057,0,0,7.700000000000003,
77,Master of Arts Public Administration,PG,Management,Requires a Bachelor's Degree in any discipline with at least 45% aggregate marks or equivalent examination recognition.,"This program focuses on the administrative principles, policies, and practices related to public administration. It covers the theoretical foundations and practical applications of governance and public service management.",Open and Distance Learning Mode,2 year,"['Policy analysis', 'Administrative theory', 'Public governance', 'Research skills']","['Public administrator', 'Policy analyst', 'Administrative officer', 'Public sector manager']",UG,45.0,45.0,[],0.0854465712041614,0,0,12.700000000000005,
78,PG Diploma in CyberLaw,PG,Law,"Requires a Bachelor's or Master's degree with at least 45% marks in aggregate or equivalent examination recognized by MDU, Rohtak.",This program focuses on the legal aspects of cyber activities and law. It covers the intersection of technology and legal frameworks relevant to digital environments. The curriculum aims to equip students with knowledge of cyber law principles and regulations.,Regular,1 year,"['Legal analysis', 'Cyber law principles', 'Regulatory compliance']","['Cyber law consultant', 'Legal compliance officer', 'Data privacy lawyer']",UG,45.0,,"['Law', 'CyberLaw']",0.1377644091692926,1,0,35.2,
78,PG Diploma in Cyber Law,PG,Law,"Requires a Bachelor's or Master's degree with at least 45% marks in aggregate or equivalent examination recognized by MDU, Rohtak.","This program focuses on the legal aspects of cyber activities and digital law. It covers the legal frameworks, regulations, and implications related to cyberspace and digital governance. The curriculum aims to equip students with knowledge of cyber law principles and practices.",Regular,1 year,"['Legal analysis', 'Cyber regulation', 'Digital governance']","['Cyber law consultant', 'Legal compliance officer', 'Data privacy lawyer']",UG,45.0,,[],0.1306154474816171,1,0,35.2,
78,PG Diploma in Criminology & Forensic Law,PG,Humanities,"Requires a Bachelor's or Master's degree with at least 45% marks in aggregate or equivalent examination recognized by MDU, Rohtak.","This program focuses on the study of criminal behavior, legal frameworks, and forensic principles. It provides an in-depth understanding of the legal and social aspects related to crime and justice systems.",Regular,1 year,"['Legal analysis', 'Forensic investigation', 'Criminological theory']","['Forensic analyst', 'Legal researcher', 'Law enforcement officer', 'Criminology consultant']",UG,45.0,,"['Criminology', 'Forensic Law', 'Law']",0.0957266013676305,0,0,35.2,
78,PG Diploma in Intellectual Property Rights,PG,Law,Requires a Bachelor's Degree in any discipline with at least 45% aggregate marks.,"This program focuses on the legal and administrative aspects of intellectual property rights. It covers the principles, laws, and procedures related to patents, trademarks, copyrights, and other forms of intellectual property.",Regular,1 year,"['Legal principles', 'IP law', 'Contract drafting', 'Research skills']","['IP legal assistant', 'Patent agent', 'Trademark attorney', 'IP consultant']",UG,45.0,,[],0.0817197240758611,1,0,35.2,
78,M.TECH (ARTIFICIAL INTELLIGENCE AND DATA SCIENCE),PG,Science,No specific eligibility requirements were provided.,"This program focuses on the theoretical foundations and practical applications of Artificial Intelligence and Data Science. It involves studying algorithms, statistical methods, and machine learning techniques to analyze complex data and develop intelligent systems.",Regular,2 year,"['Machine learning', 'Data analysis', 'Algorithm design', 'Statistical modeling']","['Data Scientist', 'AI Engineer', 'Machine Learning Specialist', 'Data Analyst']",UG,,,[],0.0729888811303555,0,0,0.0,
78,M.TECH. COMPUTER SCIENCE AND ENGINEERING (ARTIFICIAL INTELLIGENCE AND MACHINE LEARNING),PG,Engineering,No specific eligibility requirements were provided.,"This program focuses on the theoretical foundations and practical applications of Artificial Intelligence and Machine Learning within the field of Computer Science and Engineering. It covers advanced mathematical, computational, and algorithmic concepts necessary for developing intelligent systems. The curriculum emphasizes the design, implementation, and evaluation of complex ML models.",Regular,2 year,"['Machine learning', 'Algorithm design', 'Programming', 'Data analysis']","['AI Developer', 'Machine Learning Engineer', 'Data Scientist', 'Software Architect']",UG,,,[],0.0714998530435226,0,0,0.0,
78,PG Diploma in Labour Law & Social Welfare,PG,Management,"Requires a Bachelor's or Master's Degree with at least 45% marks in aggregate or equivalent examination recognized by MDU, Rohtak.",This program focuses on the legal framework governing labour relations and social welfare policies. It covers the legal and administrative aspects of employee rights and social security systems.,Regular,1 year,"['Legal analysis', 'Policy understanding', 'Social welfare management']","['Labour law officer', 'Social welfare administrator', 'HR compliance specialist']",UG,45.0,,"['Law', 'Social Welfare', 'Law and Social Welfare']",0.0668334851920607,0,0,35.2,
79,Master of Arts Political Science,PG,Humanities,"Requires a Bachelor's Degree in any discipline with at least 45% aggregate marks or equivalent examination recognized by M.D. University, Rohtak.","This program focuses on the theoretical and analytical study of political systems, governance, and public policy. It involves in-depth exploration of political theory, international relations, and comparative politics.",Open and Distance Learning Mode,2 year,"['Political analysis', 'Theoretical understanding', 'Research skills']","['Policy analyst', 'Political researcher', 'Public administration officer']",UG,45.0,,"['Political Science', 'any', 'course']",0.1327155750827192,1,0,36.400000000000006,
79,Master of Arts Public Administration,PG,Management,Requires a Bachelor's Degree in any discipline with at least 45% aggregate marks or equivalent examination recognition.,"This program focuses on the administrative principles, policies, and practices related to public administration. It covers the theoretical foundations and practical applications of governance and public service management.",Open and Distance Learning Mode,2 year,"['Policy analysis', 'Administrative theory', 'Public governance', 'Research skills']","['Public administrator', 'Policy analyst', 'Administrative officer', 'Public sector manager']",UG,45.0,45.0,[],0.082330366809231,0,0,36.400000000000006,
79,Master of Arts Journalism & Mass Communication,PG,Humanities,Requires a Bachelor's Degree in any discipline with at least 45% aggregate marks.,This program focuses on the study of journalism and mass communication principles. It covers the theoretical foundations and practical applications of media and communication practices. The curriculum aims to develop critical understanding of communication processes and media functions.,Open and Distance Learning Mode,2 year,"['Media analysis', 'Communication theory', 'Content creation', 'Research skills']","['Journalist', 'Media producer', 'Communication specialist', 'Content writer']",UG,45.0,,[],0.0724871751508724,1,0,36.400000000000006,
79,M.TECH (ARTIFICIAL INTELLIGENCE AND DATA SCIENCE),PG,Science,No specific eligibility requirements were provided.,"This program focuses on the theoretical foundations and practical applications of Artificial Intelligence and Data Science. It involves studying algorithms, statistical methods, and machine learning techniques to analyze complex data and develop intelligent systems.",Regular,2 year,"['Machine learning', 'Data analysis', 'Algorithm design', 'Statistical modeling']","['Data Scientist', 'AI Engineer', 'Machine Learning Specialist', 'Data Analyst']",UG,,,[],0.0685410146429039,0,0,0.0,
79,PG Diploma in Computational Biology,PG,Science,"Requires a Bachelor's Degree in Biological Sciences, Computer Science, or allied biological sciences, or equivalent examination recognized by State Universities of Haryana.","This program focuses on the intersection of biology and computation. It involves studying the mathematical and computational methods applied to biological systems and data. The curriculum covers bioinformatics, computational modeling, and biological data analysis.",Regular,1 year,"['Data analysis', 'Computational modeling', 'Bioinformatics', 'Statistical methods']","['Bioinformatics analyst', 'Computational biologist', 'Biomedical data scientist', 'Research assistant']",UG,,,"['Biological Sciences', 'Computer Science', 'Biology', 'Science']",0.0663101692814696,0,0,0.0,
79,MBA for Working Professional,PG,Management,No specific eligibility requirements were provided.,"This program focuses on applying management principles to the context of working professionals. It covers core business functions, strategic decision-making, and leadership skills relevant to the contemporary business environment.",Part Time,2 year,"['Business strategy', 'Financial analysis', 'Leadership skills', 'Project management']","['Business manager', 'Consultant', 'Operations executive', 'Marketing specialist']",UG,,,[],0.0652406999085156,0,0,0.0,
79,Master of Arts Economics,PG,Commerce,"Requires a Bachelor's Degree in any discipline with at least 45% aggregate marks or equivalent examination recognized by M.D. University, Rohtak.","This program focuses on the theoretical and applied aspects of economic principles. It involves in-depth study of economic theories, policies, and analytical methods.",Open and Distance Learning Mode,2 year,"['Economic theory', 'Data analysis', 'Policy evaluation', 'Analytical thinking']","['Economic analyst', 'Policy researcher', 'Financial consultant', 'Economist']",UG,45.0,,[],0.0633828240973677,0,0,36.400000000000006,
80,M.TECH (ARTIFICIAL INTELLIGENCE AND DATA SCIENCE),PG,Science,No specific eligibility requirements were provided.,"This program focuses on the theoretical foundations and practical applications of Artificial Intelligence and Data Science. It involves studying algorithms, statistical methods, and machine learning techniques to analyze complex data and develop intelligent systems.",Regular,2 year,"['Machine learning', 'Data analysis', 'Algorithm design', 'Statistical modeling']","['Data Scientist', 'AI Engineer', 'Machine Learning Specialist', 'Data Analyst']",UG,,,[],0.1634463473960289,0,0,0.0,
80,M.TECH. COMPUTER SCIENCE AND ENGINEERING (ARTIFICIAL INTELLIGENCE AND MACHINE LEARNING),PG,Engineering,No specific eligibility requirements were provided.,"This program focuses on the theoretical foundations and practical applications of Artificial Intelligence and Machine Learning within the field of Computer Science and Engineering. It covers advanced mathematical, computational, and algorithmic concepts necessary for developing intelligent systems. The curriculum emphasizes the design, implementation, and evaluation of complex ML models.",Regular,2 year,"['Machine learning', 'Algorithm design', 'Programming', 'Data analysis']","['AI Developer', 'Machine Learning Engineer', 'Data Scientist', 'Software Architect']",UG,,,[],0.1474368159978489,0,0,0.0,
80,PG Diploma in Data Analytics,PG,Science,Requires a Bachelor's Degree with at least 50% marks in aggregate or equivalent examination recognized by M.D. University Rohtak.,"This program focuses on the principles and techniques of data analysis. It covers methods for collecting, processing, and interpreting large datasets to derive meaningful insights. The curriculum emphasizes statistical foundations and analytical tools relevant to data-driven decision-making.",Regular,1 year,"['Data analysis', 'Statistical methods', 'Data interpretation']","['Data analyst', 'Business intelligence specialist', 'Data visualization expert']",UG,50.0,,"['Data Analytics', 'Mathematics']",0.107427533149795,0,0,1.7999999999999972,
80,M.SC.(BOTANY),PG,Science,Requires a Bachelor's degree in Botany or equivalent with specified subject combinations and minimum marks.,"This program focuses on advanced study in the field of Botany, encompassing theoretical knowledge and practical applications in plant sciences. It involves in-depth exploration of plant biology, ecology, and related biological processes.",Regular,2 year,"['Biological analysis', 'Plant physiology', 'Ecology principles', 'Biological research']","['Botanical researcher', 'Horticultural specialist', 'Environmental consultant', 'Agricultural scientist']",UG,,,"['Botany', 'Science']",0.0842438104041727,0,0,0.0,
80,M.Sc. (ENV. BIOTECHNOLOGY),PG,Science,Requires a Bachelor's degree in any discipline of Science or a B.Tech. in Biotechnology/Environment Engineering with 50% aggregate marks.,This program focuses on the intersection of environmental science and biotechnology. It involves studying the biological and chemical processes related to environmental systems and applying biotechnological principles to solve environmental challenges.,Regular,2 year,"['Environmental analysis', 'Biotechnology principles', 'Scientific research', 'Data interpretation']","['Environmental consultant', 'Bioprocess development', 'Research analyst', 'Environmental scientist']",UG,50.0,,"['Biotechnology', 'Environment Engineering', 'Science']",0.0823983630770484,0,0,1.7999999999999972,
80,Certificate Course in AI and ML in Pharmaceutical Sciences,PG,Science,Candidates must have passed the Senior Secondary Examination (10+2) with at least 50% marks.,"This program focuses on applying Artificial Intelligence and Machine Learning techniques within the context of pharmaceutical sciences. It covers the integration of computational methods to solve complex problems in drug discovery, development, and pharmaceutical research. The curriculum emphasizes the intersection of data science and pharmaceutical knowledge.",Regular,6 Months,"['AI application', 'ML modeling', 'Pharmaceutical data analysis', 'Computational methods']","['AI pharmaceutical analyst', 'ML drug discovery specialist', 'Pharmaceutical data scientist', 'Bioinformatics researcher']",UG,50.0,,[],0.0793026129278228,0,0,1.7999999999999972,
80,M.Sc. (ENVIRONMENTAL SCIENCES),PG,Science,Requires a Bachelor's degree in any discipline of Science or a B.Tech. in Biotechnology/Environment Engineering with 50% aggregate marks.,"This program focuses on the study of environmental systems, processes, and the management of environmental issues. It involves in-depth exploration of ecological principles, pollution control, and sustainable resource management. The curriculum develops analytical and problem-solving skills related to environmental challenges.",Regular,2 year,"['Environmental analysis', 'Systems thinking', 'Pollution control', 'Resource management']","['Environmental consultant', 'Pollution control officer', 'Environmental analyst', 'Sustainability manager']",UG,50.0,,"['Science', 'Biotechnology', 'Environment Engineering', 'Environment Sciences']",0.0725294815241185,0,0,1.7999999999999972,
81,MBA for Working Professional,PG,Management,No specific eligibility requirements were provided.,"This program focuses on applying management principles to the context of working professionals. It covers core business functions, strategic decision-making, and leadership skills relevant to the contemporary business environment.",Part Time,2 year,"['Business strategy', 'Financial analysis', 'Leadership skills', 'Project management']","['Business manager', 'Consultant', 'Operations executive', 'Marketing specialist']",UG,,,[],0.119680129011779,1,0,0.0,
81,MCA,PG,Management,No specific eligibility requirements were provided.,"This program focuses on advanced concepts in management, information systems, and business processes. It provides a comprehensive understanding of organizational behavior, technology application, and strategic decision-making.",Regular,2 year,"['Systems analysis', 'Business strategy', 'Data management', 'Software development']","['Systems analyst', 'Business consultant', 'IT manager', 'Data scientist']",UG,,,[],0.1089542879661212,1,0,0.0,
81,PG Diploma in Computational Biology,PG,Science,"Requires a Bachelor's Degree in Biological Sciences, Computer Science, or allied biological sciences, or equivalent examination recognized by State Universities of Haryana.","This program focuses on the intersection of biology and computation. It involves studying the mathematical and computational methods applied to biological systems and data. The curriculum covers bioinformatics, computational modeling, and biological data analysis.",Regular,1 year,"['Data analysis', 'Computational modeling', 'Bioinformatics', 'Statistical methods']","['Bioinformatics analyst', 'Computational biologist', 'Biomedical data scientist', 'Research assistant']",UG,,,"['Biological Sciences', 'Computer Science', 'Biology', 'Science']",0.0877646172124927,0,0,0.0,
81,MCA for Working Professional,PG,Management,No specific eligibility requirements were provided.,This program focuses on advanced management principles and analytical skills applicable to working professionals. It aims to equip participants with the knowledge necessary to apply business concepts in a professional setting.,Part Time,2 year,"['Business analysis', 'Project management', 'Data interpretation']","['Business analyst', 'Management consultant', 'Project manager']",UG,,,[],0.0813616280754046,1,0,0.0,
81,M.Sc. (BIOINFORMATICS),PG,Science,Bachelor's degree in Biological Sciences or related fields is required.,"This program focuses on the intersection of biology and information technology. It involves studying computational methods and data analysis applied to biological systems. The curriculum covers bioinformatics principles, algorithms, and data interpretation in life sciences.",Regular,2 year,"['Data analysis', 'Bioinformatics tools', 'Computational modeling', 'Biological data interpretation']","['Bioinformatics analyst', 'Computational biologist', 'Biomedical informatics specialist', 'Data scientist in life sciences']",UG,,,"['Biological Sciences', 'BIOINFORMATICS', 'Science']",0.0808758358516412,0,0,0.0,
81,M.TECH (ARTIFICIAL INTELLIGENCE AND DATA SCIENCE),PG,Science,No specific eligibility requirements were provided.,"This program focuses on the theoretical foundations and practical applications of Artificial Intelligence and Data Science. It involves studying algorithms, statistical methods, and machine learning techniques to analyze complex data and develop intelligent systems.",Regular,2 year,"['Machine learning', 'Data analysis', 'Algorithm design', 'Statistical modeling']","['Data Scientist', 'AI Engineer', 'Machine Learning Specialist', 'Data Analyst']",UG,,,[],0.0758869010479844,0,0,0.0,
81,M.TECH. (CYBER FORENSICS AND INFORMATION SECURITY),PG,Science,No specific eligibility requirements were provided.,This program focuses on the principles and practices of digital forensics and information security. It involves studying methods for investigating cyber incidents and protecting information systems from threats.,Regular,2 year,"['Digital investigation', 'Security protocols', 'Data analysis', 'Forensic techniques']","['Cyber security analyst', 'Digital forensics investigator', 'Information security specialist', 'Security consultant']",UG,,,[],0.069715607151536,0,0,0.0,
82,Ph.D (LAW),PhD,Humanities,No specific eligibility requirements were provided.,"This program focuses on advanced theoretical and empirical research within the field of Law. It involves in-depth study of legal principles, systems, and jurisprudence.",Regular,,"['Legal research', 'Critical analysis', 'Legal reasoning']","['Legal scholar', 'Law professor', 'Legal consultant']",PG,,,[],0.1308089618810558,0,0,0.0,
82,Ph.D (Public Administration),PhD,Management,No specific eligibility requirements were provided.,"This program focuses on the theoretical and empirical study of public administration. It involves in-depth research into the policies, organizations, and processes of governance.",Regular,,"['Research skills', 'Policy analysis', 'Critical thinking']","['Public sector management', 'Policy analyst', 'Government administrator']",PG,,,[],0.1103376329918378,0,0,0.0,
82,Ph.D (COMMERCE),PhD,Commerce,No specific eligibility requirements were provided.,"This program focuses on advanced research and scholarly inquiry within the field of Commerce. It involves in-depth study of economic theories, business practices, and financial systems. The curriculum emphasizes critical thinking and original research methodologies.",Regular,,"['Research skills', 'Critical thinking', 'Analytical skills']","['Academic researcher', 'Business consultant', 'Financial analyst']",PG,,,[],0.0901955146043582,0,0,0.0,
82,Ph.D (Management),PhD,Management,No specific eligibility requirements were provided.,"This program focuses on advanced research and theoretical exploration within the field of management. It involves in-depth study of complex organizational theories, practices, and contemporary management challenges. The goal is to develop advanced analytical and critical thinking skills for scholarly contribution.",Regular,,"['Research skills', 'Critical thinking', 'Theoretical analysis']","['Academic researcher', 'Management consultant', 'Senior executive']",PG,,,[],0.0854803929567059,0,0,0.0,
82,Ph.D (Tourism Management),PhD,Management,No specific eligibility requirements were provided.,"This program focuses on advanced research and scholarly inquiry within the field of Tourism Management. It involves in-depth study of theoretical frameworks, contemporary issues, and practical applications related to the tourism sector. The goal is to develop advanced research skills and critical analytical capabilities.",Regular,,"['Research methodology', 'Critical thinking', 'Data analysis']","['Academic researcher', 'Tourism consultant', 'Policy analyst']",PG,,,[],0.085130176785981,0,0,0.0,
82,Ph.D (Hotel Management),PhD,Management,No specific eligibility requirements were provided.,"This program focuses on advanced research and scholarly inquiry within the field of Hotel Management. It involves in-depth study of theoretical frameworks, operational practices, and strategic management principles applied to the hospitality sector. The goal is to develop expertise through original research and critical analysis.",Regular,,"['Research skills', 'Critical thinking', 'Strategic planning']","['Academic researcher', 'Hospitality consultant', 'Hotel management specialist']",PG,,,[],0.0805837395571396,0,0,0.0,
82,Ph.D (BOTANY),PhD,Science,No specific eligibility requirements are provided.,"This program focuses on advanced research within the field of Botany. It involves in-depth study of plant biology, ecology, and related theoretical frameworks. The curriculum emphasizes critical thinking and original scientific inquiry.",Regular,,"['Research skills', 'Critical thinking', 'Scientific inquiry']","['Research scientist', 'Academic researcher', 'Botanist']",PG,,,[],0.0791368884512298,0,0,0.0,
83,M.TECH (ARTIFICIAL INTELLIGENCE AND DATA SCIENCE),PG,Science,No specific eligibility requirements were provided.,"This program focuses on the theoretical foundations and practical applications of Artificial Intelligence and Data Science. It involves studying algorithms, statistical methods, and machine learning techniques to analyze complex data and develop intelligent systems.",Regular,2 year,"['Machine learning', 'Data analysis', 'Algorithm design', 'Statistical modeling']","['Data Scientist', 'AI Engineer', 'Machine Learning Specialist', 'Data Analyst']",UG,,,[],0.0904888159057783,1,0,0.0,
83,Certificate Course in Research Methods in Social Sciences,PG,Humanities,Requires a Bachelor's Degree in any discipline with at least 45% aggregate marks.,"This course focuses on the methodologies and techniques essential for conducting research within the social sciences. It provides students with the foundational knowledge necessary to design, execute, and analyze social science research projects effectively.",Regular,6 Months,"['Research methodology', 'Data collection', 'Statistical analysis', 'Research design']","['Social science researcher', 'Research assistant', 'Data analyst', 'Research practitioner']",UG,45.0,,[],0.082359151618995,0,0,23.90000000000001,
83,Master of Arts Journalism & Mass Communication,PG,Humanities,Requires a Bachelor's Degree in any discipline with at least 45% aggregate marks.,This program focuses on the study of journalism and mass communication principles. It covers the theoretical foundations and practical applications of media and communication practices. The curriculum aims to develop critical understanding of communication processes and media functions.,Open and Distance Learning Mode,2 year,"['Media analysis', 'Communication theory', 'Content creation', 'Research skills']","['Journalist', 'Media producer', 'Communication specialist', 'Content writer']",UG,45.0,,[],0.0809629808081167,0,0,23.90000000000001,
83,Master of Science (Mathematics),PG,Science,Requires a Bachelor's degree in Mathematics or a related subject with at least 50% marks.,"This program focuses on advanced mathematical concepts and theoretical foundations. It involves in-depth study of mathematical theories, problem-solving techniques, and advanced analytical methods.",Open and Distance Learning Mode,2 year,"['Mathematical reasoning', 'Advanced problem-solving', 'Theoretical analysis']","['Mathematical analyst', 'Quantitative researcher', 'Data scientist']",UG,50.0,,"['Mathematics', 'Science']",0.073996642270476,1,0,18.90000000000001,
83,PG Diploma in Data Analytics,PG,Science,Requires a Bachelor's Degree with at least 50% marks in aggregate or equivalent examination recognized by M.D. University Rohtak.,"This program focuses on the principles and techniques of data analysis. It covers methods for collecting, processing, and interpreting large datasets to derive meaningful insights. The curriculum emphasizes statistical foundations and analytical tools relevant to data-driven decision-making.",Regular,1 year,"['Data analysis', 'Statistical methods', 'Data interpretation']","['Data analyst', 'Business intelligence specialist', 'Data visualization expert']",UG,50.0,,"['Data Analytics', 'Mathematics']",0.0733714875787706,1,0,18.90000000000001,
83,Master of Science (Mathematics),PG,Science,Requires a Bachelor's degree in Mathematics or a related subject with at least 50% marks.,"This program focuses on advanced mathematical concepts and theoretical foundations. It involves in-depth study of mathematical theories, problem-solving techniques, and advanced analytical methods.",Open and Distance Learning Mode,2 year,"['Mathematical reasoning', 'Abstract problem-solving', 'Advanced analysis']","['Mathematical analyst', 'Quantitative researcher', 'Data scientist']",UG,50.0,,"['Mathematics', 'Mathematics', 'Mathematics', 'Mathematics', 'Mathematics', 'Mathematics', 'Mathematics']",0.0731589140669142,1,0,18.90000000000001,
83,Master of Commerce (M.Com.),PG,Commerce,Requires a Bachelor's degree in relevant subjects with a minimum of 45% aggregate marks.,"This program focuses on advanced study in commerce, encompassing financial accounting, taxation, economics, and business management principles. It develops analytical skills necessary for understanding complex business environments and economic systems.",Open and Distance Learning Mode,2 year,"['Financial accounting', 'Economic analysis', 'Business management', 'Data interpretation']","['Accountant', 'Financial analyst', 'Business administrator', 'Management consultant']",UG,45.0,,"['Commerce', 'subjects']",0.0714699440993356,0,0,23.90000000000001,
84,M.TECH (ARTIFICIAL INTELLIGENCE AND DATA SCIENCE),PG,Science,No specific eligibility requirements were provided.,"This program focuses on the theoretical foundations and practical applications of Artificial Intelligence and Data Science. It involves studying algorithms, statistical methods, and machine learning techniques to analyze complex data and develop intelligent systems.",Regular,2 year,"['Machine learning', 'Data analysis', 'Algorithm design', 'Statistical modeling']","['Data Scientist', 'AI Engineer', 'Machine Learning Specialist', 'Data Analyst']",UG,,,[],0.1271838376156989,0,0,0.0,
84,M.TECH. COMPUTER SCIENCE AND ENGINEERING (ARTIFICIAL INTELLIGENCE AND MACHINE LEARNING),PG,Engineering,No specific eligibility requirements were provided.,"This program focuses on the theoretical foundations and practical applications of Artificial Intelligence and Machine Learning within the field of Computer Science and Engineering. It covers advanced mathematical, computational, and algorithmic concepts necessary for developing intelligent systems. The curriculum emphasizes the design, implementation, and evaluation of complex ML models.",Regular,2 year,"['Machine learning', 'Algorithm design', 'Programming', 'Data analysis']","['AI Developer', 'Machine Learning Engineer', 'Data Scientist', 'Software Architect']",UG,,,[],0.1202970076717331,1,0,0.0,
84,M.TECH (ELECTRICAL ENGINEERING),PG,Engineering,No specific eligibility requirements were provided.,"This program focuses on advanced study in electrical engineering principles and applications. It involves in-depth exploration of complex systems, circuit theory, and power management concepts. The curriculum aims to develop advanced analytical and design skills in the field.",Regular,2 year,"['Circuit analysis', 'System design', 'Power management', 'Signal processing']","['Electrical engineer', 'Power system analyst', 'Control systems designer', 'Research and development specialist']",UG,,,[],0.1012234610745978,1,0,0.0,
84,M.TECH(COMPUTER SCIENCE&ENGINEERING),PG,Engineering,No specific eligibility requirements were provided.,"This program focuses on advanced study in the core principles of computer science and engineering. It involves in-depth exploration of computational theory, algorithms, and system design. The curriculum aims to develop expertise in complex problem-solving within the field of technology.",Regular,2 year,"['Algorithm design', 'System architecture', 'Programming proficiency', 'Computational theory']","['Software developer', 'Systems architect', 'Data scientist', 'Research engineer']",UG,,,[],0.0940050242073756,1,0,0.0,
84,PG Diploma in Data Analytics,PG,Science,Requires a Bachelor's Degree with at least 50% marks in aggregate or equivalent examination recognized by M.D. University Rohtak.,"This program focuses on the principles and techniques of data analysis. It covers methods for collecting, processing, and interpreting large datasets to derive meaningful insights. The curriculum emphasizes statistical foundations and analytical tools relevant to data-driven decision-making.",Regular,1 year,"['Data analysis', 'Statistical methods', 'Data interpretation']","['Data analyst', 'Business intelligence specialist', 'Data visualization expert']",UG,50.0,,"['Data Analytics', 'Mathematics']",0.0931043236678054,0,0,11.9,
84,M.Sc. (BIOINFORMATICS),PG,Science,Bachelor's degree in Biological Sciences or related fields is required.,"This program focuses on the intersection of biology and information technology. It involves studying computational methods and data analysis applied to biological systems. The curriculum covers bioinformatics principles, algorithms, and data interpretation in life sciences.",Regular,2 year,"['Data analysis', 'Bioinformatics tools', 'Computational modeling', 'Biological data interpretation']","['Bioinformatics analyst', 'Computational biologist', 'Biomedical informatics specialist', 'Data scientist in life sciences']",UG,,,"['Biological Sciences', 'BIOINFORMATICS', 'Science']",0.0888440008466007,0,0,0.0,
84,M.TECH. (COMP. SCIENCE AND ENGG.),PG,Engineering,No specific eligibility requirements are stated.,This program focuses on advanced study in the intersection of computer science and engineering principles. It involves in-depth exploration of theoretical concepts and practical applications within the field.,Regular,2 year,"['Problem-solving', 'Algorithm design', 'Systems analysis', 'Programming proficiency']","['Software developer', 'Systems architect', 'Research engineer', 'IT consultant']",UG,,,[],0.0820637110008993,1,0,0.0,
85,M.TECH. COMPUTER SCIENCE AND ENGINEERING (ARTIFICIAL INTELLIGENCE AND MACHINE LEARNING),PG,Engineering,No specific eligibility requirements were provided.,"This program focuses on the theoretical foundations and practical applications of Artificial Intelligence and Machine Learning within the field of Computer Science and Engineering. It covers advanced mathematical, computational, and algorithmic concepts necessary for developing intelligent systems. The curriculum emphasizes the design, implementation, and evaluation of complex ML models.",Regular,2 year,"['Machine learning', 'Algorithm design', 'Programming', 'Data analysis']","['AI Developer', 'Machine Learning Engineer', 'Data Scientist', 'Software Architect']",UG,,,[],0.1110716479832269,0,0,0.0,
85,M.TECH (ARTIFICIAL INTELLIGENCE AND DATA SCIENCE),PG,Science,No specific eligibility requirements were provided.,"This program focuses on the theoretical foundations and practical applications of Artificial Intelligence and Data Science. It involves studying algorithms, statistical methods, and machine learning techniques to analyze complex data and develop intelligent systems.",Regular,2 year,"['Machine learning', 'Data analysis', 'Algorithm design', 'Statistical modeling']","['Data Scientist', 'AI Engineer', 'Machine Learning Specialist', 'Data Analyst']",UG,,,[],0.1045792055814405,0,0,0.0,
85,Master of Arts Journalism & Mass Communication,PG,Humanities,Requires a Bachelor's Degree in any discipline with at least 45% aggregate marks.,This program focuses on the study of journalism and mass communication principles. It covers the theoretical foundations and practical applications of media and communication practices. The curriculum aims to develop critical understanding of communication processes and media functions.,Open and Distance Learning Mode,2 year,"['Media analysis', 'Communication theory', 'Content creation', 'Research skills']","['Journalist', 'Media producer', 'Communication specialist', 'Content writer']",UG,45.0,,[],0.0999305507146528,0,0,21.40000000000001,
85,Master of Arts Public Administration,PG,Management,Requires a Bachelor's Degree in any discipline with at least 45% aggregate marks or equivalent examination recognition.,"This program focuses on the administrative principles, policies, and practices related to public administration. It covers the theoretical foundations and practical applications of governance and public service management.",Open and Distance Learning Mode,2 year,"['Policy analysis', 'Administrative theory', 'Public governance', 'Research skills']","['Public administrator', 'Policy analyst', 'Administrative officer', 'Public sector manager']",UG,45.0,45.0,[],0.0920592779257436,0,0,21.40000000000001,
85,Master of Arts Political Science,PG,Humanities,"Requires a Bachelor's Degree in any discipline with at least 45% aggregate marks or equivalent examination recognized by M.D. University, Rohtak.","This program focuses on the theoretical and analytical study of political systems, governance, and public policy. It involves in-depth exploration of political theory, international relations, and comparative politics.",Open and Distance Learning Mode,2 year,"['Political analysis', 'Theoretical understanding', 'Research skills']","['Policy analyst', 'Political researcher', 'Public administration officer']",UG,45.0,,"['Political Science', 'any', 'course']",0.0864323149972093,0,0,21.40000000000001,
85,Certificate Course in Research Methods in Social Sciences,PG,Humanities,Requires a Bachelor's Degree in any discipline with at least 45% aggregate marks.,"This course focuses on the methodologies and techniques essential for conducting research within the social sciences. It provides students with the foundational knowledge necessary to design, execute, and analyze social science research projects effectively.",Regular,6 Months,"['Research methodology', 'Data collection', 'Statistical analysis', 'Research design']","['Social science researcher', 'Research assistant', 'Data analyst', 'Research practitioner']",UG,45.0,,[],0.0773259551490678,0,0,21.40000000000001,
85,PG Diploma in Computational Biology,PG,Science,"Requires a Bachelor's Degree in Biological Sciences, Computer Science, or allied biological sciences, or equivalent examination recognized by State Universities of Haryana.","This program focuses on the intersection of biology and computation. It involves studying the mathematical and computational methods applied to biological systems and data. The curriculum covers bioinformatics, computational modeling, and biological data analysis.",Regular,1 year,"['Data analysis', 'Computational modeling', 'Bioinformatics', 'Statistical methods']","['Bioinformatics analyst', 'Computational biologist', 'Biomedical data scientist', 'Research assistant']",UG,,,"['Biological Sciences', 'Computer Science', 'Biology', 'Science']",0.0759978679642281,0,0,0.0,
86,MBA for Working Professional,PG,Management,No specific eligibility requirements were provided.,"This program focuses on applying management principles to the context of working professionals. It covers core business functions, strategic decision-making, and leadership skills relevant to the contemporary business environment.",Part Time,2 year,"['Business strategy', 'Financial analysis', 'Leadership skills', 'Project management']","['Business manager', 'Consultant', 'Operations executive', 'Marketing specialist']",UG,,,[],0.1214840980167066,0,0,0.0,
86,Master of Arts Public Administration,PG,Management,Requires a Bachelor's Degree in any discipline with at least 45% aggregate marks or equivalent examination recognition.,"This program focuses on the administrative principles, policies, and practices related to public administration. It covers the theoretical foundations and practical applications of governance and public service management.",Open and Distance Learning Mode,2 year,"['Policy analysis', 'Administrative theory', 'Public governance', 'Research skills']","['Public administrator', 'Policy analyst', 'Administrative officer', 'Public sector manager']",UG,45.0,45.0,[],0.0864028577764138,0,0,12.1,
86,Master of Commerce (M.Com.),PG,Commerce,Requires a Bachelor's degree in relevant subjects with a minimum of 45% aggregate marks.,"This program focuses on advanced study in commerce, encompassing financial accounting, taxation, economics, and business management principles. It develops analytical skills necessary for understanding complex business environments and economic systems.",Open and Distance Learning Mode,2 year,"['Financial accounting', 'Economic analysis', 'Business management', 'Data interpretation']","['Accountant', 'Financial analyst', 'Business administrator', 'Management consultant']",UG,45.0,,"['Commerce', 'subjects']",0.0855044544884281,0,0,12.1,
86,M.SC.(BOTANY),PG,Science,Requires a Bachelor's degree in Botany or equivalent with specified subject combinations and minimum marks.,"This program focuses on advanced study in the field of Botany, encompassing theoretical knowledge and practical applications in plant sciences. It involves in-depth exploration of plant biology, ecology, and related biological processes.",Regular,2 year,"['Biological analysis', 'Plant physiology', 'Ecology principles', 'Biological research']","['Botanical researcher', 'Horticultural specialist', 'Environmental consultant', 'Agricultural scientist']",UG,,,"['Botany', 'Science']",0.0826259329359337,0,0,0.0,
86,PG Diploma in Data Analytics,PG,Science,Requires a Bachelor's Degree with at least 50% marks in aggregate or equivalent examination recognized by M.D. University Rohtak.,"This program focuses on the principles and techniques of data analysis. It covers methods for collecting, processing, and interpreting large datasets to derive meaningful insights. The curriculum emphasizes statistical foundations and analytical tools relevant to data-driven decision-making.",Regular,1 year,"['Data analysis', 'Statistical methods', 'Data interpretation']","['Data analyst', 'Business intelligence specialist', 'Data visualization expert']",UG,50.0,,"['Data Analytics', 'Mathematics']",0.0735281228452448,0,0,7.100000000000001,
86,Master of Arts Political Science,PG,Humanities,"Requires a Bachelor's Degree in any discipline with at least 45% aggregate marks or equivalent examination recognized by M.D. University, Rohtak.","This program focuses on the theoretical and analytical study of political systems, governance, and public policy. It involves in-depth exploration of political theory, international relations, and comparative politics.",Open and Distance Learning Mode,2 year,"['Political analysis', 'Theoretical understanding', 'Research skills']","['Policy analyst', 'Political researcher', 'Public administration officer']",UG,45.0,,"['Political Science', 'any', 'course']",0.0729736772441339,0,0,12.1,
86,PG Diploma in Computational Biology,PG,Science,"Requires a Bachelor's Degree in Biological Sciences, Computer Science, or allied biological sciences, or equivalent examination recognized by State Universities of Haryana.","This program focuses on the intersection of biology and computation. It involves studying the mathematical and computational methods applied to biological systems and data. The curriculum covers bioinformatics, computational modeling, and biological data analysis.",Regular,1 year,"['Data analysis', 'Computational modeling', 'Bioinformatics', 'Statistical methods']","['Bioinformatics analyst', 'Computational biologist', 'Biomedical data scientist', 'Research assistant']",UG,,,"['Biological Sciences', 'Computer Science', 'Biology', 'Science']",0.0718681685389572,0,0,0.0,
87,M.TECH (INFORMATION TECHNOLOGY),PG,Engineering,No specific eligibility requirements were provided.,This program focuses on advanced study in Information Technology. It covers theoretical foundations and practical applications of computing systems and software development. The curriculum emphasizes problem-solving and system design in the IT domain.,Regular,2 year,"['System design', 'Programming skills', 'Algorithm development', 'Software architecture']","['Software Developer', 'Systems Analyst', 'IT Consultant', 'Data Scientist']",UG,,,[],0.130487066040595,1,0,0.0,
87,M.TECH (ARTIFICIAL INTELLIGENCE AND DATA SCIENCE),PG,Science,No specific eligibility requirements were provided.,"This program focuses on the theoretical foundations and practical applications of Artificial Intelligence and Data Science. It involves studying algorithms, statistical methods, and machine learning techniques to analyze complex data and develop intelligent systems.",Regular,2 year,"['Machine learning', 'Data analysis', 'Algorithm design', 'Statistical modeling']","['Data Scientist', 'AI Engineer', 'Machine Learning Specialist', 'Data Analyst']",UG,,,[],0.1089844031421538,0,0,0.0,
87,M.TECH. COMPUTER SCIENCE AND ENGINEERING (ARTIFICIAL INTELLIGENCE AND MACHINE LEARNING),PG,Engineering,No specific eligibility requirements were provided.,"This program focuses on the theoretical foundations and practical applications of Artificial Intelligence and Machine Learning within the field of Computer Science and Engineering. It covers advanced mathematical, computational, and algorithmic concepts necessary for developing intelligent systems. The curriculum emphasizes the design, implementation, and evaluation of complex ML models.",Regular,2 year,"['Machine learning', 'Algorithm design', 'Programming', 'Data analysis']","['AI Developer', 'Machine Learning Engineer', 'Data Scientist', 'Software Architect']",UG,,,[],0.103921255944975,1,0,0.0,
87,MBA for Working Professional,PG,Management,No specific eligibility requirements were provided.,"This program focuses on applying management principles to the context of working professionals. It covers core business functions, strategic decision-making, and leadership skills relevant to the contemporary business environment.",Part Time,2 year,"['Business strategy', 'Financial analysis', 'Leadership skills', 'Project management']","['Business manager', 'Consultant', 'Operations executive', 'Marketing specialist']",UG,,,[],0.1023160850946017,0,0,0.0,
87,MCA,PG,Management,No specific eligibility requirements were provided.,"This program focuses on advanced concepts in management, information systems, and business processes. It provides a comprehensive understanding of organizational behavior, technology application, and strategic decision-making.",Regular,2 year,"['Systems analysis', 'Business strategy', 'Data management', 'Software development']","['Systems analyst', 'Business consultant', 'IT manager', 'Data scientist']",UG,,,[],0.0814082602637831,0,0,0.0,
87,M.TECH (COMPUTER SCIENCE & TECHNOLOGY),PG,Engineering,No specific eligibility requirements were provided.,"This program focuses on advanced study in the principles and applications of computer science and technology. It involves in-depth exploration of computational theory, algorithms, and system design. The curriculum aims to develop expertise in modern computing systems and software development.",Regular,2 year,"['Algorithm design', 'System architecture', 'Programming proficiency', 'Data structures']","['Software developer', 'Systems analyst', 'AI researcher', 'Technology consultant']",UG,,,[],0.080324592811255,1,0,0.0,
87,M.TECH. (CYBER FORENSICS AND INFORMATION SECURITY),PG,Science,No specific eligibility requirements were provided.,This program focuses on the principles and practices of digital forensics and information security. It involves studying methods for investigating cyber incidents and protecting information systems from threats.,Regular,2 year,"['Digital investigation', 'Security protocols', 'Data analysis', 'Forensic techniques']","['Cyber security analyst', 'Digital forensics investigator', 'Information security specialist', 'Security consultant']",UG,,,[],0.0757957751176196,0,0,0.0,
88,B.TECH (CSE-ARTIFI. INTELLIGEN. & MACHINE LEARNING ENGINEERING),UG,Engineering,No specific eligibility requirements are stated.,"This program focuses on the principles of computer science, artificial intelligence, and machine learning. It involves studying algorithms, data structures, and the application of computational methods to solve complex problems. The curriculum emphasizes theoretical foundations and practical implementation in these advanced fields.",Regular,4 year,"['Programming skills', 'Algorithm design', 'Machine learning', 'Data analysis', 'Software development']","['Machine learning engineer', 'AI developer', 'Software architect', 'Data scientist', 'Algorithm designer']",PreUG,,,[],0.1840737553967988,1,0,0.0,
88,B.TECH -ARTIFICIAL INTELLIGENCE & DATA SCIENCE,UG,Science,No specific eligibility requirements were provided.,"This program focuses on the theoretical foundations and practical applications of Artificial Intelligence and Data Science. It covers the mathematical, statistical, and computational methods required to analyze complex data and develop intelligent systems. The curriculum emphasizes machine learning, algorithms, and data-driven decision making.",Regular,4 year,"['Data analysis', 'Machine learning', 'Programming skills', 'Statistical modeling']","['Data Scientist', 'AI Engineer', 'Machine Learning Specialist', 'Data Analyst']",PreUG,,,[],0.1583888792167613,0,0,0.0,
88,B.TECH (ARTIFICIAL INTELLIGENCE AND MACHINE LEARNING),UG,Engineering,No specific eligibility requirements are stated.,"This program focuses on the theoretical foundations and practical applications of Artificial Intelligence and Machine Learning. It covers algorithms, data structures, and computational methods essential for developing intelligent systems. The curriculum emphasizes problem-solving and model development in the field of computer science.",Regular,4 year,"['Algorithm design', 'Data analysis', 'Programming proficiency', 'Model development']","['Machine Learning Engineer', 'AI Developer', 'Data Scientist', 'Software Developer']",PreUG,,,[],0.1542604589586603,1,0,0.0,
88,B.TECH (COMPUTER SCIENCE & INFORMATION TECHNOLOGY),UG,Engineering,No specific eligibility requirements were provided.,"This program focuses on the theoretical foundations and practical applications of computer science and information technology. It covers algorithms, data structures, programming, and the management of information systems.",Regular,4 year,"['Programming skills', 'Data structures', 'Algorithm design', 'Information systems']","['Software developer', 'Systems analyst', 'Data scientist', 'IT consultant']",PreUG,,,[],0.1334597170873069,1,0,0.0,
88,B.Tech (CSE- Data Science),UG,Science,No specific eligibility requirements were provided.,"This program focuses on the intersection of Computer Science and Data Science principles. It involves training in computational methods, statistical analysis, and the application of algorithms to large datasets. The curriculum covers theoretical foundations and practical applications in data-driven problem-solving.",Regular,4 year,"['Programming skills', 'Statistical analysis', 'Algorithm design', 'Data manipulation']","['Data Scientist', 'Machine Learning Engineer', 'Software Developer', 'Data Analyst']",PreUG,,,[],0.1266454242910124,0,0,0.0,
88,B.TECH. (ARTIFICIAL INTELLIGENCE),UG,Engineering,No specific eligibility requirements were provided.,"This program focuses on the theoretical foundations and practical applications of Artificial Intelligence. It covers algorithms, data structures, and computational methods essential for developing intelligent systems. The curriculum emphasizes problem-solving and the development of intelligent software solutions.",Regular,4 year,"['Algorithm design', 'Programming proficiency', 'Data structures', 'Machine learning', 'Computational thinking']","['AI Developer', 'Machine Learning Engineer', 'Data Scientist', 'Software Developer', 'AI Researcher']",PreUG,,,[],0.1244408852064085,1,0,0.0,
88,B.TECH - ROBOTICS & ARTIFICIAL INTELLIGENCE,UG,Engineering,No specific eligibility requirements were provided.,"This program focuses on the principles and applications of robotics and artificial intelligence. It involves studying the mathematical, computational, and engineering foundations required to design and develop intelligent systems.",Regular,4 year,"['Programming skills', 'Algorithm design', 'System modeling', 'Machine learning', 'Robotics operation']","['AI Developer', 'Robotics Engineer', 'Machine Learning Specialist', 'Software Developer']",PreUG,,,[],0.1161932610444002,1,0,0.0,
89,B.Tech (CSE- Data Science),UG,Science,No specific eligibility requirements were provided.,"This program focuses on the intersection of Computer Science and Data Science principles. It involves training in computational methods, statistical analysis, and the application of algorithms to large datasets. The curriculum covers theoretical foundations and practical applications in data-driven problem-solving.",Regular,4 year,"['Programming skills', 'Statistical analysis', 'Algorithm design', 'Data manipulation']","['Data Scientist', 'Machine Learning Engineer', 'Software Developer', 'Data Analyst']",PreUG,,,[],0.1071061867713669,0,0,0.0,
89,B.TECH -ARTIFICIAL INTELLIGENCE & DATA SCIENCE,UG,Science,No specific eligibility requirements were provided.,"This program focuses on the theoretical foundations and practical applications of Artificial Intelligence and Data Science. It covers the mathematical, statistical, and computational methods required to analyze complex data and develop intelligent systems. The curriculum emphasizes machine learning, algorithms, and data-driven decision making.",Regular,4 year,"['Data analysis', 'Machine learning', 'Programming skills', 'Statistical modeling']","['Data Scientist', 'AI Engineer', 'Machine Learning Specialist', 'Data Analyst']",PreUG,,,[],0.1066334205699446,0,0,0.0,
89,B.TECH (CSE-ARTIFI. INTELLIGEN. & MACHINE LEARNING ENGINEERING),UG,Engineering,No specific eligibility requirements are stated.,"This program focuses on the principles of computer science, artificial intelligence, and machine learning. It involves studying algorithms, data structures, and the application of computational methods to solve complex problems. The curriculum emphasizes theoretical foundations and practical implementation in these advanced fields.",Regular,4 year,"['Programming skills', 'Algorithm design', 'Machine learning', 'Data analysis', 'Software development']","['Machine learning engineer', 'AI developer', 'Software architect', 'Data scientist', 'Algorithm designer']",PreUG,,,[],0.1010759503681727,0,0,0.0,
89,Bachelor of Arts (Public Administration),UG,Management,Requires Senior Secondary Examination (10+2) with at least 45% aggregate marks.,"This program focuses on the study of public administration, encompassing the principles, policies, and practices of governance. It involves analyzing the structure, function, and operation of public sector organizations and administrative systems. The curriculum develops critical thinking skills related to public policy and administration.",Regular,4 year,"['Policy analysis', 'Administrative principles', 'Public sector management', 'Critical thinking']","['Public administrator', 'Government official', 'Policy analyst', 'Administrative officer']",PreUG,45.0,45.0,[],0.0916403544242152,0,0,0.2999999999999971,
89,B.TECH (ARTIFICIAL INTELLIGENCE AND MACHINE LEARNING),UG,Engineering,No specific eligibility requirements are stated.,"This program focuses on the theoretical foundations and practical applications of Artificial Intelligence and Machine Learning. It covers algorithms, data structures, and computational methods essential for developing intelligent systems. The curriculum emphasizes problem-solving and model development in the field of computer science.",Regular,4 year,"['Algorithm design', 'Data analysis', 'Programming proficiency', 'Model development']","['Machine Learning Engineer', 'AI Developer', 'Data Scientist', 'Software Developer']",PreUG,,,[],0.0907784860879599,0,0,0.0,
89,L.L.B. ( Hons.) 5 year Integrated,UG,Humanities,Requires Senior Secondary Examination (10+2) with at least 45% marks.,"This program focuses on the study of law and legal principles. It provides a comprehensive foundation in legal theory, statutes, and legal reasoning. The curriculum covers various branches of law to prepare students for legal practice.",Regular,5 year,"['Legal reasoning', 'Statutory interpretation', 'Legal research']","['Advocate', 'Legal counsel', 'Paralegal specialist']",PreUG,45.0,45.0,[],0.0857135045706059,0,0,0.2999999999999971,
89,LLB (Hons.) 3-Year,UG,Humanities,"Requires a Bachelor's or Master's degree with at least 45% marks in aggregate or equivalent examination recognized by M.D. University, Rohtak.","This program focuses on the study of law, legal principles, and legal systems. It involves in-depth analysis of legal frameworks, jurisprudence, and legal reasoning. The curriculum aims to develop comprehensive legal knowledge and analytical skills.",Regular,3 year,"['Legal analysis', 'Legal reasoning', 'Statutory interpretation', 'Contract law', 'Legal research']","['Advocate', 'Legal counsel', 'Litigation specialist', 'Paralegal', 'Legal researcher']",PreUG,45.0,,[],0.0832941535844615,0,0,0.2999999999999971,
90,Ph.D (VISUAL ARTS),PhD,Humanities,No specific eligibility requirements are provided.,"This program focuses on advanced theoretical and practical investigation within the field of Visual Arts. It involves in-depth study of artistic theory, history, and creative practice. The curriculum emphasizes critical analysis and original artistic creation.",Regular,,"['Art theory', 'Critical analysis', 'Creative practice']","['Art historian', 'Curator', 'Art critic']",PG,,,[],0.1320016896513847,0,0,0.0,
90,Ph.D (COMMERCE),PhD,Commerce,No specific eligibility requirements were provided.,"This program focuses on advanced research and scholarly inquiry within the field of Commerce. It involves in-depth study of economic theories, business practices, and financial systems. The curriculum emphasizes critical thinking and original research methodologies.",Regular,,"['Research skills', 'Critical thinking', 'Analytical skills']","['Academic researcher', 'Business consultant', 'Financial analyst']",PG,,,[],0.0952988751106988,0,0,0.0,
90,Ph.D (E.C.E)-UIET,PhD,Engineering,No specific eligibility requirements are provided.,"This program focuses on advanced research within the field of Electrical and Computer Engineering. It involves in-depth study of theoretical concepts, advanced problem-solving, and original research methodologies.",Regular,,"['Research skills', 'Problem solving', 'Theoretical analysis']","['Research scholar', 'Senior engineer', 'Academic researcher']",PG,,,[],0.0902067441704498,0,0,0.0,
90,Ph.D (CIVIL)-UIET,PhD,Engineering,No specific eligibility requirements are provided.,"This program focuses on advanced research and theoretical study within the field of Civil Engineering. It involves in-depth investigation into complex structural, material, and infrastructure problems.",Regular,,"['Research skills', 'Theoretical analysis', 'Problem-solving']","['Research scholar', 'Senior engineer', 'Academic researcher']",PG,,,[],0.0893593747867877,0,0,0.0,
90,Ph.D (C.S.E)-UIET,PhD,Engineering,No specific eligibility requirements are provided.,"This program focuses on advanced research and scholarly investigation within the field of Computer Science and Engineering. It involves in-depth study of theoretical concepts, advanced algorithms, and novel problem-solving techniques.",Regular,,"['Research skills', 'Algorithm design', 'Problem solving', 'Theoretical analysis']","['Research scholar', 'Senior engineer', 'Academic researcher', 'Consultant']",PG,,,[],0.0888376690542238,0,0,0.0,
90,Ph.D (Electrical Engg.)--UIET,PhD,Engineering,No specific eligibility requirements are provided.,This program focuses on advanced research and theoretical study within the field of Electrical Engineering. It involves in-depth investigation into complex electrical systems and theoretical principles.,Regular,,"['Research skills', 'Theoretical analysis', 'Problem-solving']","['Research scientist', 'Senior engineer', 'Academic researcher']",PG,,,[],0.0872225160212702,0,0,0.0,
90,Ph.D (MECHANICAL ENGG.)-UIET,PhD,Engineering,No specific eligibility requirements are provided.,"This program focuses on advanced theoretical knowledge, research methodologies, and specialized problem-solving within the field of mechanical engineering. It involves in-depth study of complex systems, material science, and design principles.",Regular,,"['Research skills', 'Problem solving', 'Theoretical analysis']","['Research scientist', 'Senior engineer', 'Academic researcher']",PG,,,[],0.0860795531662133,0,0,0.0,
91,B.TECH -ARTIFICIAL INTELLIGENCE & DATA SCIENCE,UG,Science,No specific eligibility requirements were provided.,"This program focuses on the theoretical foundations and practical applications of Artificial Intelligence and Data Science. It covers the mathematical, statistical, and computational methods required to analyze complex data and develop intelligent systems. The curriculum emphasizes machine learning, algorithms, and data-driven decision making.",Regular,4 year,"['Data analysis', 'Machine learning', 'Programming skills', 'Statistical modeling']","['Data Scientist', 'AI Engineer', 'Machine Learning Specialist', 'Data Analyst']",PreUG,,,[],0.1215141853709993,0,0,0.0,
91,B.TECH (ARTIFICIAL INTELLIGENCE AND MACHINE LEARNING),UG,Engineering,No specific eligibility requirements are stated.,"This program focuses on the theoretical foundations and practical applications of Artificial Intelligence and Machine Learning. It covers algorithms, data structures, and computational methods essential for developing intelligent systems. The curriculum emphasizes problem-solving and model development in the field of computer science.",Regular,4 year,"['Algorithm design', 'Data analysis', 'Programming proficiency', 'Model development']","['Machine Learning Engineer', 'AI Developer', 'Data Scientist', 'Software Developer']",PreUG,,,[],0.1199076696685057,0,0,0.0,
91,BACHELOR OF BUSINESS ADMINISTRATION (CAM),UG,Management,Requires Senior Secondary Examination (10+2) with at least 50% aggregate marks.,"This program focuses on the fundamental principles and practices of business administration. It covers core concepts in organizational management, finance, marketing, and economics.",Regular,4 year,"['Business principles', 'Financial literacy', 'Organizational management', 'Market analysis']","['Business administrator', 'Management trainee', 'Marketing executive', 'Financial analyst']",PreUG,50.0,,[],0.1156966908157604,1,0,32.400000000000006,
91,Certificate Course in Leadership and Management Skills,UG,Management,Candidates must have passed the Senior Secondary Examination (10+2) with at least 50% marks.,This program focuses on developing essential leadership and management competencies. It covers the foundational principles required for effective organizational leadership and administrative skills.,Regular,6 Months,"['Leadership skills', 'Management principles', 'Organizational skills']","['Team leader', 'Supervisor', 'Administrative assistant']",PreUG,50.0,,[],0.1125952820803249,1,0,32.400000000000006,
91,B.TECH (CSE-ARTIFI. INTELLIGEN. & MACHINE LEARNING ENGINEERING),UG,Engineering,No specific eligibility requirements are stated.,"This program focuses on the principles of computer science, artificial intelligence, and machine learning. It involves studying algorithms, data structures, and the application of computational methods to solve complex problems. The curriculum emphasizes theoretical foundations and practical implementation in these advanced fields.",Regular,4 year,"['Programming skills', 'Algorithm design', 'Machine learning', 'Data analysis', 'Software development']","['Machine learning engineer', 'AI developer', 'Software architect', 'Data scientist', 'Algorithm designer']",PreUG,,,[],0.111234980988855,0,0,0.0,
91,Bachelor of Arts (Public Administration),UG,Management,Requires Senior Secondary Examination (10+2) with at least 45% aggregate marks.,"This program focuses on the study of public administration, encompassing the principles, policies, and practices of governance. It involves analyzing the structure, function, and operation of public sector organizations and administrative systems. The curriculum develops critical thinking skills related to public policy and administration.",Regular,4 year,"['Policy analysis', 'Administrative principles', 'Public sector management', 'Critical thinking']","['Public administrator', 'Government official', 'Policy analyst', 'Administrative officer']",PreUG,45.0,45.0,[],0.1098988161888478,1,0,37.400000000000006,
91,B.TECH. (ARTIFICIAL INTELLIGENCE),UG,Engineering,No specific eligibility requirements were provided.,"This program focuses on the theoretical foundations and practical applications of Artificial Intelligence. It covers algorithms, data structures, and computational methods essential for developing intelligent systems. The curriculum emphasizes problem-solving and the development of intelligent software solutions.",Regular,4 year,"['Algorithm design', 'Programming proficiency', 'Data structures', 'Machine learning', 'Computational thinking']","['AI Developer', 'Machine Learning Engineer', 'Data Scientist', 'Software Developer', 'AI Researcher']",PreUG,,,[],0.1082673762412222,0,0,0.0,
92,Ph.D (STATISTICS),PhD,Science,No specific eligibility requirements were provided.,"This program focuses on advanced theoretical and applied statistical methods. It involves in-depth study of probability theory, statistical inference, and data modeling techniques. The curriculum emphasizes rigorous mathematical foundations and analytical problem-solving.",Regular,,"['Statistical modeling', 'Data analysis', 'Mathematical reasoning', 'Inferential statistics']","['Research scientist', 'Data analyst', 'Statistician', 'Machine learning specialist']",PG,,,[],0.1268565945643944,1,0,0.0,
92,Ph.D (BIO-INFORMATICS),PhD,Science,No specific eligibility requirements were provided.,This program focuses on the intersection of biology and information science. It involves developing computational methods and theoretical frameworks to analyze complex biological data. The curriculum emphasizes advanced mathematical and computational techniques applied to biological systems.,Regular,,"['Bioinformatics analysis', 'Computational modeling', 'Statistical inference', 'Algorithm development']","['Bioinformatics researcher', 'Computational biologist', 'Data scientist', 'Biomedical informatics specialist']",PG,,,[],0.089395190702519,1,0,0.0,
92,Ph.D (GENETICS),PhD,Science,No specific eligibility requirements were provided.,"This program focuses on advanced theoretical and empirical research within the field of genetics. It involves in-depth study of molecular mechanisms, heredity, and the biological basis of variation.",Regular,,"['Research methodology', 'Molecular biology', 'Statistical analysis']","['Research scientist', 'Geneticist', 'Academic researcher']",PG,,,[],0.0876729598080721,1,0,0.0,
92,Ph.D (CHEMISTRY)-UIET,PhD,Science,No specific eligibility requirements are stated.,"This program focuses on advanced research and theoretical study within the field of Chemistry. It involves in-depth investigation of chemical principles, reactions, and material science. The curriculum emphasizes developing advanced analytical and theoretical problem-solving skills.",Regular,,"['Research skills', 'Analytical thinking', 'Theoretical modeling']","['Research scientist', 'Academic researcher', 'Process development specialist']",PG,,,[],0.0825665767157747,1,0,0.0,
92,Ph.D (COMPUTER SCIENCE & APPLICATION),PhD,Science,No specific eligibility requirements were provided.,"This program focuses on advanced theoretical and applied research within the field of computer science. It involves in-depth study of algorithms, data structures, and computational theory. The curriculum emphasizes developing novel solutions and advancing knowledge in computing.",Regular,,"['Research skills', 'Problem-solving', 'Algorithm design', 'Computational theory']","['Research scientist', 'AI developer', 'Software architect', 'Data scientist']",PG,,,[],0.0814579243517911,1,0,0.0,
92,Ph.D (CHEMISTRY),PhD,Science,No specific eligibility requirements are stated.,"This program focuses on advanced theoretical and experimental research within the field of Chemistry. It involves in-depth study of chemical principles, reaction mechanisms, and the development of new chemical knowledge.",Regular,,"['Research skills', 'Analytical thinking', 'Problem-solving']","['Research scientist', 'Academic researcher', 'Process development specialist']",PG,,,[],0.0781353089806191,1,0,0.0,
92,Ph.D (ZOOLOGY),PhD,Science,No specific eligibility requirements are provided.,"This program focuses on advanced research and scholarly investigation within the field of Zoology. It involves in-depth study of animal biology, behavior, and evolution.",Regular,,"['Research skills', 'Data analysis', 'Experimental design']","['Research scientist', 'Academic researcher', 'Zoologist']",PG,,,[],0.0777291818782527,1,0,0.0,
93,L.L.B. ( Hons.) 5 year Integrated,UG,Humanities,Requires Senior Secondary Examination (10+2) with at least 45% marks.,"This program focuses on the study of law and legal principles. It provides a comprehensive foundation in legal theory, statutes, and legal reasoning. The curriculum covers various branches of law to prepare students for legal practice.",Regular,5 year,"['Legal reasoning', 'Statutory interpretation', 'Legal research']","['Advocate', 'Legal counsel', 'Paralegal specialist']",PreUG,45.0,45.0,[],0.078774935430265,0,0,19.90000000000001,
93,Certificate Course in Leadership and Management Skills,UG,Management,Candidates must have passed the Senior Secondary Examination (10+2) with at least 50% marks.,This program focuses on developing essential leadership and management competencies. It covers the foundational principles required for effective organizational leadership and administrative skills.,Regular,6 Months,"['Leadership skills', 'Management principles', 'Organizational skills']","['Team leader', 'Supervisor', 'Administrative assistant']",PreUG,50.0,,[],0.0762243150279138,0,0,14.900000000000006,
93,LLB (Hons.) 3-Year,UG,Humanities,"Requires a Bachelor's or Master's degree with at least 45% marks in aggregate or equivalent examination recognized by M.D. University, Rohtak.","This program focuses on the study of law, legal principles, and legal systems. It involves in-depth analysis of legal frameworks, jurisprudence, and legal reasoning. The curriculum aims to develop comprehensive legal knowledge and analytical skills.",Regular,3 year,"['Legal analysis', 'Legal reasoning', 'Statutory interpretation', 'Contract law', 'Legal research']","['Advocate', 'Legal counsel', 'Litigation specialist', 'Paralegal', 'Legal researcher']",PreUG,45.0,,[],0.0732115332287331,0,0,19.90000000000001,
93,BACHELOR OF BUSINESS ADMINISTRATION (CAM),UG,Management,Requires Senior Secondary Examination (10+2) with at least 50% aggregate marks.,"This program focuses on the fundamental principles and practices of business administration. It covers core concepts in organizational management, finance, marketing, and economics.",Regular,4 year,"['Business principles', 'Financial literacy', 'Organizational management', 'Market analysis']","['Business administrator', 'Management trainee', 'Marketing executive', 'Financial analyst']",PreUG,50.0,,[],0.0689943735331396,0,0,14.900000000000006,
93,Bachelor of Business Administration,UG,Management,Requires Senior Secondary Examination (10+2) with at least 50% aggregate marks.,"This program focuses on the principles and practices of business administration. It covers core concepts in management, finance, marketing, and organizational behavior. The curriculum aims to develop comprehensive business acumen for professional roles.",Regular,4 year,"['Business principles', 'Financial literacy', 'Organizational skills', 'Communication skills']","['Business administrator', 'Management consultant', 'Marketing executive', 'Financial analyst']",PreUG,50.0,,[],0.0660127184615427,0,0,14.900000000000006,
93,BACHELOR OF COMPUTER APPLICATION (4 YEARS),UG,Engineering,Requires Senior Secondary Examination (10+2) with at least 50% aggregate marks.,"This program focuses on the foundational principles of computer applications and software development. It covers core concepts in programming, data structures, and system design. The curriculum aims to develop analytical and problem-solving skills in computing.",Regular,4 year,"['Programming fundamentals', 'System design', 'Data structures', 'Problem-solving']","['Software developer', 'Application analyst', 'Systems administrator', 'IT consultant']",PreUG,50.0,,"['Computer Application', 'Science']",0.064842096906256,0,0,14.900000000000006,
93,Bachelor of Science (Maths),UG,Science,Candidates must have passed the Senior Secondary Examination (10+2) with Mathematics as a subject and at least 50% marks.,"This program focuses on the study of mathematical principles, theoretical foundations, and quantitative methods. It develops analytical skills necessary for understanding complex mathematical concepts and problem-solving in various fields.",Regular,4 year,"['Mathematical reasoning', 'Quantitative analysis', 'Problem-solving', 'Abstract thinking']","['Mathematics teacher', 'Data analyst', 'Actuarial science', 'Research assistant']",PreUG,50.0,,"['Mathematics', 'Science']",0.0622485541920359,0,0,14.900000000000006,
94,B.TECH -ARTIFICIAL INTELLIGENCE & DATA SCIENCE,UG,Science,No specific eligibility requirements were provided.,"This program focuses on the theoretical foundations and practical applications of Artificial Intelligence and Data Science. It covers the mathematical, statistical, and computational methods required to analyze complex data and develop intelligent systems. The curriculum emphasizes machine learning, algorithms, and data-driven decision making.",Regular,4 year,"['Data analysis', 'Machine learning', 'Programming skills', 'Statistical modeling']","['Data Scientist', 'AI Engineer', 'Machine Learning Specialist', 'Data Analyst']",PreUG,,,[],0.1567079210943405,0,0,0.0,
94,B.TECH (ARTIFICIAL INTELLIGENCE AND MACHINE LEARNING),UG,Engineering,No specific eligibility requirements are stated.,"This program focuses on the theoretical foundations and practical applications of Artificial Intelligence and Machine Learning. It covers algorithms, data structures, and computational methods essential for developing intelligent systems. The curriculum emphasizes problem-solving and model development in the field of computer science.",Regular,4 year,"['Algorithm design', 'Data analysis', 'Programming proficiency', 'Model development']","['Machine Learning Engineer', 'AI Developer', 'Data Scientist', 'Software Developer']",PreUG,,,[],0.1555201611754285,0,0,0.0,
94,B.TECH (CSE-ARTIFI. INTELLIGEN. & MACHINE LEARNING ENGINEERING),UG,Engineering,No specific eligibility requirements are stated.,"This program focuses on the principles of computer science, artificial intelligence, and machine learning. It involves studying algorithms, data structures, and the application of computational methods to solve complex problems. The curriculum emphasizes theoretical foundations and practical implementation in these advanced fields.",Regular,4 year,"['Programming skills', 'Algorithm design', 'Machine learning', 'Data analysis', 'Software development']","['Machine learning engineer', 'AI developer', 'Software architect', 'Data scientist', 'Algorithm designer']",PreUG,,,[],0.1520175946452464,0,0,0.0,
94,BACHELOR OF BUSINESS ADMINISTRATION (CAM),UG,Management,Requires Senior Secondary Examination (10+2) with at least 50% aggregate marks.,"This program focuses on the fundamental principles and practices of business administration. It covers core concepts in organizational management, finance, marketing, and economics.",Regular,4 year,"['Business principles', 'Financial literacy', 'Organizational management', 'Market analysis']","['Business administrator', 'Management trainee', 'Marketing executive', 'Financial analyst']",PreUG,50.0,,[],0.1388448966875426,1,0,-3.200000000000003,
94,B.TECH. (ARTIFICIAL INTELLIGENCE),UG,Engineering,No specific eligibility requirements were provided.,"This program focuses on the theoretical foundations and practical applications of Artificial Intelligence. It covers algorithms, data structures, and computational methods essential for developing intelligent systems. The curriculum emphasizes problem-solving and the development of intelligent software solutions.",Regular,4 year,"['Algorithm design', 'Programming proficiency', 'Data structures', 'Machine learning', 'Computational thinking']","['AI Developer', 'Machine Learning Engineer', 'Data Scientist', 'Software Developer', 'AI Researcher']",PreUG,,,[],0.1363548748913128,0,0,0.0,
94,Bachelor of Business Administration,UG,Management,Requires Senior Secondary Examination (10+2) with at least 50% aggregate marks.,"This program focuses on the principles and practices of business administration. It covers core concepts in management, finance, marketing, and organizational behavior. The curriculum aims to develop comprehensive business acumen for professional roles.",Regular,4 year,"['Business principles', 'Financial literacy', 'Organizational skills', 'Communication skills']","['Business administrator', 'Management consultant', 'Marketing executive', 'Financial analyst']",PreUG,50.0,,[],0.1303626975827666,1,0,-3.200000000000003,
94,Bachelor of Business Administration (BBA),UG,Management,Requires Senior Secondary Examination (10+2) with at least 50% aggregate marks.,"This program focuses on the fundamental principles and practices of business administration. It covers core areas such as management, economics, accounting, and organizational behavior. The curriculum aims to develop comprehensive business acumen and analytical skills.",Regular,4 year,"['Business analysis', 'Financial accounting', 'Organizational behavior', 'Economic principles']","['Business administrator', 'Management trainee', 'Marketing executive', 'Financial analyst']",PreUG,50.0,,[],0.1207196008256249,1,0,-3.200000000000003,
95,Master of Arts Public Administration,PG,Management,Requires a Bachelor's Degree in any discipline with at least 45% aggregate marks or equivalent examination recognition.,"This program focuses on the administrative principles, policies, and practices related to public administration. It covers the theoretical foundations and practical applications of governance and public service management.",Open and Distance Learning Mode,2 year,"['Policy analysis', 'Administrative theory', 'Public governance', 'Research skills']","['Public administrator', 'Policy analyst', 'Administrative officer', 'Public sector manager']",UG,45.0,45.0,[],0.0983477401663513,1,0,40.099999999999994,
95,PG Diploma in Data Analytics,PG,Science,Requires a Bachelor's Degree with at least 50% marks in aggregate or equivalent examination recognized by M.D. University Rohtak.,"This program focuses on the principles and techniques of data analysis. It covers methods for collecting, processing, and interpreting large datasets to derive meaningful insights. The curriculum emphasizes statistical foundations and analytical tools relevant to data-driven decision-making.",Regular,1 year,"['Data analysis', 'Statistical methods', 'Data interpretation']","['Data analyst', 'Business intelligence specialist', 'Data visualization expert']",UG,50.0,,"['Data Analytics', 'Mathematics']",0.0842801748625865,0,0,35.099999999999994,
95,MBA for Working Professional,PG,Management,No specific eligibility requirements were provided.,"This program focuses on applying management principles to the context of working professionals. It covers core business functions, strategic decision-making, and leadership skills relevant to the contemporary business environment.",Part Time,2 year,"['Business strategy', 'Financial analysis', 'Leadership skills', 'Project management']","['Business manager', 'Consultant', 'Operations executive', 'Marketing specialist']",UG,,,[],0.0829451766513366,1,0,0.0,
95,Master of Arts Political Science,PG,Humanities,"Requires a Bachelor's Degree in any discipline with at least 45% aggregate marks or equivalent examination recognized by M.D. University, Rohtak.","This program focuses on the theoretical and analytical study of political systems, governance, and public policy. It involves in-depth exploration of political theory, international relations, and comparative politics.",Open and Distance Learning Mode,2 year,"['Political analysis', 'Theoretical understanding', 'Research skills']","['Policy analyst', 'Political researcher', 'Public administration officer']",UG,45.0,,"['Political Science', 'any', 'course']",0.081597653039473,0,0,40.099999999999994,
95,Master of Arts Economics,PG,Commerce,"Requires a Bachelor's Degree in any discipline with at least 45% aggregate marks or equivalent examination recognized by M.D. University, Rohtak.","This program focuses on the theoretical and applied aspects of economic principles. It involves in-depth study of economic theories, policies, and analytical methods.",Open and Distance Learning Mode,2 year,"['Economic theory', 'Data analysis', 'Policy evaluation', 'Analytical thinking']","['Economic analyst', 'Policy researcher', 'Financial consultant', 'Economist']",UG,45.0,,[],0.0705317717498125,0,0,40.099999999999994,
95,M.TECH (CIVIL ENGINEERING),PG,Engineering,No specific eligibility requirements were provided.,This program focuses on advanced study in civil engineering principles and design. It covers the theoretical foundations and practical applications necessary for infrastructure development and construction.,Regular,2 year,"['Design principles', 'Structural analysis', 'Material science', 'Project management']","['Structural engineer', 'Infrastructure consultant', 'Civil project manager', 'Design specialist']",UG,,,[],0.0670603369846669,0,0,0.0,
95,M.TECH (ARTIFICIAL INTELLIGENCE AND DATA SCIENCE),PG,Science,No specific eligibility requirements were provided.,"This program focuses on the theoretical foundations and practical applications of Artificial Intelligence and Data Science. It involves studying algorithms, statistical methods, and machine learning techniques to analyze complex data and develop intelligent systems.",Regular,2 year,"['Machine learning', 'Data analysis', 'Algorithm design', 'Statistical modeling']","['Data Scientist', 'AI Engineer', 'Machine Learning Specialist', 'Data Analyst']",UG,,,[],0.0639831825545475,0,0,0.0,
96,Certificate Course in Research Methods in Social Sciences,PG,Humanities,Requires a Bachelor's Degree in any discipline with at least 45% aggregate marks.,"This course focuses on the methodologies and techniques essential for conducting research within the social sciences. It provides students with the foundational knowledge necessary to design, execute, and analyze social science research projects effectively.",Regular,6 Months,"['Research methodology', 'Data collection', 'Statistical analysis', 'Research design']","['Social science researcher', 'Research assistant', 'Data analyst', 'Research practitioner']",UG,45.0,,[],0.0986964713141591,0,0,19.5,
96,M.Sc. (ENV. BIOTECHNOLOGY),PG,Science,Requires a Bachelor's degree in any discipline of Science or a B.Tech. in Biotechnology/Environment Engineering with 50% aggregate marks.,This program focuses on the intersection of environmental science and biotechnology. It involves studying the biological and chemical processes related to environmental systems and applying biotechnological principles to solve environmental challenges.,Regular,2 year,"['Environmental analysis', 'Biotechnology principles', 'Scientific research', 'Data interpretation']","['Environmental consultant', 'Bioprocess development', 'Research analyst', 'Environmental scientist']",UG,50.0,,"['Biotechnology', 'Environment Engineering', 'Science']",0.0945061643969121,1,0,14.5,
96,PG Diploma in Computational Biology,PG,Science,"Requires a Bachelor's Degree in Biological Sciences, Computer Science, or allied biological sciences, or equivalent examination recognized by State Universities of Haryana.","This program focuses on the intersection of biology and computation. It involves studying the mathematical and computational methods applied to biological systems and data. The curriculum covers bioinformatics, computational modeling, and biological data analysis.",Regular,1 year,"['Data analysis', 'Computational modeling', 'Bioinformatics', 'Statistical methods']","['Bioinformatics analyst', 'Computational biologist', 'Biomedical data scientist', 'Research assistant']",UG,,,"['Biological Sciences', 'Computer Science', 'Biology', 'Science']",0.0819067430276404,1,0,0.0,
96,PG Diploma in Data Analytics,PG,Science,Requires a Bachelor's Degree with at least 50% marks in aggregate or equivalent examination recognized by M.D. University Rohtak.,"This program focuses on the principles and techniques of data analysis. It covers methods for collecting, processing, and interpreting large datasets to derive meaningful insights. The curriculum emphasizes statistical foundations and analytical tools relevant to data-driven decision-making.",Regular,1 year,"['Data analysis', 'Statistical methods', 'Data interpretation']","['Data analyst', 'Business intelligence specialist', 'Data visualization expert']",UG,50.0,,"['Data Analytics', 'Mathematics']",0.0800242728082534,1,0,14.5,
96,M.Sc. (ENVIRONMENTAL SCIENCES),PG,Science,Requires a Bachelor's degree in any discipline of Science or a B.Tech. in Biotechnology/Environment Engineering with 50% aggregate marks.,"This program focuses on the study of environmental systems, processes, and the management of environmental issues. It involves in-depth exploration of ecological principles, pollution control, and sustainable resource management. The curriculum develops analytical and problem-solving skills related to environmental challenges.",Regular,2 year,"['Environmental analysis', 'Systems thinking', 'Pollution control', 'Resource management']","['Environmental consultant', 'Pollution control officer', 'Environmental analyst', 'Sustainability manager']",UG,50.0,,"['Science', 'Biotechnology', 'Environment Engineering', 'Environment Sciences']",0.077102635865772,1,0,14.5,
96,M.TECH (ARTIFICIAL INTELLIGENCE AND DATA SCIENCE),PG,Science,No specific eligibility requirements were provided.,"This program focuses on the theoretical foundations and practical applications of Artificial Intelligence and Data Science. It involves studying algorithms, statistical methods, and machine learning techniques to analyze complex data and develop intelligent systems.",Regular,2 year,"['Machine learning', 'Data analysis', 'Algorithm design', 'Statistical modeling']","['Data Scientist', 'AI Engineer', 'Machine Learning Specialist', 'Data Analyst']",UG,,,[],0.0725460968078488,1,0,0.0,
96,M.Sc. (BIOINFORMATICS),PG,Science,Bachelor's degree in Biological Sciences or related fields is required.,"This program focuses on the intersection of biology and information technology. It involves studying computational methods and data analysis applied to biological systems. The curriculum covers bioinformatics principles, algorithms, and data interpretation in life sciences.",Regular,2 year,"['Data analysis', 'Bioinformatics tools', 'Computational modeling', 'Biological data interpretation']","['Bioinformatics analyst', 'Computational biologist', 'Biomedical informatics specialist', 'Data scientist in life sciences']",UG,,,"['Biological Sciences', 'BIOINFORMATICS', 'Science']",0.0591999287937363,1,0,0.0,
97,Master of Commerce (M.Com.),PG,Commerce,Requires a Bachelor's degree in relevant subjects with a minimum of 45% aggregate marks.,"This program focuses on advanced study in commerce, encompassing financial accounting, taxation, economics, and business management principles. It develops analytical skills necessary for understanding complex business environments and economic systems.",Open and Distance Learning Mode,2 year,"['Financial accounting', 'Economic analysis', 'Business management', 'Data interpretation']","['Accountant', 'Financial analyst', 'Business administrator', 'Management consultant']",UG,45.0,,"['Commerce', 'subjects']",0.0907654656685555,0,0,11.1,
97,Certificate Course in Research Methods in Social Sciences,PG,Humanities,Requires a Bachelor's Degree in any discipline with at least 45% aggregate marks.,"This course focuses on the methodologies and techniques essential for conducting research within the social sciences. It provides students with the foundational knowledge necessary to design, execute, and analyze social science research projects effectively.",Regular,6 Months,"['Research methodology', 'Data collection', 'Statistical analysis', 'Research design']","['Social science researcher', 'Research assistant', 'Data analyst', 'Research practitioner']",UG,45.0,,[],0.0685339297002858,0,0,11.1,
97,M.TECH (TEXTILE CHEMISTRY),PG,Science,No specific eligibility requirements are stated.,"This program focuses on the chemical processes and materials involved in the textile industry. It covers the fundamental science behind fiber formation, processing, and material development. The curriculum emphasizes the application of chemical principles to textile science.",Regular,2 year,"['Chemical analysis', 'Material science', 'Process optimization', 'Textile chemistry']","['Textile R&D Scientist', 'Material development engineer', 'Process chemist', 'Quality control specialist']",UG,,,[],0.0679992717274897,1,0,0.0,
97,M.TECH (ARTIFICIAL INTELLIGENCE AND DATA SCIENCE),PG,Science,No specific eligibility requirements were provided.,"This program focuses on the theoretical foundations and practical applications of Artificial Intelligence and Data Science. It involves studying algorithms, statistical methods, and machine learning techniques to analyze complex data and develop intelligent systems.",Regular,2 year,"['Machine learning', 'Data analysis', 'Algorithm design', 'Statistical modeling']","['Data Scientist', 'AI Engineer', 'Machine Learning Specialist', 'Data Analyst']",UG,,,[],0.0601966222967559,1,0,0.0,
97,PG Diploma in Computational Biology,PG,Science,"Requires a Bachelor's Degree in Biological Sciences, Computer Science, or allied biological sciences, or equivalent examination recognized by State Universities of Haryana.","This program focuses on the intersection of biology and computation. It involves studying the mathematical and computational methods applied to biological systems and data. The curriculum covers bioinformatics, computational modeling, and biological data analysis.",Regular,1 year,"['Data analysis', 'Computational modeling', 'Bioinformatics', 'Statistical methods']","['Bioinformatics analyst', 'Computational biologist', 'Biomedical data scientist', 'Research assistant']",UG,,,"['Biological Sciences', 'Computer Science', 'Biology', 'Science']",0.0588586767251424,1,0,0.0,
97,PG Diploma in Data Analytics,PG,Science,Requires a Bachelor's Degree with at least 50% marks in aggregate or equivalent examination recognized by M.D. University Rohtak.,"This program focuses on the principles and techniques of data analysis. It covers methods for collecting, processing, and interpreting large datasets to derive meaningful insights. The curriculum emphasizes statistical foundations and analytical tools relevant to data-driven decision-making.",Regular,1 year,"['Data analysis', 'Statistical methods', 'Data interpretation']","['Data analyst', 'Business intelligence specialist', 'Data visualization expert']",UG,50.0,,"['Data Analytics', 'Mathematics']",0.0564679851172624,1,0,6.100000000000001,
97,M.TECH. (CYBER FORENSICS AND INFORMATION SECURITY),PG,Science,No specific eligibility requirements were provided.,This program focuses on the principles and practices of digital forensics and information security. It involves studying methods for investigating cyber incidents and protecting information systems from threats.,Regular,2 year,"['Digital investigation', 'Security protocols', 'Data analysis', 'Forensic techniques']","['Cyber security analyst', 'Digital forensics investigator', 'Information security specialist', 'Security consultant']",UG,,,[],0.0551199473944818,1,0,0.0,
98,Bachelor of Fine Arts (Painting),UG,Humanities,Requires Senior Secondary Examination (10+2) with at least 50% aggregate marks.,"This program focuses on the artistic principles, techniques, and history of visual arts, with a specific emphasis on painting. Students develop critical thinking and creative expression through various artistic disciplines.",Regular,4 year,"['Artistic expression', 'Visual analysis', 'Creative design']","['Fine artist', 'Art educator', 'Visual communicator']",PreUG,50.0,,[],0.1639285617955837,0,0,22.200000000000003,
98,B.TECH -ARTIFICIAL INTELLIGENCE & DATA SCIENCE,UG,Science,No specific eligibility requirements were provided.,"This program focuses on the theoretical foundations and practical applications of Artificial Intelligence and Data Science. It covers the mathematical, statistical, and computational methods required to analyze complex data and develop intelligent systems. The curriculum emphasizes machine learning, algorithms, and data-driven decision making.",Regular,4 year,"['Data analysis', 'Machine learning', 'Programming skills', 'Statistical modeling']","['Data Scientist', 'AI Engineer', 'Machine Learning Specialist', 'Data Analyst']",PreUG,,,[],0.1374750535300258,0,0,0.0,
98,B.TECH (ARTIFICIAL INTELLIGENCE AND MACHINE LEARNING),UG,Engineering,No specific eligibility requirements are stated.,"This program focuses on the theoretical foundations and practical applications of Artificial Intelligence and Machine Learning. It covers algorithms, data structures, and computational methods essential for developing intelligent systems. The curriculum emphasizes problem-solving and model development in the field of computer science.",Regular,4 year,"['Algorithm design', 'Data analysis', 'Programming proficiency', 'Model development']","['Machine Learning Engineer', 'AI Developer', 'Data Scientist', 'Software Developer']",PreUG,,,[],0.1356736555649096,0,0,0.0,
98,B.TECH. (ARTIFICIAL INTELLIGENCE),UG,Engineering,No specific eligibility requirements were provided.,"This program focuses on the theoretical foundations and practical applications of Artificial Intelligence. It covers algorithms, data structures, and computational methods essential for developing intelligent systems. The curriculum emphasizes problem-solving and the development of intelligent software solutions.",Regular,4 year,"['Algorithm design', 'Programming proficiency', 'Data structures', 'Machine learning', 'Computational thinking']","['AI Developer', 'Machine Learning Engineer', 'Data Scientist', 'Software Developer', 'AI Researcher']",PreUG,,,[],0.1270413918743537,0,0,0.0,
98,Bachelor of Fine Arts (Painting),UG,Humanities,Requires Senior Secondary Examination (10+2) with at least 45% aggregate marks.,"This program focuses on the artistic principles, techniques, and history of painting. It develops creative expression and visual literacy through various artistic disciplines. The curriculum emphasizes aesthetic understanding and creative practice.",Regular,4 year,"['Artistic expression', 'Visual literacy', 'Creative practice']","['Fine artist', 'Art educator', 'Art therapist']",PreUG,45.0,45.0,[],0.1196918080718554,0,0,27.200000000000003,
98,B.TECH (CSE-ARTIFI. INTELLIGEN. & MACHINE LEARNING ENGINEERING),UG,Engineering,No specific eligibility requirements are stated.,"This program focuses on the principles of computer science, artificial intelligence, and machine learning. It involves studying algorithms, data structures, and the application of computational methods to solve complex problems. The curriculum emphasizes theoretical foundations and practical implementation in these advanced fields.",Regular,4 year,"['Programming skills', 'Algorithm design', 'Machine learning', 'Data analysis', 'Software development']","['Machine learning engineer', 'AI developer', 'Software architect', 'Data scientist', 'Algorithm designer']",PreUG,,,[],0.1191335745092598,0,0,0.0,
98,B.TECH - ROBOTICS & ARTIFICIAL INTELLIGENCE,UG,Engineering,No specific eligibility requirements were provided.,"This program focuses on the principles and applications of robotics and artificial intelligence. It involves studying the mathematical, computational, and engineering foundations required to design and develop intelligent systems.",Regular,4 year,"['Programming skills', 'Algorithm design', 'System modeling', 'Machine learning', 'Robotics operation']","['AI Developer', 'Robotics Engineer', 'Machine Learning Specialist', 'Software Developer']",PreUG,,,[],0.1057963867796492,0,0,0.0,
99,B.A.(HONS.)POLITICAL SCIENCE,UG,Humanities,Requires Senior Secondary Examination (10+2) with at least 50% marks.,"This program focuses on the study of political theory, governance, public administration, and political systems. It involves analyzing political structures, ideologies, and the dynamics of political behavior.",Regular,4 year,"['Critical thinking', 'Analytical skills', 'Research methods']","['Civil services officer', 'Political analyst', 'Public administrator']",PreUG,50.0,,[],0.1139732075017386,1,0,10.700000000000005,
99,Certificate Course in Leadership and Management Skills,UG,Management,Candidates must have passed the Senior Secondary Examination (10+2) with at least 50% marks.,This program focuses on developing essential leadership and management competencies. It covers the foundational principles required for effective organizational leadership and administrative skills.,Regular,6 Months,"['Leadership skills', 'Management principles', 'Organizational skills']","['Team leader', 'Supervisor', 'Administrative assistant']",PreUG,50.0,,[],0.1010322348033235,0,0,10.700000000000005,
99,Bachelor of Arts (Economics),UG,Commerce,Requires Senior Secondary Examination (10+2) with at least 45% aggregate marks.,"This program focuses on the study of economic principles, theories, and methods. It involves analyzing economic systems, markets, and policy implications across various sectors. The curriculum develops critical thinking and analytical skills related to economic phenomena.",Regular,4 year,"['Economic analysis', 'Quantitative reasoning', 'Data interpretation', 'Critical thinking']","['Economist', 'Financial analyst', 'Policy advisor', 'Business consultant']",PreUG,45.0,45.0,[],0.0976165205686847,0,0,15.700000000000005,
99,Bachelor of Arts,UG,Humanities,Must have passed a relevant examination with at least 33% aggregate marks for admission.,"This program focuses on the study of humanities disciplines. It involves exploring various aspects of human culture, society, and thought. The curriculum aims to develop critical thinking and broad knowledge.",Open and Distance Learning Mode,3 year,"['Critical thinking', 'Communication skills', 'Research skills']","['Academic researcher', 'Content writer', 'Administrative assistant', 'Public relations specialist']",PreUG,33.0,,[],0.0953222896057551,1,0,27.700000000000003,
99,Bachelor of Arts (History),UG,Humanities,Requires Senior Secondary Examination (10+2) with at least 50% aggregate marks.,"This program focuses on the study of historical events, societies, and cultures. It involves critical analysis of primary and secondary sources to understand the evolution of human history and social structures. The curriculum emphasizes historical interpretation and contextual understanding.",Regular,4 year,"['Historical analysis', 'Source evaluation', 'Critical thinking', 'Research skills']","['Historian', 'Archivist', 'Curriculum developer', 'Academic researcher']",PreUG,50.0,,[],0.0895902610666579,1,0,10.700000000000005,
99,Bachelor of Arts (Multidisciplinary),UG,Humanities,Requires Senior Secondary Examination (10+2) with at least 50% aggregate marks.,"This program focuses on a multidisciplinary approach, integrating knowledge from various academic disciplines. It aims to develop broad intellectual skills and critical thinking across diverse subject areas.",Regular,4 year,"['Critical thinking', 'Interdisciplinary study', 'Communication skills']","['Generalist roles', 'Educational roles', 'Administrative positions']",PreUG,50.0,,[],0.0854759421502653,1,0,10.700000000000005,
99,BACHELOR OF BUSINESS ADMINISTRATION (CAM),UG,Management,Requires Senior Secondary Examination (10+2) with at least 50% aggregate marks.,"This program focuses on the fundamental principles and practices of business administration. It covers core concepts in organizational management, finance, marketing, and economics.",Regular,4 year,"['Business principles', 'Financial literacy', 'Organizational management', 'Market analysis']","['Business administrator', 'Management trainee', 'Marketing executive', 'Financial analyst']",PreUG,50.0,,[],0.0800504686813604,0,0,10.700000000000005,
100,Ph.D (E.C.E)-UIET,PhD,Engineering,No specific eligibility requirements are provided.,"This program focuses on advanced research within the field of Electrical and Computer Engineering. It involves in-depth study of theoretical concepts, advanced problem-solving, and original research methodologies.",Regular,,"['Research skills', 'Problem solving', 'Theoretical analysis']","['Research scholar', 'Senior engineer', 'Academic researcher']",PG,,,[],0.1069693265613475,0,0,0.0,
100,Ph.D (COMMERCE),PhD,Commerce,No specific eligibility requirements were provided.,"This program focuses on advanced research and scholarly inquiry within the field of Commerce. It involves in-depth study of economic theories, business practices, and financial systems. The curriculum emphasizes critical thinking and original research methodologies.",Regular,,"['Research skills', 'Critical thinking', 'Analytical skills']","['Academic researcher', 'Business consultant', 'Financial analyst']",PG,,,[],0.1028643045341685,0,0,0.0,
100,Ph.D (C.S.E)-UIET,PhD,Engineering,No specific eligibility requirements are provided.,"This program focuses on advanced research and scholarly investigation within the field of Computer Science and Engineering. It involves in-depth study of theoretical concepts, advanced algorithms, and novel problem-solving techniques.",Regular,,"['Research skills', 'Algorithm design', 'Problem solving', 'Theoretical analysis']","['Research scholar', 'Senior engineer', 'Academic researcher', 'Consultant']",PG,,,[],0.0988786537838469,0,0,0.0,
100,Ph.D (JOURNALISM & MASS COMMUNICATION),PhD,Humanities,Specific eligibility requirements are not provided.,"This program focuses on advanced research and critical analysis within the fields of journalism and mass communication. It involves in-depth study of communication theories, media practices, and societal impact. The curriculum emphasizes theoretical understanding and original scholarly contribution.",Regular,,"['Research skills', 'Critical analysis', 'Media theory', 'Communication strategy']","['Academic researcher', 'Media analyst', 'Communications specialist', 'Journalist']",PG,,,[],0.0949995203799081,1,0,0.0,
100,Ph.D (MECHANICAL ENGG.)-UIET,PhD,Engineering,No specific eligibility requirements are provided.,"This program focuses on advanced theoretical knowledge, research methodologies, and specialized problem-solving within the field of mechanical engineering. It involves in-depth study of complex systems, material science, and design principles.",Regular,,"['Research skills', 'Problem solving', 'Theoretical analysis']","['Research scientist', 'Senior engineer', 'Academic researcher']",PG,,,[],0.0939661031262912,0,0,0.0,
100,Ph.D (HISTORY),PhD,Humanities,No specific eligibility requirements are provided.,"This program focuses on advanced scholarly research within the field of History. It involves in-depth study of historical sources, critical analysis of past events, and the development of original historical scholarship.",Regular,,"['Historical research', 'Critical analysis', 'Source evaluation']","['Academic researcher', 'Historian', 'Archivist']",PG,,,[],0.0912113641913745,1,0,0.0,
100,Ph.D (STATISTICS),PhD,Science,No specific eligibility requirements were provided.,"This program focuses on advanced theoretical and applied statistical methods. It involves in-depth study of probability theory, statistical inference, and data modeling techniques. The curriculum emphasizes rigorous mathematical foundations and analytical problem-solving.",Regular,,"['Statistical modeling', 'Data analysis', 'Mathematical reasoning', 'Inferential statistics']","['Research scientist', 'Data analyst', 'Statistician', 'Machine learning specialist']",PG,,,[],0.0873579019717256,0,0,0.0,
